v -0.022493768483400345 -0.8071900606155396 -0.17942459881305695
v -0.027758151292800903 -0.7931684255599976 -0.1850588619709015
v -0.015891877934336662 -0.7905678749084473 -0.1793331354856491
v -0.010151353664696217 -0.8010748028755188 -0.17094260454177856
v -0.01915210857987404 -0.7810485363006592 -0.18439266085624695
v -0.029665250331163406 -0.781885027885437 -0.1884048730134964
v -0.007419510744512081 -0.7849680185317993 -0.1717267483472824
v -0.0021962206810712814 -0.7925889492034912 -0.1620934009552002
v 0.002826937474310398 -0.7517424821853638 -0.16461431980133057
v 0.008009594865143299 -0.7481746673583984 -0.15624618530273438
v 0.005913241766393185 -0.7594571709632874 -0.1571299284696579
v 0.0008023991249501705 -0.7599868774414062 -0.1650315225124359
v 0.004075849894434214 -0.7271208763122559 -0.16062012314796448
v -0.002074719872325659 -0.7182769775390625 -0.16735781729221344
v 0.0014393324963748455 -0.7104852795600891 -0.15815459191799164
v 0.00666164280846715 -0.7188653945922852 -0.15050993859767914
v -0.03454616665840149 -0.7265961170196533 -0.18350790441036224
v -0.029050348326563835 -0.7215390205383301 -0.1831296980381012
v -0.026081908494234085 -0.7279366850852966 -0.18324224650859833
v -0.032108355313539505 -0.732426643371582 -0.18311560153961182
v -0.04428350552916527 -0.7340565919876099 -0.1872849315404892
v -0.04337005689740181 -0.7396630644798279 -0.184640571475029
v -0.04880274832248688 -0.742377519607544 -0.18823589384555817
v -0.04931940883398056 -0.736079216003418 -0.19178539514541626
v -0.038760583847761154 -0.7209981083869934 -0.1823323667049408
v -0.03276593238115311 -0.7158787250518799 -0.18148913979530334
v -0.03932364657521248 -0.730989933013916 -0.18416431546211243
v -0.04114113375544548 -0.7264519929885864 -0.18517306447029114
v -0.04500928521156311 -0.719634473323822 -0.1931668519973755
v -0.04410872235894203 -0.7241936326026917 -0.19235241413116455
v -0.04825705662369728 -0.7247344255447388 -0.19802451133728027
v -0.048367734998464584 -0.7196217775344849 -0.1969132125377655
v -0.040811292827129364 -0.7202974557876587 -0.18555423617362976
v -0.04149915277957916 -0.7225931882858276 -0.18805459141731262
v -0.043324943631887436 -0.7187259197235107 -0.1896194964647293
v -0.04336908832192421 -0.7169144749641418 -0.1863635927438736
v -0.04549800977110863 -0.7295076847076416 -0.18909847736358643
v -0.04933731630444527 -0.7306063175201416 -0.19496378302574158
v -0.053777679800987244 -0.7311673760414124 -0.20024780929088593
v -0.05273231863975525 -0.7238116264343262 -0.20311011373996735
v -0.01782938838005066 -0.711047887802124 -0.1778133511543274
v -0.023130040615797043 -0.7166549563407898 -0.18148523569107056
v -0.02716641128063202 -0.7115145921707153 -0.18050874769687653
v -0.022397002205252647 -0.7072756290435791 -0.17806154489517212
v -0.04153577983379364 -0.7150368690490723 -0.18333174288272858
v -0.03666869178414345 -0.7019814252853394 -0.18203407526016235
v -0.036947574466466904 -0.7051979303359985 -0.18260672688484192
v -0.04284186288714409 -0.7051534652709961 -0.18464048206806183
v -0.041920632123947144 -0.7022666335105896 -0.18433348834514618
v -0.011848638765513897 -0.6990723013877869 -0.16914451122283936
v -0.017219996079802513 -0.6974567770957947 -0.17154791951179504
v -0.01603982225060463 -0.6916369199752808 -0.16841456294059753
v -0.010723065584897995 -0.6916432976722717 -0.16502976417541504
v -0.017035244032740593 -0.6859040260314941 -0.16640295088291168
v -0.010789662599563599 -0.6840687990188599 -0.16079461574554443
v -0.015740875154733658 -0.6707415580749512 -0.15764117240905762
v -0.013062886893749237 -0.6766039133071899 -0.15893837809562683
v -0.019070060923695564 -0.6804362535476685 -0.1656613051891327
v -0.0226928498595953 -0.6752061247825623 -0.16709467768669128
v -0.03374699503183365 -0.6789326667785645 -0.17351645231246948
v -0.03862950578331947 -0.676929235458374 -0.17471221089363098
v -0.033433761447668076 -0.6666563153266907 -0.17186744511127472
v -0.028018932789564133 -0.6699705719947815 -0.16988296806812286
v -0.035484280437231064 -0.6966148614883423 -0.1778564453125
v -0.03193928673863411 -0.6972424983978271 -0.17602092027664185
v -0.032155320048332214 -0.6985514163970947 -0.17830431461334229
v -0.03611057996749878 -0.6990423202514648 -0.18067100644111633
v -0.02896472066640854 -0.6976579427719116 -0.1748497486114502
v -0.02763964794576168 -0.6976130604743958 -0.174492746591568
v -0.027965404093265533 -0.6985653638839722 -0.17570781707763672
v -0.029131706804037094 -0.69838547706604 -0.17553569376468658
v -0.030691830441355705 -0.6978217363357544 -0.17576384544372559
v -0.031282152980566025 -0.6961092352867126 -0.17576077580451965
v -0.0296170674264431 -0.6968793869018555 -0.17507332563400269
v -0.03430686891078949 -0.6949285268783569 -0.17764022946357727
v -0.04545129835605621 -0.6913347244262695 -0.18218335509300232
v -0.04214299097657204 -0.6921102404594421 -0.18170465528964996
v -0.04388865455985069 -0.6956340074539185 -0.1807403415441513
v -0.04668228700757027 -0.695366621017456 -0.1812736988067627
v -0.029661383479833603 -0.7002283334732056 -0.17707496881484985
v -0.02794499322772026 -0.7016315460205078 -0.17714041471481323
v -0.03163827583193779 -0.7035374641418457 -0.1799182891845703
v -0.03214419260621071 -0.7009440660476685 -0.17894993722438812
v -0.0258589219301939 -0.7039136290550232 -0.178320050239563
v -0.026379618793725967 -0.6999491453170776 -0.17561909556388855
v -0.02377057448029518 -0.7010429501533508 -0.17587296664714813
v -0.027862679213285446 -0.6961960792541504 -0.17410294711589813
v -0.02555716410279274 -0.6951716542243958 -0.1729680299758911
v -0.025394685566425323 -0.6973110437393188 -0.17446812987327576
v -0.026658929884433746 -0.6923196315765381 -0.1727517545223236
v -0.029503513127565384 -0.6943534016609192 -0.17462454736232758
v -0.03227027505636215 -0.6923767328262329 -0.1763937920331955
v -0.03621635213494301 -0.690359354019165 -0.17872294783592224
v -0.033229947090148926 -0.6867514848709106 -0.17586830258369446
v -0.029243752360343933 -0.6893229484558105 -0.17403841018676758
v -0.030125226825475693 -0.707291841506958 -0.180282860994339
v -0.02191341295838356 -0.6974000930786133 -0.17314191162586212
v -0.019488167017698288 -0.7031166553497314 -0.17474912106990814
v -0.021578894928097725 -0.6934208869934082 -0.17122229933738708
v -0.022641004994511604 -0.6893362402915955 -0.1701938509941101
v -0.025019779801368713 -0.6849063634872437 -0.1704738438129425
v -0.029078800231218338 -0.6818423867225647 -0.17209768295288086
v -0.02907964214682579 -0.6597423553466797 -0.1612970530986786
v -0.02206367999315262 -0.6640769243240356 -0.16006886959075928
v -0.029805734753608704 -0.7740141749382019 -0.1870265156030655
v -0.021315939724445343 -0.7739891409873962 -0.18583105504512787
v -0.01902659609913826 -0.7663623690605164 -0.18218174576759338
v -0.017747802659869194 -0.7687842845916748 -0.18208207190036774
v -0.02308623492717743 -0.7698278427124023 -0.1839585304260254
v -0.02297225035727024 -0.7666769027709961 -0.18394309282302856
v -0.00462400121614337 -0.7612096667289734 -0.17046749591827393
v -0.009272901341319084 -0.762204110622406 -0.17443403601646423
v -0.008674299344420433 -0.7586454749107361 -0.17313876748085022
v -0.002922979649156332 -0.7551382780075073 -0.16984829306602478
v -0.015721242874860764 -0.7504842877388 -0.17805606126785278
v -0.01161179505288601 -0.7523219585418701 -0.17586749792099
v -0.01582934707403183 -0.7582744359970093 -0.1776461899280548
v -0.018757473677396774 -0.7570165395736694 -0.17946869134902954
v -0.022286981344223022 -0.7560531497001648 -0.1810072958469391
v -0.026288265362381935 -0.7552603483200073 -0.1817302405834198
v -0.025667138397693634 -0.7503169775009155 -0.1810058355331421
v -0.02075454406440258 -0.7501480579376221 -0.17995835840702057
v -0.02921580709517002 -0.7700635194778442 -0.18468230962753296
v -0.03596663102507591 -0.7677836418151855 -0.18369245529174805
v -0.03416484594345093 -0.7651869058609009 -0.18368569016456604
v -0.02848709374666214 -0.766648530960083 -0.1850637048482895
v -0.04220978915691376 -0.7572559714317322 -0.17776483297348022
v -0.04150042682886124 -0.7596989870071411 -0.17907929420471191
v -0.04488566890358925 -0.7606459856033325 -0.17985773086547852
v -0.045126937329769135 -0.7563468217849731 -0.17878545820713043
v -0.04289959743618965 -0.7538904547691345 -0.17887699604034424
v -0.04094559699296951 -0.7558677196502686 -0.17811670899391174
v -0.03240816295146942 -0.8267775774002075 -0.1747519075870514
v -0.036687131971120834 -0.8111565709114075 -0.18632489442825317
v -0.016735585406422615 -0.821546733379364 -0.16648736596107483
v -0.004572876263409853 -0.8123992681503296 -0.15813645720481873
v 0.0027109053917229176 -0.7997379302978516 -0.15054301917552948
v -0.005498506128787994 -0.703566312789917 -0.164350688457489
v -0.0029175961390137672 -0.6956102848052979 -0.15856556594371796
v 0.00482581090182066 -0.7023290395736694 -0.14960764348506927
v 0.004209347069263458 -0.6930179595947266 -0.14379367232322693
v -0.0032445727847516537 -0.6860015392303467 -0.1534786820411682
v -0.012686008587479591 -0.669858455657959 -0.14412473142147064
v -0.00651013245806098 -0.6766284704208374 -0.14850009977817535
v -0.0007809163071215153 -0.6848464012145996 -0.13593606650829315
v 0.0045563834719359875 -0.6970323324203491 -0.12422239780426025
v 0.008126317523419857 -0.7030959129333496 -0.13294252753257751
v 0.006845739204436541 -0.7116837501525879 -0.11395011842250824
v -0.002294240752235055 -0.6914936900138855 -0.11055837571620941
v 0.0046163504011929035 -0.7110199928283691 -0.10678376257419586
v -0.008328006602823734 -0.6571321487426758 -0.10259044915437698
v -0.003859874326735735 -0.6461319923400879 -0.09679049253463745
v 0.005222603678703308 -0.6521005630493164 -0.0906936526298523
v 0.0024138663429766893 -0.6630779504776001 -0.09687978029251099
v 0.00880291685461998 -0.7107025980949402 -0.1410282552242279
v 0.006592780817300081 -0.7698521614074707 -0.14964380860328674
v 0.001673281192779541 -0.769324541091919 -0.15889513492584229
v 0.010278869420289993 -0.7575768232345581 -0.14680218696594238
v 0.008413419127464294 -0.8261771202087402 -0.12687045335769653
v 0.0014212573878467083 -0.820742130279541 -0.1434125304222107
v 0.009041612967848778 -0.8067708015441895 -0.138567715883255
v 0.013757175765931606 -0.8122235536575317 -0.12437182664871216
v -0.01907222718000412 -0.8572095632553101 -0.1299150586128235
v -0.025164900347590446 -0.8449339270591736 -0.15509989857673645
v -0.011724705807864666 -0.8345069885253906 -0.1494470089673996
v -0.004832957871258259 -0.8444267511367798 -0.1296854019165039
v 0.01833316683769226 -0.8133826851844788 -0.11185614764690399
v 0.020647557452321053 -0.8134109377861023 -0.09505520761013031
v 0.015327377244830132 -0.824827253818512 -0.08482056856155396
v 0.011841578409075737 -0.8298424482345581 -0.10521411150693893
v 0.003233203198760748 -0.8410145044326782 -0.07634948939085007
v -0.00015718676149845123 -0.8451288342475891 -0.1008647084236145
v 0.007671742234379053 -0.6996208429336548 -0.09804420173168182
v 0.007533933036029339 -0.7149924039840698 -0.09775470197200775
v -0.0021601300686597824 -0.6763522624969482 -0.10378957539796829
v 0.007702743634581566 -0.6838310360908508 -0.0953521877527237
v -0.01331879198551178 -0.8482602834701538 -0.0702926367521286
v -0.01606830768287182 -0.8574165105819702 -0.09727929532527924
v 0.01615748554468155 -0.7904713153839111 -0.053003452718257904
v 0.015957502648234367 -0.8065165281295776 -0.057626284658908844
v 0.022333096712827682 -0.7968346476554871 -0.07425761222839355
v 0.02099859155714512 -0.783259928226471 -0.06733691692352295
v 0.006159162148833275 -0.7980157136917114 -0.03686017543077469
v 0.004864020738750696 -0.8165191411972046 -0.042583491653203964
v 0.008050139993429184 -0.7390271425247192 -0.0568600594997406
v 0.0015123081393539906 -0.724041759967804 -0.06306599825620651
v -0.002706508617848158 -0.724507212638855 -0.05147986486554146
v 0.0029397583566606045 -0.7402994632720947 -0.042037561535835266
v -0.011205215007066727 -0.7784436345100403 -0.17910689115524292
v -0.01441472489386797 -0.7722339034080505 -0.18272128701210022
v -0.009831243194639683 -0.7696851491928101 -0.17831331491470337
v -0.0060958233661949635 -0.7740710973739624 -0.1729673445224762
v -0.0020636627450585365 -0.7781248092651367 -0.16444414854049683
v 0.00259415153414011 -0.7822432518005371 -0.1542990505695343
v 0.012723032385110855 -0.7931290864944458 -0.1340954303741455
v 0.01804228313267231 -0.7997258901596069 -0.12200319021940231
v 0.023006292060017586 -0.8007081747055054 -0.09908482432365417
v 0.02092970907688141 -0.800693154335022 -0.11188310384750366
v 0.024282380938529968 -0.784626841545105 -0.08365599811077118
v 0.022554023191332817 -0.7759218215942383 -0.079230897128582
v 0.009068284183740616 -0.7231068015098572 -0.08679153770208359
v 0.006002773530781269 -0.7039661407470703 -0.08668403327465057
v -0.0006122048944234848 -0.7068241834640503 -0.0765339583158493
v 0.00474452693015337 -0.7246080636978149 -0.07398808002471924
v -0.006677225232124329 -0.7081725001335144 -0.05684290826320648
v -0.004084115847945213 -0.708232581615448 -0.06707748770713806
v 0.006577216554433107 -0.6722294688224792 -0.08023202419281006
v 0.009186506271362305 -0.6596540212631226 -0.07301869988441467
v 0.0071607548743486404 -0.6640884876251221 -0.06392011046409607
v 0.003377230605110526 -0.6748121976852417 -0.07160936295986176
v 0.0036236371379345655 -0.6660774946212769 -0.05438670516014099
v -0.0032249032519757748 -0.6673898696899414 -0.04687291011214256
v -0.0067958771251142025 -0.6802277565002441 -0.05476916581392288
v -0.0014167134650051594 -0.678727388381958 -0.062082961201667786
v -0.019604474306106567 -0.6373988389968872 -0.10421973466873169
v -0.018091807141900063 -0.62895667552948 -0.09756819158792496
v -0.010529963299632072 -0.6328738927841187 -0.09474843740463257
v -0.013578448444604874 -0.6414453387260437 -0.10005421936511993
v 0.014272741042077541 -0.6510465145111084 -0.06566672772169113
v 0.01313002035021782 -0.6576679944992065 -0.05653819441795349
v 0.011466173455119133 -0.7386326193809509 -0.07070236653089523
v 0.013174563646316528 -0.7400922775268555 -0.08127997815608978
v 0.009484649635851383 -0.6595754027366638 -0.04685748368501663
v -0.00442659854888916 -0.6922889947891235 -0.0670124888420105
v -2.3322878405451775e-05 -0.6897685527801514 -0.07761401683092117
v -0.01430000551044941 -0.7099331617355347 -0.04945559799671173
v -0.010466649197041988 -0.7251845598220825 -0.04187540337443352
v -0.03775196149945259 -0.7362962365150452 -0.18308869004249573
v -0.035385724157094955 -0.751520037651062 -0.18043795228004456
v -0.03499757498502731 -0.7552614212036133 -0.18065278232097626
v -0.038544923067092896 -0.7553837299346924 -0.17936265468597412
v -0.03956642001867294 -0.7523428201675415 -0.17963145673274994
v -0.05292560160160065 -0.790213942527771 -0.19118961691856384
v -0.052027929574251175 -0.7731513977050781 -0.19101013243198395
v -0.04055533558130264 -0.7793952226638794 -0.1912684142589569
v -0.04080580919981003 -0.7927744388580322 -0.1895982325077057
v -0.007150653749704361 -0.7280776500701904 -0.17715954780578613
v -0.016911836341023445 -0.7318288087844849 -0.1818949431180954
v -0.01939402148127556 -0.7229250073432922 -0.18206585943698883
v -0.012886758893728256 -0.7174800634384155 -0.1779017299413681
v -0.012332921847701073 -0.7627105712890625 -0.17649760842323303
v -0.011004013940691948 -0.7647973299026489 -0.17684036493301392
v -0.013746637850999832 -0.7642072439193726 -0.17845337092876434
v -0.014716780744493008 -0.7054671049118042 -0.17383554577827454
v -0.008519574999809265 -0.7106519937515259 -0.17127645015716553
v 0.010681083425879478 -0.743927538394928 -0.14510072767734528
v -0.002336041070520878 -0.7678966522216797 -0.1679990440607071
v -0.04085905849933624 -0.864429235458374 -0.12962938845157623
v -0.04558722674846649 -0.8498874306678772 -0.1588384509086609
v -0.03193349391222 -0.8550745248794556 -0.0690026804804802
v -0.035210199654102325 -0.8646498918533325 -0.09624601900577545
v -0.009980916045606136 -0.8206409215927124 -0.03159942105412483
v -0.008759891614317894 -0.8028157949447632 -0.02395961806178093
v -0.02033087983727455 -0.8057528734207153 -0.016005828976631165
v -0.026624485850334167 -0.8283817172050476 -0.027529004961252213
v -0.006486556492745876 -0.7417219281196594 -0.0320240780711174
v -0.009461482055485249 -0.6688001155853271 -0.04149577394127846
v -0.013103187084197998 -0.6815866827964783 -0.04810446500778198
v -0.04849834740161896 -0.82916659116745 -0.17779332399368286
v -0.05100869759917259 -0.8099977374076843 -0.18896982073783875
v 0.00786762498319149 -0.7873453497886658 -0.14298583567142487
v 0.002900186460465193 -0.7427780628204346 -0.1670875996351242
v -0.0024132602848112583 -0.7487169504165649 -0.1718197762966156
v -0.004707354120910168 -0.7442121505737305 -0.17512409389019012
v 0.000581834465265274 -0.7353880405426025 -0.17058292031288147
v 0.00683479243889451 -0.7360857725143433 -0.15788088738918304
v 0.008510282263159752 -0.7303626537322998 -0.14499825239181519
v 0.01060446072369814 -0.7245879173278809 -0.13087111711502075
v 0.009993597865104675 -0.715637743473053 -0.1225731149315834
v 0.02220289595425129 -0.808601975440979 -0.08108392357826233
v 0.014816520735621452 -0.8205321431159973 -0.06411728262901306
v 0.004558902699500322 -0.8313183784484863 -0.05550466850399971
v -0.012507674284279346 -0.8359776735305786 -0.04822325333952904
v 0.02354372851550579 -0.7983639240264893 -0.0869840532541275
v -0.029654832556843758 -0.8407217264175415 -0.04683544859290123
v -0.043790869414806366 -0.709059476852417 -0.18476395308971405
v -0.03695114701986313 -0.7103943228721619 -0.18229737877845764
v -0.04556209594011307 -0.7122631072998047 -0.18527373671531677
v -0.04017811641097069 -0.6884872317314148 -0.18034306168556213
v -0.043847694993019104 -0.6873418092727661 -0.18092361092567444
v -0.04178091138601303 -0.6830872893333435 -0.17763197422027588
v -0.037601541727781296 -0.6845680475234985 -0.1771867871284485
v -0.02700851485133171 -0.6604551672935486 -0.1449216604232788
v -0.01968889683485031 -0.6646175384521484 -0.14376899600028992
v -0.021208902820944786 -0.6462701559066772 -0.11112359166145325
v -0.016035204753279686 -0.6507124900817871 -0.10693684220314026
v -0.047635845839977264 -0.7184665203094482 -0.19112640619277954
v -0.049009405076503754 -0.7186106443405151 -0.19110748171806335
v -0.04857950657606125 -0.7178638577461243 -0.18875660002231598
v -0.04696996137499809 -0.7180637121200562 -0.18900388479232788
v -0.030409246683120728 -0.6983325481414795 -0.17682935297489166
v -0.046281855553388596 -0.7013819813728333 -0.18552003800868988
v -0.048847299069166183 -0.7008785009384155 -0.18579381704330444
v -0.04779000207781792 -0.6980370283126831 -0.1838415116071701
v -0.045126017183065414 -0.6984491348266602 -0.18395377695560455
v -0.009899388998746872 -0.6756454706192017 -0.12477479875087738
v -0.011472060345113277 -0.6681661605834961 -0.11116156727075577
v 0.00903396401554346 -0.6543707847595215 -0.0821584016084671
v 0.008034856989979744 -0.6683986186981201 -0.08908265829086304
v 0.006426555570214987 -0.6882131099700928 -0.08561721444129944
v -0.007456958759576082 -0.6950513124465942 -0.057313449680805206
v -0.01418884564191103 -0.6948187351226807 -0.05080554261803627
v -0.029791710898280144 -0.6970909833908081 -0.043746963143348694
v -0.03236108645796776 -0.7110782861709595 -0.03886028751730919
v -0.02201644703745842 -0.710074782371521 -0.04236499220132828
v -0.022634821012616158 -0.6967740058898926 -0.04641474038362503
v -0.019394734874367714 -0.6654746532440186 -0.12740349769592285
v -0.026058705523610115 -0.6613775491714478 -0.1297002136707306
v -0.024456996470689774 -0.6566093564033508 -0.11916086077690125
v -0.01872866414487362 -0.6606230735778809 -0.11621405184268951
v -0.05174738168716431 -0.7154788970947266 -0.19044789671897888
v -0.05306461453437805 -0.7142819166183472 -0.19150732457637787
v -0.05179449915885925 -0.7128729820251465 -0.18853247165679932
v -0.0503857359290123 -0.7149222493171692 -0.1885903775691986
v -0.04577232897281647 -0.7168228030204773 -0.18715596199035645
v -0.04743383452296257 -0.7157865166664124 -0.1865844428539276
v -0.04674958437681198 -0.7143232822418213 -0.18618308007717133
v -0.04663938283920288 -0.7182756662368774 -0.19193950295448303
v -0.04561968892812729 -0.717678427696228 -0.18931995332241058
v -0.0514354445040226 -0.7181403636932373 -0.19551901519298553
v -0.04883839190006256 -0.7182118892669678 -0.19448721408843994
v -0.05230628699064255 -0.7174643278121948 -0.19984804093837738
v -0.0503695122897625 -0.7165557146072388 -0.1896570920944214
v -0.049447331577539444 -0.7158015966415405 -0.18799296021461487
v -0.04689008742570877 -0.7173547744750977 -0.18750667572021484
v -0.04818541556596756 -0.716860294342041 -0.18722444772720337
v -0.050831589847803116 -0.7183786034584045 -0.1936938464641571
v -0.04903385415673256 -0.7184221744537354 -0.19282230734825134
v -0.053850024938583374 -0.7377235293388367 -0.19641728699207306
v -0.05900914967060089 -0.7377004027366638 -0.19758953154087067
v -0.059152621775865555 -0.7304455041885376 -0.2012617141008377
v -0.05898938328027725 -0.7227214574813843 -0.20422808825969696
v -0.05757678300142288 -0.7163773775100708 -0.20132996141910553
v -0.028560763224959373 -0.6537906527519226 -0.11953850835561752
v -0.02616463415324688 -0.6439864635467529 -0.112017422914505
v -0.06704612076282501 -0.8069448471069336 -0.1886870563030243
v -0.06479424238204956 -0.786893367767334 -0.1899312436580658
v -0.029637310653924942 -0.6977680325508118 -0.1751880943775177
v -0.03782319277524948 -0.7715610265731812 -0.1864873766899109
v -0.01049722544848919 -0.7412229776382446 -0.17896303534507751
v -0.031058304011821747 -0.7388253211975098 -0.18195301294326782
v -0.024671856313943863 -0.7355527877807617 -0.18237079679965973
v -0.025018539279699326 -0.743177592754364 -0.18141987919807434
v -0.030813727527856827 -0.745102047920227 -0.18120095133781433
v -0.04587371647357941 -0.7676973938941956 -0.1855783611536026
v -0.05380421504378319 -0.7619809508323669 -0.1887378692626953
v -0.04941913112998009 -0.7614439725875854 -0.18322661519050598
v -0.049477655440568924 -0.754874587059021 -0.18155160546302795
v -0.05318652093410492 -0.7526440620422363 -0.18775680661201477
v -0.048019569367170334 -0.7472618818283081 -0.18411116302013397
v -0.0460234098136425 -0.7505096793174744 -0.18010114133358002
v -0.01604878343641758 -0.7655881643295288 -0.18047958612442017
v -0.013880512677133083 -0.7671788930892944 -0.17961138486862183
v -0.042498622089624405 -0.7441428899765015 -0.18189632892608643
v -0.03691449761390686 -0.7414368391036987 -0.18146738409996033
v -0.036178555339574814 -0.7466282844543457 -0.18045556545257568
v -0.04127815365791321 -0.7482501268386841 -0.1798780858516693
v -0.018207041546702385 -0.7413523197174072 -0.18086177110671997
v -0.006858196575194597 -0.7662205100059509 -0.17379340529441833
v -0.009347746148705482 -0.7552611827850342 -0.17389275133609772
v 0.015793327242136 -0.744229793548584 -0.08924292773008347
v 0.012197970412671566 -0.7332911491394043 -0.09320884943008423
v 0.016153350472450256 -0.7241349220275879 -0.10746702551841736
v 0.012520790100097656 -0.7205822467803955 -0.10912828147411346
v 0.008429476991295815 -0.7228949069976807 -0.1056840717792511
v 0.014614920131862164 -0.7259305715560913 -0.10385581851005554
v 0.023521842435002327 -0.7725282907485962 -0.10026155412197113
v 0.02374255284667015 -0.7792816162109375 -0.09696109592914581
v 0.02277328446507454 -0.7797264456748962 -0.10308536887168884
v 0.022892890498042107 -0.772723913192749 -0.102058544754982
v 0.02146310731768608 -0.7749991416931152 -0.10736571252346039
v 0.02120838314294815 -0.7780526280403137 -0.10991442203521729
v 0.020634952932596207 -0.7704702615737915 -0.11029527336359024
v 0.021374307572841644 -0.7705357074737549 -0.10736820101737976
v 0.02147132344543934 -0.7885869145393372 -0.11107902973890305
v 0.018905574455857277 -0.7856723070144653 -0.1197349801659584
v 0.018842332065105438 -0.7749210596084595 -0.11627712845802307
v 0.011603782884776592 -0.7705112099647522 -0.13618890941143036
v 0.014675515703856945 -0.7616698145866394 -0.12442444264888763
v 0.016456814482808113 -0.7693071365356445 -0.12088477611541748
v 0.014577824622392654 -0.7798790335655212 -0.12788817286491394
v 0.012685028836131096 -0.7240090370178223 -0.11354362964630127
v 0.012590599246323109 -0.7308381199836731 -0.1183275356888771
v 0.009276267141103745 -0.725825309753418 -0.09938037395477295
v -0.03678981959819794 -0.820563554763794 -0.018237393349409103
v -0.042905449867248535 -0.8396374583244324 -0.032195813953876495
v 0.014357255771756172 -0.773912250995636 -0.05072963982820511
v 0.006209180690348148 -0.7786918878555298 -0.03612915426492691
v 0.01866498589515686 -0.7688900828361511 -0.06555424630641937
v 0.020963754504919052 -0.7642525434494019 -0.07785347104072571
v -0.0029974766075611115 -0.7862993478775024 -0.02383863553404808
v -0.010827682912349701 -0.7842801213264465 -0.016933303326368332
v 0.012987643480300903 -0.7542887926101685 -0.13538305461406708
v 0.013513535261154175 -0.7508833408355713 -0.12363699078559875
v 0.012082234025001526 -0.756324052810669 -0.05183152109384537
v 0.005696902517229319 -0.7597717046737671 -0.03751151263713837
v 0.016451595351099968 -0.7533230781555176 -0.06605368107557297
v 0.017768695950508118 -0.7526565790176392 -0.07815435528755188
v -0.005042691715061665 -0.7677047252655029 -0.025071460753679276
v -0.01843293197453022 -0.7425134778022766 -0.02480049803853035
v -0.01958593912422657 -0.7627444267272949 -0.017361368983983994
v 0.016324222087860107 -0.7347145080566406 -0.109190434217453
v 0.01458428893238306 -0.7325129508972168 -0.11246505379676819
v 0.014835098758339882 -0.7268282771110535 -0.11001701653003693
v 0.017818540334701538 -0.7293654680252075 -0.1093001738190651
v 0.011336437426507473 -0.7410213947296143 -0.13239210844039917
v 0.013028828427195549 -0.7406582832336426 -0.12086959928274155
v -0.053564637899398804 -0.7447525262832642 -0.19255134463310242
v -0.059235572814941406 -0.7525428533554077 -0.19028368592262268
v -0.05900304391980171 -0.7451677322387695 -0.19412143528461456
v -0.06034422293305397 -0.7615429759025574 -0.18893907964229584
v -0.05809922143816948 -0.8660774827003479 -0.10342240333557129
v -0.06245553493499756 -0.8637595176696777 -0.1289513260126114
v -0.0496654137969017 -0.8511053919792175 -0.05562971904873848
v -0.053554363548755646 -0.8600420951843262 -0.07966848462820053
v -0.04271458089351654 -0.6753203868865967 -0.17499735951423645
v -0.038953401148319244 -0.6646670699119568 -0.17230729758739471
v -0.04814508557319641 -0.7078713178634644 -0.1861361861228943
v -0.05046604201197624 -0.7069792747497559 -0.18614043295383453
v -0.04964610934257507 -0.7038761377334595 -0.1859944611787796
v -0.04721096158027649 -0.7045861482620239 -0.18572008609771729
v -0.04163525253534317 -0.7648595571517944 -0.18172281980514526
v -0.020937807857990265 -0.726399302482605 -0.0355551615357399
v -0.02000904269516468 -0.6821566820144653 -0.04361278563737869
v -0.017437098547816277 -0.669295072555542 -0.03772956132888794
v 0.003280345583334565 -0.6591004133224487 -0.03820657357573509
v -0.005111258942633867 -0.658279299736023 -0.03262030705809593
v -0.05134526640176773 -0.7099058032035828 -0.18698829412460327
v -0.04909319058060646 -0.7107690572738647 -0.18661990761756897
v -0.05106233060359955 -0.7178941965103149 -0.19196617603302002
v -0.040866121649742126 -0.698967695236206 -0.18298418819904327
v -0.049516163766384125 -0.7131761908531189 -0.1871633231639862
v -0.0491168349981308 -0.7149308919906616 -0.18753571808338165
v -0.053570885211229324 -0.7119847536087036 -0.18863461911678314
v -0.05255638435482979 -0.7095158100128174 -0.1867670714855194
v -0.030670281499624252 -0.7507953643798828 -0.18117810785770416
v -0.030771948397159576 -0.7551535367965698 -0.18146587908267975
v -0.05342809855937958 -0.7152003049850464 -0.19551177322864532
v -0.052459292113780975 -0.7165801525115967 -0.19346168637275696
v -0.05617478862404823 -0.7138697504997253 -0.19533459842205048
v -9.695068001747131e-06 -0.6362390518188477 -0.09107335656881332
v 0.0073082344606518745 -0.6406253576278687 -0.08388029038906097
v -0.05047902464866638 -0.7005610466003418 -0.18561077117919922
v -0.04949304461479187 -0.6975316405296326 -0.18381686508655548
v -0.06651216000318527 -0.8491137027740479 -0.15915733575820923
v -0.030180100351572037 -0.7376554012298584 -0.020708441734313965
v -0.030840378254652023 -0.7537387609481812 -0.013437341898679733
v 0.016442617401480675 -0.7563042640686035 -0.11698509752750397
v 0.018251977860927582 -0.753420352935791 -0.11274874955415726
v 0.019660096615552902 -0.759961724281311 -0.11147948354482651
v 0.017336849123239517 -0.7629817724227905 -0.11583511531352997
v -0.024542011320590973 -0.6348626613616943 -0.10600963979959488
v 0.011892256326973438 -0.644989550113678 -0.0746496170759201
v -0.014448687434196472 -0.6575642228126526 -0.029003988951444626
v -0.012355579063296318 -0.7611830830574036 -0.17593523859977722
v -0.013607124797999859 -0.7596163749694824 -0.17631998658180237
v -0.038722507655620575 -0.7625537514686584 -0.18137702345848083
v -0.0338679701089859 -0.7831519842147827 -0.01267455518245697
v -0.03824259713292122 -0.6931087970733643 -0.18007642030715942
v -0.040014803409576416 -0.6962020397186279 -0.1798059195280075
v -0.028186485171318054 -0.6830475330352783 -0.042322788387537
v -0.030966851860284805 -0.6581528186798096 -0.1305597722530365
v -0.054378997534513474 -0.7133191227912903 -0.1919446587562561
v -0.032909151166677475 -0.7248317003250122 -0.03313818573951721
v 0.022525200620293617 -0.7656542658805847 -0.10460872948169708
v 0.023602930828928947 -0.7642582654953003 -0.10746562480926514
v 0.023434896022081375 -0.7614521980285645 -0.10724747180938721
v 0.02239205129444599 -0.7618967294692993 -0.10579867660999298
v 0.023535262793302536 -0.7666690945625305 -0.11178603768348694
v 0.024917349219322205 -0.764177680015564 -0.10984533280134201
v 0.026125123724341393 -0.7665582895278931 -0.10948638617992401
v 0.024727942422032356 -0.7694339752197266 -0.11102171242237091
v 0.01973753049969673 -0.7673624157905579 -0.11360358446836472
v 0.021744336932897568 -0.7633451223373413 -0.11187511682510376
v 0.027148999273777008 -0.7683038711547852 -0.10847488790750504
v 0.026777679100632668 -0.7704688310623169 -0.1100594699382782
v 0.02460862696170807 -0.7720209360122681 -0.10855905711650848
v 0.022360194474458694 -0.7719898223876953 -0.10474716871976852
v 0.02906472235918045 -0.7718666791915894 -0.1074642613530159
v 0.026201318949460983 -0.7736470699310303 -0.10540129989385605
v 0.03168869763612747 -0.772442102432251 -0.10352686792612076
v 0.02771219238638878 -0.7742701172828674 -0.10120205581188202
v 0.03365403413772583 -0.7703157067298889 -0.09874061495065689
v 0.02903991937637329 -0.7713280916213989 -0.09669846296310425
v 0.015186899341642857 -0.7395342588424683 -0.11397558450698853
v 0.01692725159227848 -0.7405432462692261 -0.10894463956356049
v 0.034761521965265274 -0.7658408880233765 -0.09559299796819687
v 0.02937682531774044 -0.7659590244293213 -0.09348918497562408
v 0.03462304547429085 -0.7599002122879028 -0.09310119599103928
v 0.03010774403810501 -0.7598237991333008 -0.09102405607700348
v 0.03351332247257233 -0.7531569004058838 -0.09237845987081528
v 0.0300772562623024 -0.7525862455368042 -0.0901244655251503
v 0.03243129327893257 -0.746525764465332 -0.09310989081859589
v 0.02921876683831215 -0.7450536489486694 -0.09065938740968704
v 0.030735503882169724 -0.7397204637527466 -0.09526676684617996
v 0.027333516627550125 -0.7366460561752319 -0.09285447001457214
v 0.029131440445780754 -0.7703087329864502 -0.10168195515871048
v 0.03075307048857212 -0.7680087685585022 -0.0984475389122963
v 0.02164996974170208 -0.7686550617218018 -0.09900016337633133
v 0.027791237458586693 -0.7701952457427979 -0.1056656613945961
v 0.023431118577718735 -0.7573593854904175 -0.10063369572162628
v 0.021665016189217567 -0.759900689125061 -0.09993891417980194
v 0.021767819300293922 -0.7588852047920227 -0.10031913220882416
v 0.021955670788884163 -0.757466197013855 -0.09831061959266663
v 0.01742187701165676 -0.7466115951538086 -0.11121009290218353
v 0.019748592749238014 -0.7471959590911865 -0.10880971699953079
v 0.019499270245432854 -0.7520838379859924 -0.11025434732437134
v 0.018862547352910042 -0.7434084415435791 -0.10752218216657639
v 0.01853184401988983 -0.7448540925979614 -0.10687492787837982
v 0.01786040887236595 -0.7480403780937195 -0.10775364935398102
v 0.016970915719866753 -0.752170979976654 -0.1083233505487442
v 0.019354425370693207 -0.7436762452125549 -0.10520417988300323
v 0.019809581339359283 -0.7418558597564697 -0.10516990721225739
v 0.01843232288956642 -0.7450244426727295 -0.10490606725215912
v 0.017949461936950684 -0.7456883192062378 -0.10596992075443268
v 0.017063327133655548 -0.7478499412536621 -0.10550569742918015
v 0.017549125477671623 -0.7508054971694946 -0.10365042835474014
v 0.01533480267971754 -0.74776691198349 -0.11596762388944626
v 0.018993176519870758 -0.7465810179710388 -0.09519793093204498
v 0.016251342371106148 -0.7381846308708191 -0.09716027975082397
v 0.027337463572621346 -0.7349461317062378 -0.09884403645992279
v 0.025393031537532806 -0.7288552522659302 -0.09756694734096527
v 0.021252991631627083 -0.7266267538070679 -0.10702598094940186
v 0.024034010246396065 -0.7246994972229004 -0.10263271629810333
v 0.021524375304579735 -0.7638647556304932 -0.09651891887187958
v 0.021755797788500786 -0.7589884996414185 -0.09396935999393463
v 0.014649620279669762 -0.7308070659637451 -0.10069558024406433
v 0.02156633324921131 -0.7532154321670532 -0.09306095540523529
v 0.028262021020054817 -0.7432664036750793 -0.09591002762317657
v 0.02513950690627098 -0.7399057149887085 -0.09806329756975174
v 0.030271317809820175 -0.7481286525726318 -0.09433075040578842
v 0.019702665507793427 -0.7387042045593262 -0.10560420155525208
v 0.02062588557600975 -0.7333599328994751 -0.10641893744468689
v 0.02428775653243065 -0.7331249713897705 -0.10297001898288727
v 0.022273048758506775 -0.7386820316314697 -0.10176597535610199
v 0.026878060773015022 -0.7458220720291138 -0.09765482693910599
v 0.023639917373657227 -0.7436403036117554 -0.09935186803340912
v 0.0245622918009758 -0.7482502460479736 -0.09764385223388672
v 0.021629100665450096 -0.7465853691101074 -0.0996180921792984
v 0.020168310031294823 -0.7446645498275757 -0.1025310754776001
v 0.021259356290102005 -0.7422714233398438 -0.10214895009994507
v 0.018633391708135605 -0.7489139437675476 -0.09941253066062927
v 0.021701041609048843 -0.7517216205596924 -0.09816517680883408
v 0.018269959837198257 -0.7461960315704346 -0.10284791886806488
v 0.026410499587655067 -0.7510665059089661 -0.09776555746793747
v 0.028255902230739594 -0.7545436024665833 -0.09836600720882416
v 0.026286588981747627 -0.7565510869026184 -0.100285604596138
v 0.02425711415708065 -0.7542061805725098 -0.09878022968769073
v 0.030547449365258217 -0.7536015510559082 -0.09360796213150024
v 0.030547523871064186 -0.753600001335144 -0.09651651233434677
v 0.028842726722359657 -0.7493991851806641 -0.09669199585914612
v 0.03100290335714817 -0.7585504055023193 -0.09652397036552429
v 0.030737144872546196 -0.7595152854919434 -0.09396001696586609
v 0.02934543415904045 -0.7582619190216064 -0.09817320853471756
v 0.028033044189214706 -0.758967399597168 -0.09984774887561798
v 0.030189216136932373 -0.7660781741142273 -0.09994466602802277
v 0.030690103769302368 -0.762931227684021 -0.09789863228797913
v 0.03141425922513008 -0.7646046876907349 -0.09616467356681824
v 0.029783882200717926 -0.7615147829055786 -0.0993979424238205
v 0.029133206233382225 -0.7639433741569519 -0.10064415633678436
v 0.028002945706248283 -0.7626653909683228 -0.10075531899929047
v 0.028636759147047997 -0.7612292170524597 -0.09971321374177933
v 0.025776628404855728 -0.7679995894432068 -0.10674849152565002
v 0.024625303223729134 -0.7665780782699585 -0.10755957663059235
v 0.0270420853048563 -0.7683467864990234 -0.10479304194450378
v 0.02506074123084545 -0.7693012952804565 -0.10440230369567871
v 0.026048950850963593 -0.7667248845100403 -0.10383884608745575
v 0.02380862832069397 -0.7683517932891846 -0.10429170727729797
v 0.025194359943270683 -0.7650833129882812 -0.10367508232593536
v 0.023580040782690048 -0.7626632452011108 -0.10349404066801071
v -0.01194926630705595 -0.6088482141494751 -0.08586475998163223
v -0.015208613127470016 -0.6195293664932251 -0.09119732677936554
v -0.021776793524622917 -0.6163957118988037 -0.09168720990419388
v -0.019697435200214386 -0.6065011620521545 -0.08403109759092331
v 0.026780037209391594 -0.76360023021698 -0.10245324671268463
v 0.02770230732858181 -0.765522837638855 -0.10219108313322067
v 0.028506837785243988 -0.7678687572479248 -0.10190197825431824
v 0.024954957887530327 -0.7597171664237976 -0.10159827768802643
v 0.026193417608737946 -0.758982241153717 -0.10105501115322113
v 0.02699766308069229 -0.7604824900627136 -0.10105626285076141
v 0.02554328925907612 -0.7614763379096985 -0.1021161749958992
v 0.02016109600663185 -0.7555214166641235 -0.10961557924747467
v 0.01925535686314106 -0.7543318271636963 -0.10625284165143967
v 0.02027260884642601 -0.7528126835823059 -0.10225319862365723
v 0.016857244074344635 -0.5958808064460754 -0.07672251760959625
v 0.029528683051466942 -0.6026366949081421 -0.07198117673397064
v 0.021684415638446808 -0.6112114787101746 -0.07062877714633942
v 0.01165061630308628 -0.6055365800857544 -0.0759635865688324
v 0.024557683616876602 -0.5710692405700684 -0.0869247168302536
v 0.023880545049905777 -0.5508325695991516 -0.08919781446456909
v 0.038899440318346024 -0.5559813976287842 -0.09106405079364777
v 0.04552865028381348 -0.579450249671936 -0.08507109433412552
v 0.03483736142516136 -0.5366697311401367 -0.09832020848989487
v 0.02326447144150734 -0.5321844220161438 -0.09493975341320038
v 0.0336921326816082 -0.4843404293060303 -0.11623285710811615
v 0.03339237719774246 -0.5007984638214111 -0.1099754050374031
v 0.023035060614347458 -0.49808448553085327 -0.10933457314968109
v 0.023477140814065933 -0.48135989904403687 -0.11549042910337448
v 0.05808515101671219 -0.4107343554496765 -0.12830746173858643
v 0.048378635197877884 -0.4105759859085083 -0.13258957862854004
v 0.04431125149130821 -0.39684274792671204 -0.1239490732550621
v 0.05484338477253914 -0.39507731795310974 -0.11840090155601501
v 0.07387948036193848 -0.5112779140472412 -0.09964792430400848
v 0.07784997671842575 -0.5041771531105042 -0.09669172018766403
v 0.08004477620124817 -0.5174801349639893 -0.09637600183486938
v 0.07657496631145477 -0.5260739326477051 -0.09892922639846802
v 0.0724387839436531 -0.6152166724205017 -0.06898991763591766
v 0.06154703348875046 -0.6191941499710083 -0.06439734250307083
v 0.05180814489722252 -0.6063312888145447 -0.07137523591518402
v 0.061751559376716614 -0.601412296295166 -0.07933685928583145
v 0.08838528394699097 -0.4377608001232147 -0.09970641881227493
v 0.08308690041303635 -0.44368523359298706 -0.10749254375696182
v 0.08375763893127441 -0.43073946237564087 -0.10906171798706055
v 0.08722522109746933 -0.423961877822876 -0.10112790018320084
v 0.06672560423612595 -0.36687710881233215 -0.059384554624557495
v 0.057391270995140076 -0.363299697637558 -0.06490904837846756
v 0.05801562964916229 -0.34636858105659485 -0.061136893928050995
v 0.06802594661712646 -0.34926164150238037 -0.05467316135764122
v 0.08840703964233398 -0.3978545665740967 -0.03853418678045273
v 0.08856617659330368 -0.38387712836265564 -0.032749809324741364
v 0.09079637378454208 -0.38937726616859436 -0.020027831196784973
v 0.0921490266919136 -0.40309321880340576 -0.025384530425071716
v 0.05239519849419594 -0.48607009649276733 -0.11358591169118881
v 0.05271697789430618 -0.502281904220581 -0.10894379764795303
v 0.043305035680532455 -0.5019296407699585 -0.1098029688000679
v 0.04339820146560669 -0.4856276512145996 -0.11529034376144409
v 0.11791366338729858 -0.40296682715415955 -0.10019676387310028
v 0.11646135151386261 -0.4246235489845276 -0.0988980084657669
v 0.10788334906101227 -0.42156079411506653 -0.09091053158044815
v 0.10889924317598343 -0.400642991065979 -0.0919368639588356
v 0.09030457586050034 -0.29660773277282715 -0.02121722139418125
v 0.09123397618532181 -0.2803758978843689 -0.021199773997068405
v 0.09220195561647415 -0.28635653853416443 -0.008322197012603283
v 0.09138967096805573 -0.3027878701686859 -0.009151562117040157
v 0.12169799953699112 -0.5243991017341614 -0.10417330265045166
v 0.1362745612859726 -0.5315346121788025 -0.1034492552280426
v 0.13400448858737946 -0.5462204813957214 -0.10335449874401093
v 0.11951100826263428 -0.5369734764099121 -0.10601998120546341
v 0.07693713903427124 -0.48151469230651855 -0.10044965893030167
v 0.07734759896993637 -0.4927360415458679 -0.09861166030168533
v 0.07259730994701385 -0.4986397624015808 -0.10271094739437103
v 0.0715700015425682 -0.48568078875541687 -0.10509107261896133
v 0.0995592325925827 -0.43012475967407227 -0.03448363393545151
v 0.1011275127530098 -0.4442102015018463 -0.0393047071993351
v 0.10064440965652466 -0.4391949474811554 -0.04988474398851395
v 0.09730742126703262 -0.42505183815956116 -0.04621757194399834
v 0.09351908415555954 -0.4111582040786743 -0.0426265113055706
v 0.09602148830890656 -0.41623979806900024 -0.03008315898478031
v 0.06642677634954453 -0.4863854944705963 -0.10842149704694748
v 0.06752058118581772 -0.5026118755340576 -0.10560312122106552
v 0.061020009219646454 -0.5024911761283875 -0.10733717679977417
v 0.06015036255121231 -0.4863378405570984 -0.11117291450500488
v 0.03828705474734306 -0.3876486122608185 -0.10903611779212952
v 0.04991089180111885 -0.38583001494407654 -0.10236842930316925
v 0.08766283094882965 -0.27341631054878235 -0.0357772558927536
v 0.08606257289648056 -0.290149450302124 -0.03490583226084709
v 0.07738125324249268 -0.28337720036506653 -0.04636835679411888
v 0.07981845736503601 -0.2664611041545868 -0.04862028732895851
v 0.04363464564085007 -0.37602514028549194 -0.07035557925701141
v 0.05335468053817749 -0.3787127137184143 -0.06674904376268387
v 0.05451465770602226 -0.3847811818122864 -0.08016592264175415
v 0.04464665427803993 -0.3838387429714203 -0.08261770009994507
v 0.06833254545927048 -0.26060569286346436 -0.058614108711481094
v 0.06661054491996765 -0.27802959084510803 -0.05448981374502182
v 0.055284399539232254 -0.2753453850746155 -0.059129733592271805
v 0.058433182537555695 -0.2570253610610962 -0.06406202912330627
v 0.03359360992908478 -0.5181873440742493 -0.10423193126916885
v 0.02311783842742443 -0.5150555372238159 -0.1025165319442749
v 0.07390118390321732 -0.41484373807907104 -0.11830928921699524
v 0.06674490123987198 -0.4124422073364258 -0.12317485362291336
v 0.06435386836528778 -0.39651331305503845 -0.11345205456018448
v 0.0725264772772789 -0.4000895619392395 -0.10915746539831161
v 0.08994276076555252 -0.48449745774269104 -0.08534286171197891
v 0.09234993159770966 -0.4934178590774536 -0.08368020504713058
v 0.08530919253826141 -0.5073517560958862 -0.09203412383794785
v 0.08311276137828827 -0.49500593543052673 -0.0929054245352745
v 0.09869831800460815 -0.27198484539985657 -0.005821000784635544
v 0.0981443002820015 -0.26661038398742676 -0.020151110365986824
v 0.0757078304886818 -0.24760784208774567 -0.059851113706827164
v 0.06397119164466858 -0.24290353059768677 -0.06621158868074417
v 0.11196616291999817 -0.5001078844070435 -0.046833254396915436
v 0.10856588184833527 -0.5004814863204956 -0.052570443600416183
v 0.10802550613880157 -0.4958285093307495 -0.05334839969873428
v 0.11148093640804291 -0.49658748507499695 -0.04711423069238663
v 0.019504880532622337 -0.4115160405635834 -0.12868089973926544
v 0.027352534234523773 -0.3955199718475342 -0.11915518343448639
v 0.03539155051112175 -0.4049987494945526 -0.13028867542743683
v 0.02924186922609806 -0.4192383587360382 -0.13409774005413055
v 0.06909269094467163 -0.3907366096973419 -0.09484293311834335
v 0.060276273638010025 -0.38720136880874634 -0.09797327220439911
v 0.06470591574907303 -0.38772326707839966 -0.07857265323400497
v 0.010179754346609116 -0.4052525460720062 -0.11819864809513092
v 0.01876973919570446 -0.3886506259441376 -0.09804859012365341
v 0.012197586707770824 -0.5097737312316895 -0.0996934175491333
v 0.012396697886288166 -0.49350300431251526 -0.10721447318792343
v 0.011429302394390106 -0.5275484919548035 -0.0944155901670456
v 0.01005840115249157 -0.5455708503723145 -0.08878355473279953
v -0.0018379592802375555 -0.5406321287155151 -0.0888495147228241
v -0.00018140161409974098 -0.5222532749176025 -0.0933350995182991
v 0.008607862517237663 -0.56467604637146 -0.08760003745555878
v -0.004070228897035122 -0.5590855479240417 -0.08763225376605988
v 0.003843081183731556 -0.5921165943145752 -0.08103091269731522
v 0.0002625295892357826 -0.6018894910812378 -0.07987874001264572
v 0.08229094743728638 -0.48460811376571655 -0.09331367909908295
v 0.08265318721532822 -0.4741309881210327 -0.09437409788370132
v 0.08661923557519913 -0.25357958674430847 -0.049065470695495605
v 0.09674935042858124 -0.5771139860153198 0.002239985391497612
v 0.10709427297115326 -0.5757107734680176 -0.009264988824725151
v 0.10471038520336151 -0.5634897947311401 -0.0017956327646970749
v 0.09592380374670029 -0.5635244846343994 0.00875046756118536
v 0.07298707962036133 -0.5989277958869934 -0.08490364998579025
v 0.08284782618284225 -0.6142823100090027 -0.0725836455821991
v 0.12025290727615356 -0.5113996267318726 -0.022191133350133896
v 0.11773830652236938 -0.50603848695755 -0.024310313165187836
v 0.1141560897231102 -0.5038742423057556 -0.022034239023923874
v 0.11657550930976868 -0.5105307102203369 -0.018828600645065308
v 0.11722303926944733 -0.49991393089294434 -0.03626424819231033
v 0.12023311853408813 -0.501364529132843 -0.0326470285654068
v 0.12043079733848572 -0.49453145265579224 -0.033186912536621094
v 0.11709447205066681 -0.4925888180732727 -0.03469427302479744
v 0.08986496180295944 -0.29267510771751404 0.0037843971513211727
v 0.08778773993253708 -0.3087606728076935 0.002959746867418289
v 0.08995234221220016 -0.4256468415260315 0.01116095669567585
v 0.09682641178369522 -0.4416346848011017 0.00649550836533308
v 0.09837323427200317 -0.4309422969818115 -0.005673774518072605
v 0.09242652356624603 -0.415795236825943 -0.0007954062893986702
v 0.00874302163720131 -0.5567875504493713 0.027940422296524048
v 0.029034152626991272 -0.560920238494873 0.024734897539019585
v 0.02937045507133007 -0.5486082434654236 0.02989121340215206
v 0.009436913765966892 -0.5443533658981323 0.03295639902353287
v 0.06953545659780502 -0.5839805006980896 0.014742809347808361
v 0.04914006590843201 -0.5781523585319519 0.018744181841611862
v 0.0482463464140892 -0.5888108611106873 0.013757037930190563
v 0.06880557537078857 -0.5959365963935852 0.008845753036439419
v 0.0835559144616127 -0.5751595497131348 0.01214517280459404
v 0.08378809690475464 -0.5618269443511963 0.01815451681613922
v 0.10079053044319153 -0.43718433380126953 -0.02317466400563717
v 0.10091570764780045 -0.45074379444122314 -0.029861820861697197
v 0.1046050414443016 -0.46929091215133667 -0.03669092804193497
v 0.10673106461763382 -0.4765579104423523 -0.03962916508316994
v 0.10548712313175201 -0.47333186864852905 -0.046254392713308334
v 0.10362181812524796 -0.4651986360549927 -0.04452783986926079
v 0.05128609016537666 -0.6261616349220276 -0.06131945922970772
v 0.06665685027837753 -0.627697229385376 -0.05097494274377823
v 0.0545438788831234 -0.6344217658042908 -0.048019684851169586
v 0.03172476217150688 -0.6245819330215454 -0.0066843279637396336
v 0.03991624712944031 -0.6280684471130371 -0.012845152989029884
v 0.04657653346657753 -0.623391330242157 -0.009427010081708431
v 0.03400007635354996 -0.6197150349617004 -0.00323878088966012
v 0.03449579328298569 -0.49139270186424255 0.05152145400643349
v 0.036489926278591156 -0.46764686703681946 0.05190035700798035
v 0.016449017450213432 -0.4691408574581146 0.05983889475464821
v 0.014808600768446922 -0.49218425154685974 0.05916718393564224
v 0.1102910041809082 -0.4877523183822632 -0.03556577488780022
v 0.112028107047081 -0.49222224950790405 -0.030132781714200974
v 0.11435410380363464 -0.4972435534000397 -0.030527355149388313
v 0.11307206749916077 -0.49287617206573486 -0.03538764268159866
v 0.10997865349054337 -0.48657506704330444 -0.026858115568757057
v 0.10853122174739838 -0.4807886481285095 -0.03330419212579727
v 0.1068037897348404 -0.4739684760570526 -0.029399722814559937
v 0.10869564116001129 -0.47999536991119385 -0.022610167041420937
v 0.10064810514450073 -0.4554549753665924 -0.001007158076390624
v 0.10309677571058273 -0.46671855449676514 -0.010275577194988728
v 0.10216132551431656 -0.459105908870697 -0.020090019330382347
v 0.10123022645711899 -0.44586074352264404 -0.012057679705321789
v 0.01634577102959156 -0.39929890632629395 0.05140789598226547
v 0.017211224883794785 -0.4195556342601776 0.0576862208545208
v 0.033320263028144836 -0.4199938178062439 0.050200264900922775
v 0.03167729079723358 -0.39883866906166077 0.04842713475227356
v 0.10282499343156815 -0.49532461166381836 -0.06311392784118652
v 0.10244809091091156 -0.4860447645187378 -0.061101920902729034
v 0.09705926477909088 -0.48704826831817627 -0.06927020847797394
v 0.09694959223270416 -0.4937470555305481 -0.07121112942695618
v 0.13325423002243042 -0.49521708488464355 -0.03427582234144211
v 0.13725748658180237 -0.4974144995212555 -0.036113638430833817
v 0.14067915081977844 -0.48885342478752136 -0.038665395230054855
v 0.13691377639770508 -0.4874621033668518 -0.03632504865527153
v 0.10535640269517899 -0.46887287497520447 -0.055012717843055725
v 0.10522888600826263 -0.45132917165756226 -0.05532713979482651
v 0.10161583125591278 -0.4543297290802002 -0.06278276443481445
v 0.101662278175354 -0.47185999155044556 -0.061630070209503174
v 0.10107114911079407 -0.620505154132843 -0.059304576367139816
v 0.09016542136669159 -0.6229497194290161 -0.05650506168603897
v 0.09275193512439728 -0.6111305356025696 -0.07587044686079025
v 0.1101275160908699 -0.4813356101512909 -0.043151091784238815
v 0.11318504810333252 -0.48227712512016296 -0.03853793442249298
v 0.11518885940313339 -0.4691540002822876 -0.038903847336769104
v 0.11017319560050964 -0.4675028622150421 -0.04305657371878624
v 0.1308981329202652 -0.405193954706192 -0.10485392808914185
v 0.12879124283790588 -0.42691969871520996 -0.10339130461215973
v 0.11016150563955307 -0.43211525678634644 -0.050191059708595276
v 0.10757266730070114 -0.45032206177711487 -0.04915948957204819
v 0.11225931346416473 -0.45077961683273315 -0.04384069889783859
v 0.11595435440540314 -0.431621253490448 -0.04408617317676544
v 0.08631782978773117 -0.4004807472229004 0.0030574114061892033
v 0.0826587826013565 -0.4088166654109955 0.014439379796385765
v 0.07804056257009506 -0.3057233989238739 0.029342543333768845
v 0.07400251924991608 -0.32232552766799927 0.026509206742048264
v 0.08181891590356827 -0.3162541687488556 0.015454825013875961
v 0.08542010933160782 -0.29997843503952026 0.01695103943347931
v 0.09541526436805725 -0.27838948369026184 0.0077352216467261314
v 0.0820242390036583 -0.28833213448524475 0.03367609530687332
v 0.09027921408414841 -0.2835606038570404 0.02109086886048317
v 0.030940908938646317 -0.6467194557189941 -0.048992812633514404
v 0.04266314208507538 -0.6403294801712036 -0.0478571355342865
v 0.035713888704776764 -0.6415268778800964 -0.03384999930858612
v 0.025337854400277138 -0.6479763984680176 -0.0371885821223259
v 0.15056028962135315 -0.19219791889190674 0.036623578518629074
v 0.15349453687667847 -0.19279161095619202 0.013127399608492851
v 0.16023118793964386 -0.16798722743988037 0.01472485437989235
v 0.1550517976284027 -0.16459320485591888 0.03972889482975006
v 0.010490987449884415 -0.6359171271324158 -0.012691988609731197
v 0.004653126932680607 -0.64352947473526 -0.018818814307451248
v 0.01600002869963646 -0.646173357963562 -0.02664204128086567
v 0.024109840393066406 -0.6396422386169434 -0.02169869840145111
v 0.1446603238582611 -0.2159750610589981 0.031880974769592285
v 0.14655491709709167 -0.21247845888137817 0.010147996246814728
v 0.03062218613922596 -0.6390371322631836 -0.059589553624391556
v 0.040669649839401245 -0.6325128078460693 -0.06007257103919983
v 0.023602601140737534 -0.6274173259735107 -0.06607823073863983
v 0.03161650523543358 -0.6201112270355225 -0.06525104492902756
v 0.015580061823129654 -0.6204098463058472 -0.07313135266304016
v 0.15026624500751495 -0.18894051015377045 -0.007559660822153091
v 0.15850599110126495 -0.16711461544036865 -0.008710518479347229
v 0.016621991991996765 -0.6545728445053101 -0.04048702120780945
v 0.008637073449790478 -0.6531058549880981 -0.03147028386592865
v -0.001152713317424059 -0.6506315469741821 -0.02566751465201378
v -0.011982740834355354 -0.649647057056427 -0.021815255284309387
v -0.02440711110830307 -0.6484758853912354 -0.01972363144159317
v -0.0241263285279274 -0.6579599380493164 -0.025966551154851913
v 0.10880164057016373 -0.2605504095554352 -0.00451249536126852
v 0.10603916645050049 -0.2656193971633911 0.011744391173124313
v 0.11894051730632782 -0.057762324810028076 0.08660931885242462
v 0.12186358869075775 -0.04265892505645752 0.06726871430873871
v 0.09198252111673355 -0.040557861328125 0.08176354318857193
v 0.093269482254982 -0.05511343479156494 0.09920148551464081
v 0.02844352088868618 -0.06918442249298096 0.11165796220302582
v 0.06260400265455246 -0.06008869409561157 0.10830093920230865
v 0.05943678691983223 -0.04704564809799194 0.09173668920993805
v 0.026019785553216934 -0.05999758839607239 0.09534502774477005
v 0.03304307907819748 -0.1847039759159088 0.1192377582192421
v 0.03283103555440903 -0.20523107051849365 0.10978130996227264
v 0.057418905198574066 -0.20531591773033142 0.10825905203819275
v 0.05912208929657936 -0.18498015403747559 0.11865001171827316
v 0.09937284141778946 -0.2706095576286316 0.0267300046980381
v 0.08988922089338303 -0.2735963761806488 0.040089190006256104
v 0.10738919675350189 -0.25622788071632385 -0.019253017380833626
v 0.16282707452774048 -0.05329084396362305 -0.04929960519075394
v 0.15724149346351624 -0.0248965322971344 -0.05444402992725372
v 0.16081707179546356 -0.015822798013687134 -0.023597463965415955
v 0.17001581192016602 -0.04497098922729492 -0.018089406192302704
v 0.136032372713089 -0.006198763847351074 0.026873715221881866
v 0.10752957314252853 -0.0057509541511535645 0.041710078716278076
v 0.11560524255037308 -0.024268031120300293 0.05461503565311432
v 0.14440281689167023 -0.02725076675415039 0.039712369441986084
v 0.050175394862890244 -0.23822054266929626 -0.07031916081905365
v 0.05334252119064331 -0.22404763102531433 -0.07061007618904114
v 0.06797178089618683 -0.22994162142276764 -0.06583546102046967
v 0.009579095058143139 -0.22305899858474731 -0.0785263329744339
v 0.011037144809961319 -0.20954734086990356 -0.07947717607021332
v 0.024777015671133995 -0.2137283831834793 -0.07685808837413788
v 0.023412708193063736 -0.22827261686325073 -0.07562562823295593
v 0.01827186904847622 -0.15008126199245453 -0.052129991352558136
v 0.022082360461354256 -0.16334392130374908 -0.06234150379896164
v 0.008861381560564041 -0.16334903240203857 -0.0626097321510315
v 0.0069610136561095715 -0.15169121325016022 -0.05279863625764847
v 0.1411518007516861 -0.18596118688583374 -0.027119692414999008
v 0.1338268518447876 -0.20210669934749603 -0.02628789097070694
v 0.11951679736375809 -0.1974322348833084 -0.04147739335894585
v 0.12754939496517181 -0.18260067701339722 -0.043748561292886734
v 0.05371297150850296 -0.039833784103393555 0.06958885490894318
v 0.022918827831745148 -0.055557072162628174 0.07461000978946686
v 0.14413660764694214 -0.06633716821670532 -0.07334261387586594
v 0.13998085260391235 -0.03640225529670715 -0.08140892535448074
v 0.11366885155439377 -0.047355473041534424 -0.09969395399093628
v 0.11829961836338043 -0.07437652349472046 -0.0894480049610138
v 0.08808870613574982 -0.07811915874481201 -0.0931045264005661
v 0.08367685973644257 -0.05236005783081055 -0.10295382142066956
v 0.014633804559707642 -0.09001156687736511 -0.011099137365818024
v 0.01733991503715515 -0.08324798941612244 -0.011543214321136475
v 0.0307319238781929 -0.09807395935058594 -0.02776530385017395
v 0.021968694403767586 -0.10848492383956909 -0.028550386428833008
v 0.03072866052389145 -0.10162696242332458 0.12932007014751434
v 0.05947239696979523 -0.09559747576713562 0.12700524926185608
v 0.06107508763670921 -0.07692950963973999 0.1194642186164856
v 0.029602840542793274 -0.08448055386543274 0.12275457382202148
v 0.07832488417625427 -0.27513596415519714 0.05140674114227295
v 0.0715075433254242 -0.2910221815109253 0.0437091588973999
v 0.05935603007674217 -0.29359400272369385 0.05046982690691948
v 0.05644087493419647 -0.3137211799621582 0.04512452334165573
v 0.06836897134780884 -0.30992746353149414 0.038843654096126556
v 0.06798221915960312 -0.427668035030365 0.036651454865932465
v 0.07660845667123795 -0.44634392857551575 0.033223070204257965
v 0.0851479023694992 -0.434410035610199 0.02255130745470524
v 0.07783906161785126 -0.41793614625930786 0.02564099058508873
v 0.049704715609550476 -0.5666995048522949 0.02356889471411705
v 0.04987988620996475 -0.5538214445114136 0.029170267283916473
v 0.0771503746509552 -0.013834446668624878 0.05101454630494118
v 0.0784788504242897 0.008953392505645752 0.036374740302562714
v 0.05107102543115616 -0.0008305609226226807 0.03700483590364456
v 0.043891407549381256 -0.03139236569404602 0.04983794689178467
v 0.1273326724767685 0.016124606132507324 0.015567503869533539
v 0.15425992012023926 -0.010680526494979858 0.005946911871433258
v 0.14440388977527618 0.01349833607673645 -0.003480881452560425
v 0.14900711178779602 -0.00011307001113891602 -0.0624404177069664
v 0.15121370553970337 0.008225977420806885 -0.031187862157821655
v 0.10839640349149704 -0.02104741334915161 -0.10890516638755798
v 0.0788249522447586 -0.02695763111114502 -0.11179538071155548
v 0.018820594996213913 -0.04276213049888611 -0.047579213976860046
v 0.017207905650138855 -0.021608322858810425 -0.051467716693878174
v 0.030070489272475243 -0.024932652711868286 -0.07686544954776764
v 0.03394923359155655 -0.04679924249649048 -0.07156427204608917
v 0.05495113134384155 -0.1432846337556839 -0.05908139795064926
v 0.06650286912918091 -0.13232435286045074 -0.056507378816604614
v 0.0903996005654335 -0.14795885980129242 -0.06023666262626648
v 0.08571366965770721 -0.15954622626304626 -0.059548232704401016
v 0.022263679653406143 -0.24665163457393646 -0.07209474593400955
v 0.01170108187943697 -0.24140731990337372 -0.07474017888307571
v 0.0463038794696331 -0.253973126411438 -0.06745634227991104
v 0.0336272194981575 -0.250562459230423 -0.07027889043092728
v 0.03619568794965744 -0.23332498967647552 -0.0733114704489708
v 0.021993625909090042 -0.32516705989837646 -0.07244621217250824
v 0.02119043655693531 -0.30878323316574097 -0.07008003443479538
v 0.03291734308004379 -0.309688925743103 -0.06689944863319397
v 0.034488897770643234 -0.32584473490715027 -0.06968954205513
v 0.03568168357014656 -0.34295400977134705 -0.0732421875
v 0.022774800658226013 -0.3422374725341797 -0.07581658661365509
v 0.02012939378619194 -0.37811657786369324 -0.07587434351444244
v 0.032553356140851974 -0.37587305903434753 -0.0738823339343071
v 0.03301243484020233 -0.3843424618244171 -0.08754105865955353
v 0.0015239599160850048 -0.5040209293365479 -0.09716285020112991
v 0.0026264111511409283 -0.48712944984436035 -0.10283862799406052
v 0.1513618528842926 -0.16549718379974365 -0.03177527338266373
v 0.022257229313254356 -0.0372292697429657 0.0308743417263031
v 0.0278043020516634 -0.00942164659500122 0.02575346827507019
v 0.01350200455635786 -0.014664262533187866 0.007291831076145172
v 0.00986356008797884 -0.038015007972717285 0.012260869145393372
v 0.14179888367652893 -0.20724305510520935 -0.00862804427742958
v 0.09443894773721695 -0.2605864405632019 -0.0351533479988575
v 0.10376585274934769 -0.250186026096344 -0.03468244522809982
v 0.0809328556060791 -0.39534175395965576 -0.05497852712869644
v 0.08288892358541489 -0.3789508044719696 -0.04445702210068703
v 0.040925368666648865 -0.41381484270095825 -0.13436833024024963
v 0.03883583843708038 -0.4245299994945526 -0.13605332374572754
v 0.16412243247032166 -0.03527367115020752 0.01565193384885788
v 0.10187342017889023 0.0038334429264068604 -0.11707617342472076
v 0.07328309118747711 -0.0015250444412231445 -0.11968399584293365
v 0.06850144267082214 0.02454802393913269 -0.12636752426624298
v 0.09569303691387177 0.029636800289154053 -0.1252644807100296
v 0.012122740969061852 0.004845350980758667 -0.034931719303131104
v 0.014299821108579636 0.031100869178771973 -0.042174242436885834
v 0.01707599312067032 0.026878923177719116 -0.06271391361951828
v 0.016206365078687668 0.0018431246280670166 -0.05697821080684662
v 0.017350923269987106 0.05700269341468811 -0.05036204308271408
v 0.018280183896422386 0.08272352814674377 -0.056145668029785156
v 0.017072707414627075 0.0792800784111023 -0.07616651058197021
v 0.018268652260303497 0.05210217833518982 -0.07105752825737
v 0.13261160254478455 -0.010976225137710571 -0.0901813805103302
v 0.13124144077301025 0.04589492082595825 -0.0821463018655777
v 0.13873499631881714 0.021902382373809814 -0.07258662581443787
v 0.12461676448583603 0.013245642185211182 -0.09924636781215668
v 0.11763066053390503 0.038413554430007935 -0.10761980712413788
v 0.10348476469516754 0.015064656734466553 0.02847449481487274
v 0.010010450147092342 -0.03990679979324341 -0.025752797722816467
v 0.010641086846590042 -0.019155561923980713 -0.029632017016410828
v 0.023420924320816994 0.040848731994628906 -0.00853748619556427
v 0.017954770475625992 0.012506991624832153 0.0005034059286117554
v 0.032581016421318054 0.019705206155776978 0.01699099689722061
v 0.03755089268088341 0.0475996732711792 0.006322689354419708
v 0.11877637356519699 0.057789385318756104 -0.008872225880622864
v 0.12256450206041336 0.03695356845855713 0.0029227882623672485
v 0.13755694031715393 0.03471657633781433 -0.01639266312122345
v 0.13208851218223572 0.05501827597618103 -0.028348632156848907
v 0.14310753345489502 0.029209136962890625 -0.04285481572151184
v 0.1357172131538391 0.05166921019554138 -0.05415603518486023
v 0.11683955043554306 0.09304836392402649 -0.10116081684827805
v 0.12380354106426239 0.0696781575679779 -0.09178026020526886
v 0.11053954064846039 0.06337103247642517 -0.1164218932390213
v 0.10340668261051178 0.08714324235916138 -0.12498531490564346
v 0.12522506713867188 0.09716421365737915 -0.07503640651702881
v 0.1302083134651184 0.07447269558906555 -0.06462844461202621
v 0.12178994715213776 0.098287433385849 -0.0509769544005394
v 0.12748846411705017 0.07689028978347778 -0.04019148647785187
v 0.11175096035003662 0.09900906682014465 -0.0320955365896225
v 0.11570713669061661 0.07819387316703796 -0.020577266812324524
v 0.09794476628303528 0.09928074479103088 -0.018360666930675507
v 0.09911588579416275 0.07892727851867676 -0.007016405463218689
v 0.078872911632061 0.07846543192863464 0.0012623965740203857
v 0.08024033159017563 0.09902068972587585 -0.010736458003520966
v 0.06231735646724701 0.09722921252250671 -0.009236186742782593
v 0.060095831751823425 0.07517963647842407 0.0019560083746910095
v 0.0321563184261322 0.0902986228466034 -0.0249922052025795
v 0.028658976778388023 0.06632056832313538 -0.017794586718082428
v 0.04173821583390236 0.07148271799087524 -0.004494667053222656
v 0.04533907026052475 0.09398332238197327 -0.014079011976718903
v 0.0377727746963501 0.18136373162269592 -0.03627919405698776
v 0.035283371806144714 0.1586412787437439 -0.03260759264230728
v 0.05128145217895508 0.1583896279335022 -0.029743386432528496
v 0.053354110568761826 0.1800280511379242 -0.03457387536764145
v 0.06787831336259842 0.17760220170021057 -0.03511076420545578
v 0.0662415400147438 0.1573631763458252 -0.032032549381256104
v 0.08038358390331268 0.15612414479255676 -0.03457207232713699
v 0.08285123109817505 0.1758900284767151 -0.03818027302622795
v 0.10388199985027313 0.15726274251937866 -0.05575317144393921
v 0.10504119098186493 0.17695081233978271 -0.05903724581003189
v 0.09555410593748093 0.17552608251571655 -0.04562322795391083
v 0.09440326690673828 0.15621763467788696 -0.04196772351861
v 0.11139507591724396 0.15840348601341248 -0.0741669163107872
v 0.11183257400989532 0.17855581641197205 -0.07791846245527267
v 0.1121499091386795 0.1601511538028717 -0.09691451489925385
v 0.10971109569072723 0.18182355165481567 -0.09863896667957306
v 0.10004477202892303 0.16241636872291565 -0.11655668914318085
v 0.09434819221496582 0.18393069505691528 -0.1149892508983612
v 0.01453092135488987 0.15640029311180115 -0.07755701243877411
v 0.014927616342902184 0.15658697485923767 -0.05907624959945679
v 0.016851847991347313 0.1805441677570343 -0.058040983974933624
v 0.014433043077588081 0.18011164665222168 -0.0762159526348114
v 0.02587127313017845 0.15847069025039673 -0.12194801867008209
v 0.02912621945142746 0.18400797247886658 -0.11289353668689728
v 0.03838907182216644 0.18231582641601562 -0.1345405876636505
v 0.03927832096815109 0.15844282507896423 -0.1435849666595459
v 0.11089326441287994 0.11670854687690735 -0.10913478583097458
v 0.11961374431848526 0.11888721585273743 -0.08363940566778183
v 0.11645031720399857 0.118584543466568 -0.060329608619213104
v 0.1075836718082428 0.11830884218215942 -0.0421619713306427
v 0.0331152081489563 0.11324450373649597 -0.029381774365901947
v 0.0477437898516655 0.11591145396232605 -0.02131972461938858
v 0.016658535227179527 0.10579633712768555 -0.07882725447416306
v 0.01772424206137657 0.1076863706111908 -0.059693045914173126
v 0.06817912310361862 0.1346169412136078 -0.1471131592988968
v 0.08827865123748779 0.1371554434299469 -0.13606181740760803
v 0.09601248055696487 0.11250150203704834 -0.13122235238552094
v 0.07386981695890427 0.10808539390563965 -0.14194905757904053
v 0.11444129049777985 0.1389848291873932 -0.09136329591274261
v 0.11264878511428833 0.13842463493347168 -0.06825266778469086
v 0.105010986328125 0.1379561722278595 -0.0500224269926548
v 0.08050462603569031 0.13772651553153992 -0.02963026612997055
v 0.09496675431728363 0.13741916418075562 -0.03691671043634415
v 0.06551939249038696 0.1379101574420929 -0.026449918746948242
v 0.03414569050073624 0.13624784350395203 -0.031118392944335938
v 0.04954021796584129 0.13738751411437988 -0.02595699205994606
v 0.01620030775666237 0.13165059685707092 -0.07943590730428696
v 0.016458848491311073 0.13224995136260986 -0.060310009866952896
v 0.06082438305020332 0.18282735347747803 -0.1438123881816864
v 0.07993113994598389 0.18425509333610535 -0.1339626908302307
v 0.08312776684761047 0.1619882583618164 -0.13653644919395447
v 0.06288393586874008 0.16024205088615417 -0.1508541852235794
v 0.05931239575147629 0.20470693707466125 -0.13243705034255981
v 0.040929198265075684 0.20522400736808777 -0.12514495849609375
v 0.08525973558425903 0.1933702528476715 -0.03863424062728882
v 0.07072611153125763 0.19513696432113647 -0.035304129123687744
v 0.09773921221494675 0.19464385509490967 -0.046104490756988525
v 0.10674235224723816 0.2041141390800476 -0.09776510298252106
v 0.1149454340338707 0.19944828748703003 -0.07803872227668762
v 0.0932321846485138 0.207099050283432 -0.116303451359272
v 0.07771385461091995 0.20541203022003174 -0.129815936088562
v 0.026124345138669014 0.22224655747413635 -0.05512842535972595
v 0.023405279964208603 0.22402215003967285 -0.07062797993421555
v 0.018629707396030426 0.19949296116828918 -0.0749533623456955
v 0.021236781030893326 0.20066425204277039 -0.058867085725069046
v 0.04480163753032684 0.2176554799079895 -0.03343495726585388
v 0.041981134563684464 0.19966453313827515 -0.0405050590634346
v 0.0564030185341835 0.1980060338973999 -0.03752494603395462
v 0.05869670212268829 0.21484172344207764 -0.027252763509750366
v 0.09014779329299927 0.21290874481201172 -0.02982018142938614
v 0.07452549040317535 0.21261784434318542 -0.025349028408527374
v 0.10490770637989044 0.21344983577728271 -0.038823142647743225
v 0.11523204296827316 0.22262483835220337 -0.07470203191041946
v 0.11630585044622421 0.21728307008743286 -0.054423585534095764
v 0.10977441072463989 0.19560933113098145 -0.05940317362546921
v 0.1045505553483963 0.22849592566490173 -0.09651783108711243
v 0.08506061136722565 0.2597512900829315 -0.10576526820659637
v 0.10544289648532867 0.2549086809158325 -0.09375153481960297
v 0.08480051159858704 0.2330239713191986 -0.11232883483171463
v 0.0633983463048935 0.3393062651157379 -0.07547097653150558
v 0.06208161264657974 0.3665253520011902 -0.06521221250295639
v 0.07984849810600281 0.36574915051460266 -0.0668332576751709
v 0.08338116109371185 0.33903253078460693 -0.07750437408685684
v 0.026231208816170692 0.2446782886981964 -0.04614576697349548
v 0.025667797774076462 0.24767789244651794 -0.06356166303157806
v 0.06081487238407135 0.23447594046592712 -0.014020860195159912
v 0.04455006867647171 0.23765084147453308 -0.02090848982334137
v 0.11769895255565643 0.27286311984062195 -0.06205015629529953
v 0.11946247518062592 0.26575738191604614 -0.04010413587093353
v 0.11869257688522339 0.24092364311218262 -0.048563383519649506
v 0.11597922444343567 0.24711844325065613 -0.07049065828323364
v 0.02217334881424904 0.3243297338485718 -0.03533394634723663
v 0.022469880059361458 0.29779720306396484 -0.04404807090759277
v 0.02361278608441353 0.293570339679718 -0.026057228446006775
v 0.02360444702208042 0.32033586502075195 -0.01830299198627472
v 0.059933874756097794 0.25796064734458923 -0.0027570128440856934
v 0.058730583637952805 0.28362417221069336 0.006364107131958008
v 0.042399812489748 0.2864460051059723 -0.001093745231628418
v 0.043406035751104355 0.26107877492904663 -0.010393038392066956
v 0.11282004415988922 0.3279975652694702 -0.044805675745010376
v 0.11524411290884018 0.3223356306552887 -0.024161845445632935
v 0.11887279897928238 0.29296472668647766 -0.03198745846748352
v 0.11685746163129807 0.2997381389141083 -0.053286656737327576
v 0.08643632382154465 0.2857498228549957 -0.09782774746417999
v 0.08642005920410156 0.3122466504573822 -0.08809121698141098
v 0.10555615276098251 0.30662617087364197 -0.07530368119478226
v 0.10682957619428635 0.2805577218532562 -0.08483850210905075
v 0.06456353515386581 0.2859654128551483 -0.09530358016490936
v 0.06536867469549179 0.3120492696762085 -0.08588580042123795
v 0.029468176886439323 0.3776338994503021 -0.007148802280426025
v 0.027425076812505722 0.3834187686443329 -0.02163061499595642
v 0.024107517674565315 0.3533143401145935 -0.0283309668302536
v 0.025972846895456314 0.3482089638710022 -0.012379437685012817
v 0.0589350089430809 0.31137773394584656 0.01264047622680664
v 0.05902998149394989 0.34123432636260986 0.015642434358596802
v 0.0441102609038353 0.342532217502594 0.009650811553001404
v 0.042386531829833984 0.31361764669418335 0.005906715989112854
v 0.10090324282646179 0.3871679902076721 -0.02744002640247345
v 0.10137343406677246 0.38236650824546814 -0.009960740804672241
v 0.1089610904455185 0.3524927794933319 -0.017201557755470276
v 0.1074332594871521 0.3572068512439728 -0.036010533571243286
v 0.07680787146091461 0.39445260167121887 -0.05587363988161087
v 0.09345441311597824 0.39192578196525574 -0.04577670991420746
v 0.09797404706478119 0.3622124195098877 -0.056201301515102386
v 0.060015302151441574 0.3948073983192444 -0.05477955937385559
v 0.058323755860328674 0.4222947359085083 -0.04587695002555847
v 0.07221735268831253 0.42250049114227295 -0.0477302223443985
v 0.032092638313770294 0.4064183533191681 -0.0026767700910568237
v 0.03248238563537598 0.4109203517436981 -0.015863552689552307
v 0.044630009680986404 0.40088751912117004 0.014797404408454895
v 0.04517112299799919 0.37217432260513306 0.012344405055046082
v 0.05840253457427025 0.3703851103782654 0.017145022749900818
v 0.056480079889297485 0.3989497721195221 0.019744902849197388
v 0.08632384985685349 0.3753485381603241 0.013170570135116577
v 0.0816027969121933 0.4034292995929718 0.015217915177345276
v 0.06969690322875977 0.39997655153274536 0.01942555606365204
v 0.07342222332954407 0.37170958518981934 0.017455637454986572
v 0.09231562167406082 0.4093272089958191 -0.004928261041641235
v 0.088712677359581 0.40616852045059204 0.007500767707824707
v 0.09668752551078796 0.3783758282661438 0.00370614230632782
v 0.09405660629272461 0.4138835370540619 -0.02117675542831421
v 0.0876750648021698 0.4196121394634247 -0.03807134926319122
v 0.007956559769809246 -0.061804771423339844 0.0307001993060112
v 0.01802990585565567 -0.05667760968208313 0.031468115746974945
v 0.008286003954708576 -0.05383870005607605 0.013799890875816345
v 0.004787293262779713 -0.06183093786239624 0.01336146891117096
v 0.02748139575123787 0.02387598156929016 -0.08972129225730896
v 0.02891170233488083 -0.0017085075378417969 -0.08260877430438995
v 0.022674977779388428 0.07697585225105286 -0.09983725845813751
v 0.025468483567237854 0.05024877190589905 -0.09661484509706497
v 0.021426979452371597 0.10453769564628601 -0.10152711719274521
v 0.01906459406018257 0.1582455039024353 -0.09816180169582367
v 0.020342713221907616 0.13199636340141296 -0.10113584995269775
v 0.02121412754058838 0.18222150206565857 -0.09442462772130966
v 0.024729471653699875 0.2045360505580902 -0.09156140685081482
v 0.027364006265997887 0.22857967019081116 -0.08744487166404724
v 0.03189379721879959 0.2760707437992096 -0.0727507621049881
v 0.030764583498239517 0.25189802050590515 -0.0811813548207283
v 0.024250397458672523 0.2722170650959015 -0.05391015112400055
v 0.030252890661358833 0.32993263006210327 -0.054637305438518524
v 0.031144190579652786 0.3023964762687683 -0.06361620128154755
v 0.03362008184194565 0.38904616236686707 -0.03682871162891388
v 0.031192321330308914 0.35962963104248047 -0.045872509479522705
v 0.03825400769710541 0.4156751334667206 -0.028871923685073853
v 0.06619027256965637 -0.0932849645614624 -0.07393109053373337
v 0.07037084549665451 -0.1091335117816925 -0.06542165577411652
v 0.047941312193870544 -0.09538313746452332 -0.05202615261077881
v 0.04365106299519539 -0.08258324861526489 -0.05931834876537323
v 0.006463688798248768 -0.07548689842224121 -0.0012016519904136658
v 0.0072249071672558784 -0.07425498962402344 0.00168609619140625
v 0.011587614193558693 -0.07723328471183777 -0.003375209867954254
v 0.010033600963652134 -0.08058181405067444 -0.0035358592867851257
v 0.1050562784075737 0.13972419500350952 -0.11511372029781342
v 0.09562857449054718 0.11833718419075012 -0.029102616012096405
v 0.06388421356678009 0.11760586500167847 -0.0193566232919693
v 0.08059690147638321 0.11853092908859253 -0.02175547182559967
v 0.027752181515097618 0.13148444890975952 -0.12578609585762024
v 0.04420381411910057 0.1325836479663849 -0.14455771446228027
v 0.04956790804862976 0.10513231158256531 -0.13975167274475098
v 0.03132624924182892 0.10470044612884521 -0.12382464110851288
v 0.06342203170061111 0.26279327273368835 -0.10269983857870102
v 0.04363216459751129 0.2582643926143646 -0.09598984569311142
v 0.04583493247628212 0.2821368873119354 -0.08717598021030426
v 0.06287591904401779 0.24068009853363037 -0.11004244536161423
v 0.1113206297159195 0.2357276976108551 -0.030816197395324707
v 0.0962977483868599 0.23364019393920898 -0.019876256585121155
v 0.07971838116645813 0.2562849223613739 -0.002962052822113037
v 0.07886379212141037 0.23320624232292175 -0.014323785901069641
v 0.09895697236061096 0.2567192316055298 -0.008339866995811462
v 0.040520161390304565 0.050831496715545654 -0.11876960098743439
v 0.03588862344622612 0.07757484912872314 -0.12174342572689056
v 0.056122325360774994 0.07825669646263123 -0.13669684529304504
v 0.06296619027853012 0.05130705237388611 -0.13205909729003906
v 0.07108534872531891 -0.33979398012161255 0.023485757410526276
v 0.07833128422498703 -0.3334745168685913 0.013637842610478401
v 0.08298704773187637 -0.4048636853694916 -0.09027160704135895
v 0.07665319740772247 -0.396239697933197 -0.09207765012979507
v 0.07316157221794128 -0.3922172486782074 -0.07613233476877213
v 0.08082476258277893 -0.4004894196987152 -0.07407547533512115
v 0.08716009557247162 -0.4108971655368805 -0.07448939979076385
v 0.08791230618953705 -0.4157350957393646 -0.08979640156030655
v 0.09177258610725403 -0.423736035823822 -0.07530467957258224
v 0.09115856140851974 -0.42958036065101624 -0.0893586054444313
v 0.09752850234508514 -0.4805379807949066 -0.07482066005468369
v 0.09888457506895065 -0.48791155219078064 -0.07535725086927414
v 0.0071608577854931355 -0.3754040598869324 -0.07589513063430786
v 0.008614679798483849 -0.3590298593044281 -0.07666659355163574
v 0.021811271086335182 -0.35957998037338257 -0.07720950245857239
v 0.03872642666101456 -0.21813811361789703 -0.07396435737609863
v 0.057849615812301636 -0.16627787053585052 -0.06093573570251465
v 0.038457781076431274 -0.16371417045593262 -0.06152091920375824
v 0.03355379402637482 -0.148584246635437 -0.0531853623688221
v 0.008325539529323578 -0.10834601521492004 -0.021626248955726624
v 0.001411777688190341 -0.09675198793411255 -0.012506149709224701
v 0.0011360114440321922 -0.08394628763198853 -0.004413396120071411
v 0.0007058652117848396 -0.07691586017608643 -0.003864891827106476
v 0.04583299905061722 -0.3958151638507843 0.042702510952949524
v 0.048505350947380066 -0.41604170203208923 0.043238576501607895
v 0.007583292666822672 -0.5679731369018555 0.02225583791732788
v 0.028225984424352646 -0.5717054009437561 0.019014380872249603
v 0.025758331641554832 -0.5909959077835083 0.01045929454267025
v 0.0051776268519461155 -0.5865967273712158 0.012698888778686523
v 0.003701619803905487 -0.5955326557159424 0.009285351261496544
v 0.02291850931942463 -0.5996706485748291 0.007221457548439503
v -0.008774761110544205 -0.642967939376831 -0.013643551617860794
v -0.005118768662214279 -0.6332895755767822 -0.0078086890280246735
v 0.004221082665026188 -0.07246360182762146 0.010616704821586609
v 0.0037356833927333355 -0.07018277049064636 0.016135506331920624
v 0.006184117868542671 -0.07241272926330566 0.0047043561935424805
v 0.021385639905929565 -0.060524165630340576 -0.04348886013031006
v 0.025350051000714302 -0.0745733380317688 -0.039421066641807556
v 0.013241209089756012 -0.06841227412223816 -0.019998490810394287
v 0.010944720357656479 -0.05623719096183777 -0.02294856309890747
v 0.17560900747776031 -0.07829797267913818 -0.014387279748916626
v 0.1662110537290573 -0.08522117137908936 -0.04614313691854477
v 0.08474575728178024 -0.02906036376953125 0.06388607621192932
v 0.12514229118824005 -0.3901273012161255 -0.045917849987745285
v 0.12039221078157425 -0.4113892912864685 -0.044908951967954636
v 0.12976694107055664 -0.41058337688446045 -0.04050920903682709
v 0.13451525568962097 -0.3888353109359741 -0.042259227484464645
v 0.05577769875526428 -0.49144288897514343 0.0433364175260067
v 0.06048988178372383 -0.46503692865371704 0.042021505534648895
v 0.04116995260119438 -0.6130759716033936 -0.06648601591587067
v 0.11240196973085403 -0.5989580154418945 -0.0879129022359848
v 0.10265737026929855 -0.6060893535614014 -0.08114878833293915
v 0.09351646900177002 -0.5900388956069946 -0.09268832206726074
v 0.10038994997739792 -0.5844943523406982 -0.09844870865345001
v 0.11806423962116241 -0.5841071009635925 -0.02969338372349739
v 0.11026588082313538 -0.5887629985809326 -0.018926536664366722
v 0.11308792233467102 -0.6007643342018127 -0.030923767015337944
v 0.12123940885066986 -0.5947690606117249 -0.04005841910839081
v 0.058950312435626984 -0.16163477301597595 0.127289816737175
v 0.03246816620230675 -0.1628086268901825 0.12640950083732605
v 0.02864666096866131 -0.33979490399360657 0.05056425929069519
v 0.02850022166967392 -0.35858380794525146 0.04954430088400841
v 0.04199722409248352 -0.3549891412258148 0.046040941029787064
v 0.04245627298951149 -0.3357565402984619 0.047457627952098846
v 0.07836878299713135 -0.47763097286224365 0.03280601650476456
v 0.08629246056079865 -0.46153777837753296 0.02672557346522808
v 0.0051129162311553955 -0.42508986592292786 -0.12661008536815643
v 0.015422794967889786 -0.4297989308834076 -0.13092786073684692
v 0.01366497203707695 -0.4469645917415619 -0.12807118892669678
v 0.001955960877239704 -0.4425545334815979 -0.12611088156700134
v 0.14398343861103058 -0.4424561560153961 -0.04178512841463089
v 0.13487115502357483 -0.43388253450393677 -0.038756173104047775
v 0.12831294536590576 -0.4548008143901825 -0.03772822767496109
v 0.13469594717025757 -0.4599636197090149 -0.037511762231588364
v 0.14901071786880493 -0.049836307764053345 0.053732555359601974
v 0.16965317726135254 -0.07057303190231323 0.026920273900032043
v 0.08689581602811813 -0.3631554841995239 -0.0001424849033355713
v 0.08526661992073059 -0.34495988488197327 0.0018523202743381262
v 0.07960418611764908 -0.352341890335083 0.013330570422112942
v 0.08192713558673859 -0.36976659297943115 0.011459470726549625
v 0.09331166744232178 -0.4085601270198822 -0.012930847704410553
v 0.0892896056175232 -0.39452019333839417 -0.008459481410682201
v 0.09795153141021729 -0.4227816164493561 -0.01794310286641121
v 0.11482943594455719 -0.4998330771923065 -0.04076423496007919
v 0.1138240322470665 -0.4986356794834137 -0.04146942123770714
v 0.11582809686660767 -0.500956654548645 -0.03671650588512421
v 0.03828352317214012 -0.06749090552330017 -0.06563335657119751
v 0.047650255262851715 -0.11541593074798584 -0.04408671706914902
v 0.03727645054459572 -0.12357205152511597 -0.045375287532806396
v 0.0040177167393267155 -0.07292211055755615 0.0049449726939201355
v 0.0010768868960440159 -0.07225823402404785 0.002096228301525116
v 0.011184296570718288 -0.6306275129318237 -0.07766597718000412
v 0.017085377126932144 -0.6358203887939453 -0.06916055083274841
v 0.1072918176651001 -0.46692705154418945 -0.04857897385954857
v 0.10781889408826828 -0.4815123677253723 -0.04871426895260811
v 0.10750529915094376 -0.4811915159225464 -0.0479067787528038
v 0.1099247857928276 -0.4883236587047577 -0.04726224020123482
v 0.1066911518573761 -0.487280011177063 -0.05578317493200302
v 0.10468935966491699 -0.4801305830478668 -0.05577078089118004
v 0.10936399549245834 -0.4833467900753021 -0.04131587594747543
v 0.1119130328297615 -0.489889919757843 -0.04055941849946976
v 0.06940852850675583 -0.5171614289283752 -0.10248974710702896
v 0.07246002554893494 -0.5328602194786072 -0.1011446937918663
v 0.06648208200931549 -0.5376072525978088 -0.10130034387111664
v 0.06336921453475952 -0.5199266672134399 -0.10411079972982407
v 0.054468490183353424 -0.5197495222091675 -0.10441073775291443
v 0.057445161044597626 -0.5382474660873413 -0.10064022988080978
v 0.04690399020910263 -0.5383123755455017 -0.099661685526371
v 0.044292908161878586 -0.5193201303482056 -0.10455328226089478
v 0.037689924240112305 -0.5960432291030884 -0.07981956750154495
v 0.021966740489006042 -0.5878324508666992 -0.08473780751228333
v 0.0066207218915224075 -0.5815809369087219 -0.08638649433851242
v -0.005681467242538929 -0.5751959681510925 -0.08729850500822067
v -0.0020326501689851284 -0.6222763657569885 -0.0029406524263322353
v 0.01937076635658741 -0.626491367816925 -0.006730970460921526
v 0.01883769780397415 -0.6159322261810303 -0.000537851476110518
v -0.00033013150095939636 -0.6121453046798706 0.0015013350639492273
v -0.017323452979326248 -0.6096981763839722 0.0037927995435893536
v -0.018893543630838394 -0.6196460723876953 -0.0008704899810254574
v 0.007283608429133892 -0.6164920330047607 -0.08031035214662552
v -0.0027012238278985023 -0.6123945713043213 -0.08412839472293854
v -0.00952296145260334 -0.5980560779571533 -0.0818793773651123
v 0.14362865686416626 -0.4053155779838562 -0.10425890982151031
v 0.14221040904521942 -0.4271176755428314 -0.1026669293642044
v 0.02062797360122204 -0.6525164246559143 -0.05112514644861221
v 0.021029967814683914 -0.6452168226242065 -0.061119284480810165
v 0.15446150302886963 -0.40569889545440674 -0.09685532748699188
v 0.15335489809513092 -0.42757710814476013 -0.09541822969913483
v 0.07288415729999542 -0.5761245489120483 -0.09515031427145004
v 0.08293630182743073 -0.5729280710220337 -0.0976332426071167
v 0.08358415961265564 -0.5951937437057495 -0.088664211332798
v 0.00355168548412621 -0.6264695525169373 -0.0851736068725586
v -0.006163745187222958 -0.6229264736175537 -0.08983982354402542
v 0.17310279607772827 -0.10975155234336853 -0.013965383172035217
v 0.16430237889289856 -0.115947425365448 -0.04304194450378418
v 0.0895800068974495 -0.3135875463485718 -0.021549107506871223
v 0.0858636200428009 -0.30718469619750977 -0.03403801470994949
v -0.003125980496406555 -0.3240981101989746 -0.07193852961063385
v -0.003148425603285432 -0.3085661232471466 -0.06956972926855087
v 0.00947943702340126 -0.30769291520118713 -0.07070959359407425
v 0.009573027491569519 -0.32469284534454346 -0.07316421717405319
v -0.0063080936670303345 -0.37350621819496155 -0.07350686937570572
v -0.004872136749327183 -0.35782989859580994 -0.0737118348479271
v -0.023264873772859573 -0.6259642839431763 -0.09931071847677231
v 0.02147914282977581 -0.26978036761283875 -0.06892431527376175
v 0.021317752078175545 -0.2911989688873291 -0.06885067373514175
v 0.00957244262099266 -0.2888185977935791 -0.06825167685747147
v 0.008817901834845543 -0.2644685208797455 -0.06884229928255081
v 0.0027073801029473543 -0.23889222741127014 -0.07779155671596527
v 0.002256046049296856 -0.2279527187347412 -0.08083926141262054
v 0.015843531116843224 -0.13883426785469055 -0.04452206566929817
v 0.007040789816528559 -0.1408213973045349 -0.04370040073990822
v 0.11194058507680893 -0.4785681962966919 -0.09874778985977173
v 0.12496019154787064 -0.4819287359714508 -0.10340528190135956
v 0.1243990957736969 -0.49770471453666687 -0.10338018089532852
v 0.11116425693035126 -0.49195289611816406 -0.09905886650085449
v 0.044330935925245285 -0.2744051218032837 -0.06354688853025436
v 0.03288326784968376 -0.2727118134498596 -0.06729602813720703
v 0.08838985860347748 -0.47505471110343933 -0.08488186448812485
v 0.09486166387796402 -0.47142043709754944 -0.07417461276054382
v 0.004602489061653614 -0.3870895504951477 -0.09160857647657394
v 0.026494380086660385 -0.4349885880947113 -0.13296625018119812
v 0.02493136189877987 -0.45050838589668274 -0.1288488507270813
v 0.03752276301383972 -0.4390667974948883 -0.13399283587932587
v 0.03586975857615471 -0.4536566734313965 -0.12872904539108276
v 0.001220842357724905 -0.06865540146827698 0.007088117301464081
v 0.003139603417366743 -0.0745093822479248 0.012074947357177734
v 0.1515643298625946 -0.5025815367698669 -0.05460023880004883
v 0.1496027410030365 -0.49839380383491516 -0.049907438457012177
v 0.14607644081115723 -0.5089118480682373 -0.04692911356687546
v 0.14857980608940125 -0.513386607170105 -0.051829319447278976
v 0.006812199950218201 -0.039489030838012695 -0.007238373160362244
v 0.006107444409281015 -0.053728729486465454 -0.004396021366119385
v 0.02338588982820511 -0.05684381723403931 0.051941584795713425
v 0.009084968827664852 -0.06263670325279236 0.04470279812812805
v 0.0037392573431134224 -0.07221922278404236 0.05100497975945473
v 0.004185286350548267 -0.07369479537010193 0.05934964865446091
v 0.05075101554393768 -0.02634170651435852 -0.09934583306312561
v 0.0559520423412323 -0.05016240477561951 -0.09212985634803772
v 0.04815975949168205 -0.0011437535285949707 -0.10575486719608307
v 0.044576048851013184 0.025589406490325928 -0.11246786266565323
v 0.03360956162214279 0.20698735117912292 -0.10702487826347351
v 0.041368648409843445 0.23196959495544434 -0.10465648025274277
v 0.04676412045955658 0.30803433060646057 -0.07720188796520233
v 0.04649345576763153 0.33528584241867065 -0.06729498505592346
v 0.046022966504096985 0.36420878767967224 -0.05723200738430023
v 0.04704035818576813 0.4196564853191376 -0.03932225704193115
v 0.04566337168216705 0.39321088790893555 -0.04717989265918732
v 0.16090814769268036 -0.40317440032958984 -0.086457759141922
v 0.16378454864025116 -0.39918309450149536 -0.07584957778453827
v 0.16350725293159485 -0.4232705235481262 -0.07223564386367798
v 0.160267174243927 -0.42760127782821655 -0.08401939272880554
v 0.10635408759117126 -0.43355682492256165 -0.056835029274225235
v 0.10870373249053955 -0.41432181000709534 -0.05765786021947861
v 0.10459762811660767 -0.41585758328437805 -0.065132275223732
v 0.10306961834430695 -0.435380220413208 -0.06425914168357849
v 0.11140397191047668 -0.3943628668785095 -0.05806654691696167
v 0.1132720559835434 -0.41288137435913086 -0.050639718770980835
v 0.11744371801614761 -0.39227521419525146 -0.05142291262745857
v 0.14508622884750366 -0.3892245888710022 -0.0423012375831604
v 0.14005146920681 -0.41139039397239685 -0.0398358479142189
v 0.15024332702159882 -0.4149036407470703 -0.04419754445552826
v 0.15430888533592224 -0.39104488492012024 -0.04766301065683365
v 0.1633857786655426 -0.3954504132270813 -0.06542831659317017
v 0.16039115190505981 -0.3928127884864807 -0.05581047013401985
v 0.1578194797039032 -0.4162392020225525 -0.05239946022629738
v 0.16190701723098755 -0.41841423511505127 -0.06249922513961792
v 0.1042143851518631 -0.3986203670501709 -0.0826033353805542
v 0.10306599736213684 -0.4189109206199646 -0.08161449432373047
v 0.1018175259232521 -0.4170887768268585 -0.07331068068742752
v 0.10303878784179688 -0.3971492052078247 -0.07393477857112885
v 0.1394071877002716 -0.4853302240371704 -0.10221722722053528
v 0.1387689858675003 -0.5016612410545349 -0.10311245918273926
v 0.09517218172550201 -0.49827852845191956 -0.0801112949848175
v 0.09694649279117584 -0.4998288154602051 -0.07450186461210251
v 0.09504484385251999 -0.49896538257598877 -0.08513370156288147
v 0.09284575283527374 -0.5041136145591736 -0.08878187835216522
v 0.1262919306755066 -0.4479004144668579 -0.1025991141796112
v 0.14072285592556 -0.44804155826568604 -0.1017346903681755
v 0.13927501440048218 -0.46747568249702454 -0.10156961530447006
v 0.12511879205703735 -0.46598613262176514 -0.10273103415966034
v 0.10142750293016434 -0.43909764289855957 -0.08037672936916351
v 0.0994868129491806 -0.4584134817123413 -0.07925286889076233
v 0.0984950065612793 -0.45615053176879883 -0.0709318071603775
v 0.10052758455276489 -0.43683356046676636 -0.07244798541069031
v 0.11949332058429718 -0.4517855942249298 -0.03942325338721275
v 0.1244957447052002 -0.4319222569465637 -0.03977329283952713
v 0.10133194923400879 -0.48831698298454285 -0.08900528401136398
v 0.10276259481906891 -0.47582653164863586 -0.08907107263803482
v 0.08908215165138245 -0.46563687920570374 -0.08519208431243896
v 0.10290662944316864 -0.4718739688396454 -0.05488516762852669
v 0.10185573995113373 -0.46233826875686646 -0.05389804765582085
v 0.07876209914684296 -0.4051845669746399 -0.10534512996673584
v 0.07924212515354156 -0.41800209879875183 -0.1134306788444519
v 0.09651916474103928 -0.43644198775291443 -0.062311992049217224
v 0.09282101690769196 -0.4229571521282196 -0.06013915315270424
v 0.08264351636171341 -0.42095887660980225 -0.1092444360256195
v 0.08356369286775589 -0.41288241744041443 -0.10260050743818283
v 0.04704717919230461 -0.3610125184059143 -0.07038598507642746
v -0.007655030116438866 -0.5873818397521973 -0.08261709660291672
v 0.10428263247013092 -0.4615933299064636 -0.08919834345579147
v 0.11309528350830078 -0.4638795256614685 -0.09806984663009644
v 0.12819966673851013 -0.4739954471588135 -0.035708047449588776
v 0.12183243781328201 -0.4710204005241394 -0.03662704676389694
v 0.11745723336935043 -0.48420652747154236 -0.03535667806863785
v 0.1231011301279068 -0.48599153757095337 -0.0346393808722496
v 0.10083752870559692 -0.4959013760089874 0.012270187959074974
v 0.10248292237520218 -0.48531094193458557 0.006821636576205492
v 0.0950670838356018 -0.47451961040496826 0.01672138087451458
v 0.09121725708246231 -0.4874170422554016 0.022747941315174103
v 0.15535521507263184 -0.503903329372406 -0.06542526185512543
v 0.15363673865795135 -0.5167586207389832 -0.06419386714696884
v 0.15536896884441376 -0.5146342515945435 -0.07295861095190048
v 0.1565731316804886 -0.499617338180542 -0.0734303668141365
v 0.15484750270843506 -0.5113393664360046 -0.08346359431743622
v 0.14983515441417694 -0.5071224570274353 -0.0950569212436676
v 0.15041930973529816 -0.48942506313323975 -0.09414850920438766
v 0.1553947478532791 -0.4947941303253174 -0.08261733502149582
v 0.16674154996871948 -0.14043624699115753 0.016706008464097977
v 0.1604265719652176 -0.13864606618881226 0.04344642162322998
v 0.08219806849956512 -0.23619869351387024 -0.05908835679292679
v 0.0952925831079483 -0.24226541817188263 -0.04864379018545151
v 0.08059363067150116 -0.1760246306657791 -0.05940890684723854
v 0.01669865846633911 -0.0784386396408081 -0.014187276363372803
v 0.03155870735645294 -0.08887958526611328 -0.03156661242246628
v 0.008067043498158455 -0.017118006944656372 -0.011259913444519043
v 0.16573405265808105 -0.14163951575756073 -0.011596806347370148
v 0.016866154968738556 0.034983038902282715 -0.025870226323604584
v 0.012401344254612923 0.008210033178329468 -0.017205752432346344
v 0.05780928209424019 0.053331077098846436 0.013408772647380829
v 0.0548827089369297 0.027599632740020752 0.025422394275665283
v 0.07861600816249847 0.03372979164123535 0.02456621825695038
v 0.07863602787256241 0.05677935481071472 0.012759886682033539
v 0.10154850780963898 0.0363922119140625 0.01645846664905548
v 0.09986039996147156 0.05819693207740784 0.0041501522064208984
v 0.08038118481636047 0.08066236972808838 -0.13822630047798157
v 0.07875226438045502 0.28305456042289734 0.007112771272659302
v 0.09495232999324799 0.31357458233833313 0.007333293557167053
v 0.07728514820337296 0.3116738498210907 0.013053253293037415
v 0.09817786514759064 0.28390181064605713 0.0010035037994384766
v 0.11362616717815399 0.26004788279533386 -0.021446213126182556
v 0.11228322982788086 0.28691115975379944 -0.01283256709575653
v 0.10213135927915573 0.33383405208587646 -0.06598547846078873
v 0.07566343247890472 0.34159567952156067 0.016135022044181824
v 0.09129683673381805 0.34472861886024475 0.011066630482673645
v 0.10880526900291443 0.3168901801109314 -0.006121322512626648
v 0.10327467322349548 0.3477620780467987 -0.00083179771900177
v 0.006647984962910414 -0.06458660960197449 -0.0029317736625671387
v 0.0035024061799049377 -0.0721186101436615 0.07217960059642792
v 0.1454223096370697 -0.12022095918655396 -0.06383736431598663
v 0.14677143096923828 -0.09391215443611145 -0.06815086305141449
v 0.0712171271443367 -0.12182573974132538 -0.05843564122915268
v 0.09439902007579803 -0.13430896401405334 -0.06538587063550949
v 0.06726884841918945 -0.2952415943145752 -0.052723415195941925
v 0.0555109903216362 -0.29319778084754944 -0.05713825672864914
v 0.06866654753684998 -0.33101579546928406 -0.05244175344705582
v 0.06826391071081161 -0.3130309581756592 -0.05161445960402489
v 0.07781707495450974 -0.31857484579086304 -0.04391801729798317
v 0.07757236808538437 -0.335824191570282 -0.044334620237350464
v 0.09035845100879669 -0.3493145704269409 -0.02465120330452919
v 0.08925078809261322 -0.3311087489128113 -0.022397220134735107
v 0.08900393545627594 -0.33783310651779175 -0.010397262871265411
v 0.0900186151266098 -0.35682347416877747 -0.01212669163942337
v 0.08529531210660934 -0.32661905884742737 0.0027430648915469646
v 0.08962395787239075 -0.3196074068546295 -0.009398587048053741
v 0.0555155910551548 -0.3703358769416809 0.038676049560308456
v 0.05810147896409035 -0.3904482126235962 0.03642071411013603
v 0.06777017563581467 -0.3842070698738098 0.029791101813316345
v 0.06517994403839111 -0.3646695017814636 0.031699586659669876
v 0.026458345353603363 -0.13308347761631012 -0.044852033257484436
v 0.01017683558166027 -0.07480478286743164 -0.0033948123455047607
v 0.06149446964263916 -0.07318168878555298 -0.08403009176254272
v 0.09267548471689224 -0.10015979409217834 -0.0818430632352829
v 0.12196781486272812 -0.09861841797828674 -0.08031979948282242
v 0.10557916760444641 -0.48346683382987976 -0.05468861758708954
v 0.11153002828359604 -0.5005922317504883 -0.018464524298906326
v 0.11264343559741974 -0.5088993310928345 -0.014956338331103325
v 0.15035177767276764 -0.4710807204246521 -0.09342214465141296
v 0.15588560700416565 -0.4771829843521118 -0.08146258443593979
v 0.09687845408916473 -0.4745393991470337 -0.07888883352279663
v 0.12334953248500824 -0.5115945935249329 -0.10337434709072113
v 0.10826674103736877 -0.5166990160942078 -0.09984934329986572
v 0.11002212762832642 -0.504948079586029 -0.09873119741678238
v 0.10768327862024307 -0.17360655963420868 -0.0538293682038784
v 0.11491135507822037 -0.1573592722415924 -0.05910499393939972
v 0.1361284703016281 -0.16311462223529816 -0.05088018625974655
v 0.0045658075250685215 -0.0662497878074646 0.03537103533744812
v 0.0032776601146906614 -0.07007676362991333 0.03981688618659973
v 0.050499968230724335 -0.10567229986190796 -0.047381334006786346
v 0.0226383488625288 0.08610612154006958 -0.03958386927843094
v 0.020220477133989334 0.06107050180435181 -0.03382290154695511
v 0.022929947823286057 0.110096275806427 -0.04306330531835556
v 0.022572627291083336 0.13313624262809753 -0.04374982416629791
v 0.02244298905134201 0.15792125463485718 -0.043042927980422974
v 0.025133971124887466 0.18017351627349854 -0.044099170714616776
v 0.029501304030418396 0.19967007637023926 -0.0460205078125
v 0.03354703634977341 0.21987873315811157 -0.04221610724925995
v 0.02495189756155014 0.2683308720588684 -0.03553333878517151
v 0.03295381739735603 0.24080967903137207 -0.03216046094894409
v 0.031869783997535706 0.26437896490097046 -0.021572783589363098
v 0.03095725178718567 0.2899031937122345 -0.012060940265655518
v 0.033218204975128174 0.34498998522758484 -1.0713934898376465e-05
v 0.030955448746681213 0.3164008557796478 -0.0048079341650009155
v 0.03601689636707306 0.37372690439224243 0.003970354795455933
v 0.03653030842542648 0.403224915266037 0.006854623556137085
v 0.002967198844999075 -0.07090285420417786 0.01689741760492325
v 0.003076519351452589 -0.06881016492843628 0.025032803416252136
v 0.061336860060691833 -0.5781276822090149 -0.09137597680091858
v 0.10111668705940247 -0.4805155396461487 -0.06454639881849289
v 0.10260005295276642 -0.4872520864009857 -0.06499197334051132
v 0.09530987590551376 -0.48608964681625366 -0.0791972279548645
v 0.00340418703854084 -0.07454672455787659 0.08801184594631195
v 0.004070405848324299 -0.08038932085037231 0.10379929095506668
v 0.15966914594173431 -0.44106847047805786 -0.05801210179924965
v 0.1621280312538147 -0.4466613531112671 -0.06753779947757721
v 0.0969759076833725 -0.47397303581237793 -0.06933815777301788
v 0.10042411088943481 -0.4967217743396759 -0.06922522187232971
v 0.10150633007287979 -0.5023987293243408 -0.06457878649234772
v 0.12911105155944824 -0.2745547890663147 -0.1578807532787323
v 0.12199416011571884 -0.2628341019153595 -0.16671377420425415
v 0.12870995700359344 -0.25790393352508545 -0.16574010252952576
v 0.13621491193771362 -0.2692771553993225 -0.1559559404850006
v 0.12107452750205994 -0.2779598534107208 -0.15583261847496033
v 0.11457347124814987 -0.2657310664653778 -0.16411098837852478
v 0.10292232036590576 -0.26052311062812805 -0.12055772542953491
v 0.09987260401248932 -0.2461576759815216 -0.13113167881965637
v 0.09988624602556229 -0.25369763374328613 -0.1371908187866211
v 0.10314498841762543 -0.2680824398994446 -0.1272011399269104
v 0.1028912290930748 -0.25343507528305054 -0.1666855812072754
v 0.1083851233124733 -0.26652029156684875 -0.15869873762130737
v 0.1044558584690094 -0.2642724812030792 -0.15112650394439697
v 0.0999104455113411 -0.25025928020477295 -0.15975961089134216
v 0.11419661343097687 -0.24454665184020996 -0.11225554347038269
v 0.11605711281299591 -0.257928729057312 -0.10071301460266113
v 0.1250034123659134 -0.2539675831794739 -0.10127252340316772
v 0.12274570763111115 -0.2412617802619934 -0.1131143569946289
v 0.11216896027326584 -0.31972914934158325 -0.08717341721057892
v 0.11260122060775757 -0.33069908618927 -0.0847632884979248
v 0.1121453195810318 -0.3240078091621399 -0.07722973823547363
v 0.11148478090763092 -0.31245073676109314 -0.07984443008899689
v 0.14349046349525452 -0.2990037798881531 -0.1400427520275116
v 0.1362430602312088 -0.2866038680076599 -0.14894038438796997
v 0.1433919072151184 -0.2812035381793976 -0.14530643820762634
v 0.1504397988319397 -0.2934083342552185 -0.13442707061767578
v 0.11868035793304443 -0.3047347664833069 -0.12500685453414917
v 0.12381112575531006 -0.3179110884666443 -0.11522598564624786
v 0.11759834736585617 -0.3157942593097687 -0.10685701668262482
v 0.11350768804550171 -0.30161696672439575 -0.11556297540664673
v 0.1569776087999344 -0.30542999505996704 -0.12236380577087402
v 0.15065215528011322 -0.31147414445877075 -0.12977996468544006
v 0.10915200412273407 -0.27788540720939636 -0.14282315969467163
v 0.11383240669965744 -0.29120108485221863 -0.13407421112060547
v 0.10926729440689087 -0.2877473533153534 -0.1253449022769928
v 0.1055283397436142 -0.273739755153656 -0.13464295864105225
v 0.1084829643368721 -0.220074862241745 -0.13611173629760742
v 0.11160127818584442 -0.2321425974369049 -0.1241377592086792
v 0.11998896300792694 -0.229230135679245 -0.12533503770828247
v 0.1163874939084053 -0.21792671084403992 -0.13771262764930725
v 0.0981038510799408 -0.2455115020275116 -0.15336984395980835
v 0.10189475119113922 -0.25980886816978455 -0.1438913643360138
v 0.09647753834724426 -0.2394697666168213 -0.14729422330856323
v 0.13031211495399475 -0.23216265439987183 -0.16464576125144958
v 0.13779383897781372 -0.24303588271141052 -0.1531979739665985
v 0.13306906819343567 -0.2509935796260834 -0.16001665592193604
v 0.12562674283981323 -0.240073561668396 -0.170623779296875
v 0.1084468811750412 -0.2900491952896118 -0.10031560063362122
v 0.10553362965583801 -0.275326669216156 -0.11027342081069946
v 0.10637683421373367 -0.28230857849121094 -0.11702391505241394
v 0.10987147688865662 -0.29642361402511597 -0.10718917846679688
v 0.13442042469978333 -0.30341413617134094 -0.13869988918304443
v 0.1277565360069275 -0.2905513048171997 -0.1471150517463684
v 0.145467609167099 -0.2540759742259979 -0.14128166437149048
v 0.1522340625524521 -0.26574942469596863 -0.12876823544502258
v 0.1490335762500763 -0.2739150822162628 -0.1378495693206787
v 0.1411670446395874 -0.2624683976173401 -0.1491681933403015
v 0.15455712378025055 -0.27008819580078125 -0.10495755076408386
v 0.1502140909433365 -0.2583385407924652 -0.1185605525970459
v 0.1434938609600067 -0.2543562054634094 -0.11007094383239746
v 0.1460055708885193 -0.26666051149368286 -0.09676066040992737
v 0.11111244559288025 -0.2975148558616638 -0.0850919783115387
v 0.11011186242103577 -0.3053164482116699 -0.09188279509544373
v 0.1170894205570221 -0.272676020860672 -0.0895533561706543
v 0.11695230007171631 -0.28807735443115234 -0.07923778891563416
v 0.12704820930957794 -0.2820759117603302 -0.07759775221347809
v 0.12650668621063232 -0.2677854895591736 -0.08913692831993103
v 0.13961702585220337 -0.3399311602115631 -0.11166101694107056
v 0.13723602890968323 -0.33063459396362305 -0.11590085923671722
v 0.14750173687934875 -0.32875579595565796 -0.12083937227725983
v 0.15134215354919434 -0.3378485143184662 -0.1138618141412735
v 0.15692397952079773 -0.32323819398880005 -0.11837975680828094
v 0.1604355275630951 -0.3331516981124878 -0.1092493087053299
v 0.16643241047859192 -0.34403976798057556 -0.08865942060947418
v 0.16621103882789612 -0.336032509803772 -0.09288319945335388
v 0.16557401418685913 -0.33249858021736145 -0.08270826935768127
v 0.16582129895687103 -0.34057143330574036 -0.0788382887840271
v 0.1589459776878357 -0.29358863830566406 -0.07595911622047424
v 0.15749412775039673 -0.28204256296157837 -0.09072944521903992
v 0.14698201417922974 -0.27935585379600525 -0.08298859000205994
v 0.14718864858150482 -0.2924256920814514 -0.06840555369853973
v 0.13546398282051086 -0.306380033493042 -0.05662345886230469
v 0.13650545477867126 -0.2932446002960205 -0.06546886265277863
v 0.12606549263000488 -0.29636457562446594 -0.0669393241405487
v 0.12499538064002991 -0.3089515268802643 -0.06035877764225006
v 0.12585045397281647 -0.35561999678611755 -0.05018238723278046
v 0.12837855517864227 -0.3420008718967438 -0.05046764761209488
v 0.11935430765151978 -0.34511125087738037 -0.05598338693380356
v 0.11801892518997192 -0.35791638493537903 -0.05613981932401657
v 0.10911127179861069 -0.3534034192562103 -0.07342429459095001
v 0.10958361625671387 -0.3564315736293793 -0.0820627436041832
v 0.1085887998342514 -0.3664079010486603 -0.08218076825141907
v 0.10800594091415405 -0.36455464363098145 -0.07311289012432098
v 0.14505207538604736 -0.3686821758747101 -0.10579774528741837
v 0.1436094492673874 -0.36118170619010925 -0.10728234052658081
v 0.15579195320606232 -0.3593721091747284 -0.10297740250825882
v 0.15677860379219055 -0.36769747734069824 -0.0996934026479721
v 0.15899579226970673 -0.3038080930709839 -0.06400217115879059
v 0.14603844285011292 -0.30560728907585144 -0.055967554450035095
v 0.11012934893369675 -0.34414801001548767 -0.07423889636993408
v 0.11127401888370514 -0.3344094753265381 -0.0756959319114685
v 0.11142654716968536 -0.33994242548942566 -0.08383607864379883
v 0.11065386980772018 -0.348550945520401 -0.08272820711135864
v 0.12161093205213547 -0.3540000915527344 -0.09741103649139404
v 0.12165573239326477 -0.3466693162918091 -0.09810590744018555
v 0.12977267801761627 -0.3480350375175476 -0.10458102822303772
v 0.1302507370710373 -0.3547278642654419 -0.10472869873046875
v 0.14221401512622833 -0.3550925850868225 -0.10871763527393341
v 0.1408528983592987 -0.34810173511505127 -0.1101875901222229
v 0.15320523083209991 -0.345996230840683 -0.10995516180992126
v 0.15446527302265167 -0.3529583513736725 -0.10659801959991455
v 0.15873350203037262 -0.3114607334136963 -0.058894142508506775
v 0.15694719552993774 -0.3194279074668884 -0.05500027537345886
v 0.16237583756446838 -0.3244192600250244 -0.06293907761573792
v 0.16476303339004517 -0.31727713346481323 -0.06725120544433594
v 0.12313905358314514 -0.32061994075775146 -0.05751439929008484
v 0.13345202803611755 -0.3179543912410736 -0.052998438477516174
v 0.12114275246858597 -0.3374341130256653 -0.09870646893978119
v 0.11443398892879486 -0.34395572543144226 -0.09209209680557251
v 0.11533565819263458 -0.33532267808914185 -0.09255020320415497
v 0.16181118786334991 -0.34135451912879944 -0.10319942235946655
v 0.13359329104423523 -0.3535400331020355 -0.04640461504459381
v 0.12994378805160522 -0.3690803050994873 -0.04616670310497284
v 0.13880030810832977 -0.3679869472980499 -0.043314069509506226
v 0.1418953686952591 -0.3523736298084259 -0.044914111495018005
v 0.12251031398773193 -0.3711220920085907 -0.05123104155063629
v 0.11595817655324936 -0.373661071062088 -0.05774273723363876
v 0.106705442070961 -0.380079060792923 -0.08275697380304337
v 0.10588547587394714 -0.3785189986228943 -0.07397308945655823
v 0.11147059500217438 -0.3818303644657135 -0.09130731225013733
v 0.11348982155323029 -0.367890328168869 -0.09082768112421036
v 0.12147970497608185 -0.3691933751106262 -0.09828102588653564
v 0.11946268379688263 -0.3836956322193146 -0.09938167035579681
v 0.14446398615837097 -0.3854520916938782 -0.10469949245452881
v 0.15553179383277893 -0.38441380858421326 -0.09800201654434204
v 0.1630077362060547 -0.3648291528224945 -0.0902513638138771
v 0.16182899475097656 -0.3810296356678009 -0.08806468546390533
v 0.11226393282413483 -0.3492574691772461 -0.06445708870887756
v 0.11339914798736572 -0.3384609520435333 -0.065365269780159
v 0.14445489645004272 -0.2468712329864502 -0.13189086318016052
v 0.13837853074073792 -0.23581430315971375 -0.14489126205444336
v 0.13449180126190186 -0.23118072748184204 -0.1362956464290619
v 0.13957370817661285 -0.2423756718635559 -0.1231631338596344
v 0.1278175711631775 -0.2292463481426239 -0.12941864132881165
v 0.12363380193710327 -0.2182680070400238 -0.1420995593070984
v 0.11980497092008591 -0.29203617572784424 -0.14193493127822876
v 0.1141224205493927 -0.2793125808238983 -0.15074306726455688
v 0.1083001121878624 -0.25398388504981995 -0.1722988784313202
v 0.12929487228393555 -0.33885282278060913 -0.10502684116363525
v 0.12790177762508392 -0.3295800983905792 -0.10786747932434082
v 0.163630872964859 -0.3373284339904785 -0.06947776675224304
v 0.1634906381368637 -0.3457227349281311 -0.06657889485359192
v 0.16569074988365173 -0.34915605187416077 -0.07559600472450256
v 0.16610106825828552 -0.31042879819869995 -0.07611650228500366
v 0.16662921011447906 -0.3226449191570282 -0.08783388137817383
v 0.1653180569410324 -0.31038790941238403 -0.10083228349685669
v 0.16550196707248688 -0.3013996183872223 -0.08875507116317749
v 0.15488187968730927 -0.3294931948184967 -0.05207259953022003
v 0.15308958292007446 -0.34012138843536377 -0.049584776163101196
v 0.16011570394039154 -0.34278154373168945 -0.0568523183465004
v 0.16091668605804443 -0.332960307598114 -0.05986633896827698
v 0.1316262036561966 -0.3689946234226227 -0.10512923449277878
v 0.13095800578594208 -0.36099469661712646 -0.10487741976976395
v 0.16460883617401123 -0.3746378421783447 -0.06870532035827637
v 0.16468006372451782 -0.37664565443992615 -0.07839138060808182
v 0.1658487319946289 -0.3618631362915039 -0.08146650344133377
v 0.165350541472435 -0.35949593782424927 -0.0726228877902031
v 0.16625961661338806 -0.352175235748291 -0.08485159277915955
v 0.16219748556613922 -0.372587114572525 -0.059235669672489166
v 0.16326028108596802 -0.35697388648986816 -0.06320313364267349
v 0.1307893991470337 -0.3850418031215668 -0.10488882660865784
v 0.1508377343416214 -0.35302698612213135 -0.04744047671556473
v 0.14829519391059875 -0.3690088093280792 -0.04510984569787979
v 0.15677863359451294 -0.3704432547092438 -0.05095817893743515
v 0.15882505476474762 -0.3547399938106537 -0.05411595106124878
v 0.13161656260490417 -0.24085745215415955 -0.11683306097984314
v 0.13464882969856262 -0.25332480669021606 -0.10434731841087341
v 0.1158420667052269 -0.31543946266174316 -0.06807805597782135
v 0.11633099615573883 -0.3031191825866699 -0.07172827422618866
v 0.11471039056777954 -0.3267762362957001 -0.06651392579078674
v 0.10685297846794128 -0.2517721354961395 -0.11509591341018677
v 0.10428846627473831 -0.2381344735622406 -0.12636524438858032
v 0.1103653609752655 -0.2814956605434418 -0.09402719140052795
v 0.10890556871891022 -0.2663350999355316 -0.10427460074424744
v 0.15781426429748535 -0.27759918570518494 -0.11566391587257385
v 0.13892854750156403 -0.327947199344635 -0.04930363595485687
v 0.1416729837656021 -0.316954642534256 -0.050460830330848694
v 0.13080304861068726 -0.32952752709388733 -0.05158185958862305
v 0.10957898199558258 -0.376807302236557 -0.06560569256544113
v 0.11169207096099854 -0.3612973093986511 -0.0643547922372818
v 0.1518213152885437 -0.312052458524704 -0.053079038858413696
v 0.1065727025270462 -0.3959566354751587 -0.06579449772834778
v 0.1655680388212204 -0.32740718126296997 -0.09920759499073029
v 0.16292914748191833 -0.35557958483695984 -0.09426676481962204
v 0.16255953907966614 -0.3484329879283905 -0.0985809862613678
v 0.1217217743396759 -0.24711620807647705 -0.17563197016716003
v 0.12554416060447693 -0.3051946461200714 -0.1333150565624237
v 0.12070024013519287 -0.3277759552001953 -0.10022363066673279
v 0.11528226733207703 -0.324618935585022 -0.09401299059391022
v 0.13635599613189697 -0.3396615982055664 -0.04783972352743149
v 0.1440289169549942 -0.3386439085006714 -0.04686237871646881
v 0.14633455872535706 -0.3273981213569641 -0.04858490824699402
v 0.11417528986930847 -0.358644962310791 -0.09058360010385513
v 0.12146271765232086 -0.36049166321754456 -0.0974419116973877
v 0.10148521512746811 -0.2251530885696411 -0.13761839270591736
v 0.114589624106884 -0.35180819034576416 -0.09105780720710754
v 0.16276878118515015 -0.3167945146560669 -0.10954512655735016
v 0.006287010386586189 -0.577522873878479 0.017142359167337418
v -0.01309733185917139 -0.56588214635849 0.02548784576356411
v -0.01396981067955494 -0.5754679441452026 0.020502880215644836
v 0.0878404751420021 -0.4092215597629547 -0.057721495628356934
v 0.06219968572258949 -0.38262826204299927 -0.06411971896886826
v 0.07094074785709381 -0.386825293302536 -0.06068618223071098
v 0.0990842953324318 -0.4715879261493683 -0.0640280544757843
v 0.09873919188976288 -0.4609062969684601 -0.06339117884635925
v 0.10485118627548218 -0.5011124610900879 -0.058042190968990326
v 0.10414477437734604 -0.4957110583782196 -0.06110408902168274
v 0.09453428536653519 -0.43708160519599915 -0.0755053460597992
v 0.022844206541776657 -0.7759307622909546 -0.091732919216156
v 0.022386964410543442 -0.7699105739593506 -0.08842789381742477
v 0.024209652096033096 -0.7884769439697266 -0.092017263174057
v 0.002184246201068163 -0.2517859935760498 -0.07212347537279129
v -0.006159897893667221 -0.2258591651916504 -0.08082719892263412
v -0.005638501141220331 -0.2179194837808609 -0.07936888933181763
v 0.023061811923980713 -0.7601654529571533 -0.10251788794994354
v 0.02228214032948017 -0.7557633519172668 -0.09786617755889893
v 0.024692729115486145 -0.7581393122673035 -0.10069318115711212
v 0.022759344428777695 -0.7614829540252686 -0.10459308326244354
v 0.022543318569660187 -0.760606050491333 -0.1042376458644867
v 0.023409567773342133 -0.7896251082420349 -0.10190612822771072
v 0.020968584343791008 -0.7627188563346863 -0.08703748881816864
v 0.019376954063773155 -0.7540432214736938 -0.08731667697429657
v 0.022239187732338905 -0.7757644653320312 -0.1055058166384697
v 0.036518216133117676 -0.2769217789173126 0.06937980651855469
v 0.04172063618898392 -0.26197656989097595 0.08046400547027588
v 0.02290390431880951 -0.2623564302921295 0.0837472528219223
v 0.020102951675653458 -0.27714279294013977 0.07281660288572311
v 0.0023281648755073547 -0.24930350482463837 0.09303954243659973
v 0.0013267092872411013 -0.26404356956481934 0.085166335105896
v 0.026551716029644012 -0.24376103281974792 0.09238556772470474
v 0.1270144283771515 -0.2111327201128006 0.0731029286980629
v 0.12163931876420975 -0.232655331492424 0.06711496412754059
v 0.1331915706396103 -0.23424364626407623 0.04770418256521225
v 0.13824443519115448 -0.21410223841667175 0.053940340876579285
v 0.1310758739709854 -0.2457173764705658 0.021534286439418793
v 0.1399519145488739 -0.23200443387031555 0.02682991698384285
v 0.12425310164690018 -0.24939818680286407 0.0406915545463562
v 0.13176827132701874 -0.2402041107416153 0.0020677894353866577
v 0.14060373604297638 -0.2280106544494629 0.0067022740840911865
v 0.12810850143432617 -0.23462150990962982 -0.014541765674948692
v 0.1354408860206604 -0.2218639850616455 -0.011472033336758614
v 0.12666647136211395 -0.2163870483636856 -0.028049612417817116
v 0.11306662857532501 -0.20998579263687134 -0.04233817011117935
v 0.1009673923254013 -0.18799132108688354 -0.053128425031900406
v 0.09522887319326401 -0.20041987299919128 -0.05365957319736481
v 0.07704786211252213 -0.19030489027500153 -0.06068987026810646
v 0.057993367314338684 -0.1826806366443634 -0.06569920480251312
v 0.040693528950214386 -0.17778711020946503 -0.06924113631248474
v 0.024595296010375023 -0.17563104629516602 -0.07086069881916046
v 0.010359774343669415 -0.17474816739559174 -0.07158951461315155
v -0.0018582756165415049 -0.17471818625926971 -0.06998942047357559
v -0.001988184405490756 -0.16292767226696014 -0.061239421367645264
v 0.05196474492549896 -0.5579854249954224 -0.09529140591621399
v 0.06315752863883972 -0.6287423372268677 -0.03403662517666817
v 0.07869614660739899 -0.6239992380142212 -0.053874701261520386
v 0.07536501437425613 -0.6246011853218079 -0.03580988571047783
v 0.09891052544116974 -0.5905575156211853 -0.0066201891750097275
v 0.08473488688468933 -0.5887206792831421 0.005378471687436104
v 0.08553074300289154 -0.600928544998169 -0.002640901133418083
v 0.10158407688140869 -0.6036807894706726 -0.018429169431328773
v 0.05627688392996788 -0.6261756420135498 -0.020077094435691833
v 0.048097722232341766 -0.6296222805976868 -0.020630739629268646
v 0.0666632130742073 -0.6225184202194214 -0.01838551089167595
v 0.05360172688961029 -0.618570864200592 -0.006186083424836397
v 0.038448333740234375 -0.6130653023719788 0.0008842805400490761
v 0.12019870430231094 -0.6061502695083618 -0.07154370099306107
v 0.12985073029994965 -0.5964399576187134 -0.07924297451972961
v 0.13130445778369904 -0.5958613157272339 -0.06119046360254288
v 0.1227247416973114 -0.6038017272949219 -0.054598066955804825
v 0.11524074524641037 -0.5728465914726257 -0.02035268396139145
v 0.12102793902158737 -0.5685306787490845 -0.028682654723525047
v 0.11856123059988022 -0.5585912466049194 -0.020999794825911522
v 0.1128217950463295 -0.5618174076080322 -0.012661362066864967
v 0.14373815059661865 -0.5539968013763428 -0.09240356087684631
v 0.14676782488822937 -0.5377143621444702 -0.09450508654117584
v 0.1509169638156891 -0.5428668856620789 -0.08070187270641327
v 0.14712540805339813 -0.5576450228691101 -0.07811297476291656
v 0.12397746741771698 -0.5783945918083191 -0.03760061413049698
v 0.07362756133079529 -0.49756133556365967 0.03523976728320122
v 0.08756157010793686 -0.5021371841430664 0.026517678052186966
v 0.0984482392668724 -0.5070960521697998 0.01546743605285883
v 0.11419086158275604 -0.5171242952346802 -0.012317811138927937
v 0.11036428064107895 -0.5050708651542664 -0.008107474073767662
v 0.11135408282279968 -0.5155798196792603 -0.005842306651175022
v 0.11828316748142242 -0.5185728669166565 -0.016794629395008087
v 0.12245255708694458 -0.5184323191642761 -0.02091704122722149
v 0.10508738458156586 -0.5266862511634827 -0.10247734189033508
v 0.09487657248973846 -0.5150279402732849 -0.09694107621908188
v 0.09874662011861801 -0.5084292888641357 -0.09239888936281204
v 0.12682045996189117 -0.5105326175689697 -0.030544593930244446
v 0.12491831183433533 -0.5076252222061157 -0.03087780624628067
v 0.12270137667655945 -0.5103431344032288 -0.028377380222082138
v 0.1240498423576355 -0.5138437747955322 -0.027850762009620667
v 0.11002057790756226 -0.61380934715271 -0.06410630792379379
v 0.1503651738166809 -0.543545663356781 -0.06872108578681946
v 0.14712347090244293 -0.5416433811187744 -0.05951475352048874
v 0.142192542552948 -0.5531104207038879 -0.05570670962333679
v 0.14557185769081116 -0.556484043598175 -0.06553414463996887
v 0.14352279901504517 -0.53910231590271 -0.051464155316352844
v 0.1406574249267578 -0.5354970693588257 -0.04455076903104782
v 0.13605642318725586 -0.543551504611969 -0.040261026471853256
v 0.1383764147758484 -0.5490105152130127 -0.04727435111999512
v 0.12893882393836975 -0.5136851668357849 -0.03199206665158272
v 0.12550672888755798 -0.5183901190757751 -0.027143672108650208
v 0.13781970739364624 -0.5172644853591919 -0.10309775918722153
v 0.12679915130138397 -0.576081395149231 -0.10170385241508484
v 0.12045744806528091 -0.588693380355835 -0.0958731397986412
v 0.10649683326482773 -0.5757973194122314 -0.10580150783061981
v 0.11120688915252686 -0.5644897222518921 -0.10690076649188995
v 0.10673072189092636 -0.4950637221336365 -0.05587136000394821
v 0.10958545655012131 -0.4935825765132904 -0.05041094124317169
v 0.11197872459888458 -0.4923665225505829 -0.04351973906159401
v 0.11821586638689041 -0.5037209391593933 -0.03205619007349014
v 0.11440306156873703 -0.49150657653808594 -0.03869707137346268
v 0.09504383057355881 -0.49381014704704285 -0.08105452358722687
v 0.10039486736059189 -0.4976474940776825 -0.09095955640077591
v 0.09318321198225021 -0.5590042471885681 -0.10401281714439392
v 0.09806548058986664 -0.5489517450332642 -0.10456734895706177
v 0.1484660506248474 -0.5221754908561707 -0.09541501104831696
v 0.15357621014118195 -0.5269798040390015 -0.08267030119895935
v 0.13020792603492737 -0.4921451210975647 -0.033818911761045456
v 0.1265261024236679 -0.4994466304779053 -0.03252340480685234
v 0.1296030580997467 -0.5026033520698547 -0.03230477496981621
v 0.11585172265768051 -0.5017333626747131 -0.026775870472192764
v 0.12027444690465927 -0.5066157579421997 -0.029053645208477974
v 0.13702887296676636 -0.5838282108306885 -0.08594584465026855
v 0.15088292956352234 -0.5291836857795715 -0.06260616332292557
v 0.15338362753391266 -0.5292067527770996 -0.07129444926977158
v 0.13350220024585724 -0.5566428899765015 -0.04219268262386322
v 0.12756693363189697 -0.5631052255630493 -0.035563744604587555
v 0.13089317083358765 -0.5716351270675659 -0.04439845681190491
v 0.1365761160850525 -0.563271701335907 -0.050270870327949524
v 0.14208562672138214 -0.5199877619743347 -0.0430762954056263
v 0.1450069397687912 -0.5257377028465271 -0.04775096848607063
v 0.12439975142478943 -0.554599940776825 -0.02776409313082695
v 0.1303168684244156 -0.5497728586196899 -0.03416065126657486
v 0.13278436660766602 -0.5059080719947815 -0.033281441777944565
v 0.08919650316238403 -0.566959023475647 -0.10171210020780563
v 0.07355508953332901 -0.5550046563148499 -0.09919299930334091
v 0.07969559729099274 -0.549614667892456 -0.10026748478412628
v 0.08350630104541779 -0.5417242646217346 -0.09967868775129318
v 0.08690015971660614 -0.5328963398933411 -0.09922557324171066
v 0.09032830595970154 -0.5230365991592407 -0.09854356199502945
v 0.06358298659324646 -0.5567882061004639 -0.09766186028718948
v 0.1492188721895218 -0.3183611333370209 -0.04980047047138214
v 0.12715378403663635 -0.4889335334300995 -0.03428999334573746
v 0.13459761440753937 -0.4838310480117798 -0.035938311368227005
v 0.132088765501976 -0.47896692156791687 -0.035791654139757156
v 0.15370197594165802 -0.4396604001522064 -0.04951690882444382
v -0.046563707292079926 -0.6867371201515198 -0.18085254728794098
v -0.045034587383270264 -0.6822769045829773 -0.17738455533981323
v -0.051742278039455414 -0.7064765691757202 -0.18585678935050964
v -0.05113891512155533 -0.7035050392150879 -0.18574734032154083
v 0.1646086722612381 -0.32965996861457825 -0.0726211667060852
v 0.16619467735290527 -0.3230120837688446 -0.07562194764614105
v 0.16256722807884216 -0.28952425718307495 -0.10276003181934357
v 0.1616188883781433 -0.29790785908699036 -0.11361318826675415
v 0.1561015099287033 -0.28582173585891724 -0.12614139914512634
v 0.14135387539863586 -0.316316694021225 -0.12981373071670532
v 0.13166505098342896 -0.3184320330619812 -0.1242671012878418
v 0.11290690302848816 -0.31105998158454895 -0.09939809143543243
v 0.13711398839950562 -0.27916091680526733 -0.0788303017616272
v 0.1016693189740181 -0.23009875416755676 -0.19378718733787537
v 0.09432373940944672 -0.2193249762058258 -0.20244655013084412
v 0.1013336107134819 -0.21611285209655762 -0.20448407530784607
v 0.10825634002685547 -0.22623008489608765 -0.19507214426994324
v 0.08666243404150009 -0.20967352390289307 -0.2110186517238617
v 0.08875314146280289 -0.21892237663269043 -0.19786891341209412
v 0.082074373960495 -0.20793962478637695 -0.20578518509864807
v 0.08610346168279648 -0.2155642807483673 -0.19193962216377258
v 0.08002762496471405 -0.2045208215713501 -0.19997593760490417
v 0.07920625060796738 -0.1999269425868988 -0.19440793991088867
v 0.08473019301891327 -0.2112141251564026 -0.1861184537410736
v 0.08396241813898087 -0.20627442002296448 -0.181471586227417
v 0.07872297614812851 -0.19496238231658936 -0.1898823082447052
v 0.08889912068843842 -0.2129509449005127 -0.16737794876098633
v 0.09073549509048462 -0.20683160424232483 -0.16308322548866272
v 0.08762737363576889 -0.19545769691467285 -0.1745208501815796
v 0.08465489000082016 -0.20080485939979553 -0.1777658760547638
v 0.09415075182914734 -0.17772558331489563 -0.1814347505569458
v 0.09805130958557129 -0.18695440888404846 -0.17116817831993103
v 0.10476939380168915 -0.1864551603794098 -0.17381492257118225
v 0.10040076822042465 -0.17690327763557434 -0.18373900651931763
v 0.11867648363113403 -0.20036637783050537 -0.17406687140464783
v 0.11463917791843414 -0.19021537899971008 -0.185418039560318
v 0.11065810918807983 -0.18749266862869263 -0.1790279746055603
v 0.1148846298456192 -0.19746363162994385 -0.16703280806541443
v 0.11090843379497528 -0.18054276704788208 -0.1953398585319519
v 0.11409600079059601 -0.19561654329299927 -0.19152656197547913
v 0.10943387448787689 -0.18673935532569885 -0.20125868916511536
v 0.10194897651672363 -0.2424701452255249 -0.1809026300907135
v 0.10837044566869736 -0.24097603559494019 -0.18501266837120056
v 0.11520612984895706 -0.25182369351387024 -0.17588680982589722
v 0.08996346592903137 -0.2240121066570282 -0.17746490240097046
v 0.09167805314064026 -0.22832173109054565 -0.18345579504966736
v 0.09745446592569351 -0.2408248484134674 -0.17491599917411804
v 0.095184825360775 -0.23700839281082153 -0.16858252882957458
v 0.09712062776088715 -0.2323465645313263 -0.1417064368724823
v 0.09417571127414703 -0.21916267275810242 -0.15228185057640076
v 0.09306645393371582 -0.22604870796203613 -0.15733763575553894
v 0.08897095918655396 -0.2188931703567505 -0.1721566617488861
v 0.09388376772403717 -0.23199772834777832 -0.16279354691505432
v 0.09500619769096375 -0.20090246200561523 -0.1596808135509491
v 0.09181997179985046 -0.1900637447834015 -0.1713956892490387
v 0.11240726709365845 -0.21958652138710022 -0.19136950373649597
v 0.10633081942796707 -0.20977389812469482 -0.20159775018692017
v 0.11013474315404892 -0.2024417519569397 -0.19672855734825134
v 0.11623067408800125 -0.21236255764961243 -0.18650951981544495
v 0.09829173982143402 -0.21258533000946045 -0.14848902821540833
v 0.11880965530872345 -0.22972312569618225 -0.18118038773536682
v 0.1230398565530777 -0.22199732065200806 -0.17576226592063904
v 0.11937471479177475 -0.20553657412528992 -0.18064343929290771
v 0.12546178698539734 -0.21528777480125427 -0.1694347858428955
v 0.1006498709321022 -0.2012149691581726 -0.2111968994140625
v 0.0945722907781601 -0.2071744203567505 -0.21377843618392944
v 0.11493805050849915 -0.23657044768333435 -0.18522146344184875
v 0.10170647501945496 -0.1969413161277771 -0.1589999496936798
v 0.10517960041761398 -0.20830407738685608 -0.14760002493858337
v 0.11273330450057983 -0.20667701959609985 -0.1496904492378235
v 0.10885585099458694 -0.19612771272659302 -0.1615796983242035
v 0.12896816432476044 -0.22061702609062195 -0.14893487095832825
v 0.12384657561779022 -0.21036452054977417 -0.16177895665168762
v 0.11905315518379211 -0.2077416479587555 -0.15463584661483765
v 0.10685066878795624 -0.17759552597999573 -0.18884119391441345
v 0.1316586136817932 -0.22540366649627686 -0.15734070539474487
v 0.0563301183283329 -0.1552722156047821 -0.24104106426239014
v 0.04973018541932106 -0.15758559107780457 -0.24619075655937195
v 0.04818318039178848 -0.16124632954597473 -0.23911625146865845
v 0.0557049885392189 -0.15905135869979858 -0.23374426364898682
v 0.04502515122294426 -0.1727808713912964 -0.22437572479248047
v 0.0386846698820591 -0.17375972867012024 -0.23326247930526733
v 0.039494842290878296 -0.18140235543251038 -0.23272615671157837
v 0.04601109027862549 -0.1816757321357727 -0.22326278686523438
v 0.045587703585624695 -0.16085222363471985 -0.2516956031322479
v 0.04345395416021347 -0.16391393542289734 -0.2445300817489624
v 0.04623452201485634 -0.16587990522384644 -0.2547208368778229
v 0.0469394214451313 -0.15857654809951782 -0.25893107056617737
v 0.04958394914865494 -0.16281169652938843 -0.26293516159057617
v 0.05056017264723778 -0.15969789028167725 -0.2694423496723175
v 0.05789349228143692 -0.1604951024055481 -0.27093973755836487
v 0.05819711461663246 -0.16742825508117676 -0.2638132870197296
v 0.07696930319070816 -0.15976586937904358 -0.2568657100200653
v 0.07196829468011856 -0.1521291434764862 -0.2646684944629669
v 0.07809893041849136 -0.14726802706718445 -0.26003706455230713
v 0.08205104619264603 -0.1551010012626648 -0.25188401341438293
v 0.08407041430473328 -0.13985127210617065 -0.2466813027858734
v 0.08762846142053604 -0.1483493447303772 -0.24001148343086243
v 0.08474822342395782 -0.15156912803649902 -0.24608656764030457
v 0.08056455850601196 -0.14311867952346802 -0.2538512051105499
v 0.0663711205124855 -0.15141567587852478 -0.23428162932395935
v 0.06293364614248276 -0.1533432900905609 -0.23679137229919434
v 0.06364642083644867 -0.15702062845230103 -0.22972431778907776
v 0.06744727492332458 -0.15503209829330444 -0.22699135541915894
v 0.04284562170505524 -0.17191749811172485 -0.25703418254852295
v 0.041407786309719086 -0.16985759139060974 -0.25599172711372375
v 0.049817368388175964 -0.1690492033958435 -0.25771933794021606
v 0.052229899913072586 -0.17329347133636475 -0.25644823908805847
v 0.07071854174137115 -0.15938493609428406 -0.20412659645080566
v 0.06832186877727509 -0.16366970539093018 -0.2062840461730957
v 0.07095633447170258 -0.17083823680877686 -0.20114725828170776
v 0.07429364323616028 -0.16627684235572815 -0.19804298877716064
v 0.05846790969371796 -0.1818353831768036 -0.2106667459011078
v 0.0625014454126358 -0.1911967694759369 -0.21560406684875488
v 0.06709996610879898 -0.19204282760620117 -0.210661381483078
v 0.06445538997650146 -0.18137851357460022 -0.20694708824157715
v 0.052385617047548294 -0.18173721432685852 -0.21562963724136353
v 0.05116739496588707 -0.1884128451347351 -0.22745215892791748
v 0.05715830624103546 -0.1900949478149414 -0.2204294502735138
v 0.04390686750411987 -0.18632295727729797 -0.23632070422172546
v 0.0805244892835617 -0.16191449761390686 -0.19480407238006592
v 0.07896460592746735 -0.1556902825832367 -0.19814470410346985
v 0.03895576298236847 -0.131127268075943 -0.29672154784202576
v 0.03982112556695938 -0.13408765196800232 -0.29335278272628784
v 0.04097926616668701 -0.1303946077823639 -0.2917815148830414
v 0.04020854830741882 -0.12731629610061646 -0.29510968923568726
v 0.09418723732233047 -0.15734267234802246 -0.20301392674446106
v 0.09442710876464844 -0.16043326258659363 -0.19826936721801758
v 0.0989244356751442 -0.16292575001716614 -0.2039855420589447
v 0.09778714179992676 -0.1607363224029541 -0.20911145210266113
v 0.09330388903617859 -0.15248015522956848 -0.20841360092163086
v 0.09612642973661423 -0.15652823448181152 -0.2155415117740631
v 0.04660545289516449 -0.13281676173210144 -0.30400288105010986
v 0.048465386033058167 -0.1357741355895996 -0.30044353008270264
v 0.04465533047914505 -0.13678735494613647 -0.2987413704395294
v 0.04283061623573303 -0.13379636406898499 -0.3021882176399231
v 0.054918285459280014 -0.15205392241477966 -0.24813568592071533
v 0.04889853298664093 -0.15462127327919006 -0.2530076205730438
v 0.04589180275797844 -0.14589571952819824 -0.2651229798793793
v 0.04459596052765846 -0.15054786205291748 -0.2669672667980194
v 0.0466056764125824 -0.1524379551410675 -0.2600819170475006
v 0.0514182448387146 -0.14793840050697327 -0.2558821141719818
v 0.06303605437278748 -0.1410660743713379 -0.24571657180786133
v 0.05858064815402031 -0.14276784658432007 -0.25040021538734436
v 0.06217406690120697 -0.1478249430656433 -0.2438204288482666
v 0.06626123189926147 -0.14604613184928894 -0.2393621802330017
v 0.06851454079151154 -0.14096516370773315 -0.23260799050331116
v 0.0688982903957367 -0.13723748922348022 -0.22965854406356812
v 0.06697868555784225 -0.13234767317771912 -0.23484376072883606
v 0.06632685661315918 -0.13579976558685303 -0.2388056516647339
v 0.06040587276220322 -0.12846606969833374 -0.25346195697784424
v 0.06216088682413101 -0.12586873769760132 -0.250598669052124
v 0.062387507408857346 -0.12212902307510376 -0.25724294781684875
v 0.06058521941304207 -0.1242501437664032 -0.2599465250968933
v 0.09576693922281265 -0.16368448734283447 -0.19442233443260193
v 0.10079172253608704 -0.1657176911830902 -0.19943445920944214
v 0.08760771155357361 -0.13326981663703918 -0.2324238419532776
v 0.0851380005478859 -0.12651246786117554 -0.2363080084323883
v 0.08334086835384369 -0.12352633476257324 -0.22872856259346008
v 0.08613871037960052 -0.13059157133102417 -0.22443127632141113
v 0.09810847789049149 -0.16458427906036377 -0.2161320447921753
v 0.0999305248260498 -0.16724884510040283 -0.21097522974014282
v 0.049996353685855865 -0.12957939505577087 -0.3041470944881439
v 0.05210185796022415 -0.1326727271080017 -0.3006850481033325
v 0.05016182363033295 -0.18747323751449585 -0.242416113615036
v 0.05841749161481857 -0.19007015228271484 -0.23346492648124695
v 0.06491169333457947 -0.192006915807724 -0.22587865591049194
v 0.06910467892885208 -0.19427651166915894 -0.2212727963924408
v 0.07223813235759735 -0.19686460494995117 -0.2176104485988617
v 0.05204387009143829 -0.14305859804153442 -0.25771400332450867
v 0.06066006422042847 -0.1509326994419098 -0.24269229173660278
v 0.0679837018251419 -0.1501014232635498 -0.23201099038124084
v 0.07320654392242432 -0.13588377833366394 -0.21656668186187744
v 0.07061794400215149 -0.13870888948440552 -0.2211049199104309
v 0.07061696797609329 -0.14330896735191345 -0.21679261326789856
v 0.07509350031614304 -0.1396619975566864 -0.21132338047027588
v 0.08069051802158356 -0.12900352478027344 -0.2201014757156372
v 0.0781315490603447 -0.12256583571434021 -0.2246359884738922
v 0.07294180989265442 -0.12332841753959656 -0.22467851638793945
v 0.07508295774459839 -0.1289847195148468 -0.22014638781547546
v 0.043682344257831573 -0.17487412691116333 -0.2587168216705322
v 0.052323319017887115 -0.177931547164917 -0.2545876204967499
v 0.08765380084514618 -0.15490680932998657 -0.19866132736206055
v 0.0881333127617836 -0.15964725613594055 -0.19493073225021362
v 0.08890382945537567 -0.16476932168006897 -0.19219306111335754
v 0.06770288199186325 -0.15900543332099915 -0.21621179580688477
v 0.06622456014156342 -0.15998834371566772 -0.21818509697914124
v 0.06387857347726822 -0.16806775331497192 -0.20934534072875977
v 0.06680696457624435 -0.16608759760856628 -0.20761722326278687
v 0.05381075292825699 -0.16328129172325134 -0.2247905433177948
v 0.04618747532367706 -0.16537261009216309 -0.23118197917938232
v 0.052351292222738266 -0.1709984838962555 -0.21662312746047974
v 0.06817719340324402 -0.17506244778633118 -0.20339924097061157
v 0.07145914435386658 -0.18124020099639893 -0.2009575068950653
v 0.07416823506355286 -0.17633181810379028 -0.1979740858078003
v 0.07783813029527664 -0.1716037392616272 -0.19474446773529053
v 0.08314413577318192 -0.16740372776985168 -0.19239294528961182
v 0.07467502355575562 -0.18629321455955505 -0.19674497842788696
v 0.0769507959485054 -0.18097758293151855 -0.19356441497802734
v 0.0808352380990982 -0.17605188488960266 -0.19045650959014893
v 0.08559150993824005 -0.17224174737930298 -0.1881389021873474
v 0.10627041757106781 -0.17475482821464539 -0.20141583681106567
v 0.1025506928563118 -0.17051082849502563 -0.20615729689598083
v 0.10355287790298462 -0.17010760307312012 -0.19469982385635376
v 0.07303813099861145 -0.1965789496898651 -0.20659223198890686
v 0.07362812757492065 -0.1914198398590088 -0.20109298825263977
v 0.06912191957235336 -0.18668916821479797 -0.20502346754074097
v 0.0752871036529541 -0.20024904608726501 -0.21261340379714966
v 0.03478182107210159 -0.1741636097431183 -0.24033907055854797
v 0.037430159747600555 -0.16943520307540894 -0.24373963475227356
v 0.03348873555660248 -0.16917896270751953 -0.2483486831188202
v 0.030662110075354576 -0.17299646139144897 -0.2461954653263092
v 0.04693036526441574 -0.15684378147125244 -0.2652435600757599
v 0.046251147985458374 -0.15431204438209534 -0.27116021513938904
v 0.05049764737486839 -0.15597015619277954 -0.2750833332538605
v 0.07828300446271896 -0.1496928632259369 -0.20217859745025635
v 0.07122012227773666 -0.15293458104133606 -0.20748841762542725
v 0.047967199236154556 -0.14169567823410034 -0.265174925327301
v 0.050378039479255676 -0.13945651054382324 -0.2961414158344269
v 0.05331294983625412 -0.14595386385917664 -0.28815311193466187
v 0.048266395926475525 -0.14702534675598145 -0.28574061393737793
v 0.04599309712648392 -0.14037543535232544 -0.29434308409690857
v 0.050853461027145386 -0.1364315152168274 -0.27185294032096863
v 0.05052139610052109 -0.1334191858768463 -0.27853548526763916
v 0.04647690802812576 -0.1367800235748291 -0.27659592032432556
v 0.04719517007470131 -0.14005479216575623 -0.27084213495254517
v 0.06376471370458603 -0.12281215190887451 -0.24645519256591797
v 0.0641774982213974 -0.11981287598609924 -0.25189492106437683
v 0.06613418459892273 -0.14358589053153992 -0.2712486982345581
v 0.06658647954463959 -0.15752249956130981 -0.26906782388687134
v 0.06306169927120209 -0.15068456530570984 -0.27521297335624695
v 0.06541460752487183 -0.13856375217437744 -0.24213188886642456
v 0.06377839297056198 -0.1305432915687561 -0.24462798237800598
v 0.06242884323000908 -0.13324058055877686 -0.24756678938865662
v 0.05228561908006668 -0.14017462730407715 -0.2593521177768707
v 0.05578898265957832 -0.1391451358795166 -0.2554038166999817
v 0.05375942215323448 -0.13636702299118042 -0.26119041442871094
v 0.05048993229866028 -0.13856282830238342 -0.26477178931236267
v 0.08273183554410934 -0.13611814379692078 -0.2131187915802002
v 0.08926920592784882 -0.13873597979545593 -0.21947091817855835
v 0.04146083444356918 -0.13626757264137268 -0.29610317945480347
v 0.040118105709552765 -0.13323849439620972 -0.29940760135650635
v 0.0975598618388176 -0.16897207498550415 -0.1902879774570465
v 0.09120502322912216 -0.16985568404197693 -0.18802064657211304
v 0.06784704327583313 -0.14385968446731567 -0.235891193151474
v 0.0699855387210846 -0.16445058584213257 -0.26114392280578613
v 0.06892389059066772 -0.14848899841308594 -0.22910943627357483
v 0.0780433937907219 -0.12337177991867065 -0.249664306640625
v 0.07743990421295166 -0.11934900283813477 -0.2539996802806854
v 0.07355897128582001 -0.11719125509262085 -0.25068292021751404
v 0.07462980598211288 -0.12046664953231812 -0.24575001001358032
v 0.04942969232797623 -0.12800005078315735 -0.28736695647239685
v 0.048716478049755096 -0.12455505132675171 -0.2925759255886078
v 0.04447013884782791 -0.1267145872116089 -0.29145547747612
v 0.04497286677360535 -0.13059982657432556 -0.2861110270023346
v 0.0447806753218174 -0.14404284954071045 -0.2707875669002533
v 0.04356241971254349 -0.14048844575881958 -0.2767646312713623
v 0.04278086870908737 -0.1442619264125824 -0.278870552778244
v 0.043905358761548996 -0.14836952090263367 -0.2724412977695465
v 0.04592083394527435 -0.15108555555343628 -0.2762105464935303
v 0.04474908858537674 -0.1465122103691101 -0.2823878228664398
v 0.053973108530044556 -0.12803322076797485 -0.29038283228874207
v 0.05548073351383209 -0.13322800397872925 -0.28195303678512573
v 0.05870053917169571 -0.13738203048706055 -0.2853460907936096
v 0.05602753162384033 -0.13182604312896729 -0.2940005958080292
v 0.09094396233558655 -0.15676721930503845 -0.2332342565059662
v 0.08967217057943344 -0.14437714219093323 -0.2334829866886139
v 0.09291332215070724 -0.15293338894844055 -0.22726568579673767
v 0.08061589300632477 -0.1318891942501068 -0.25246065855026245
v 0.0809481143951416 -0.12814682722091675 -0.24399349093437195
v 0.08597637712955475 -0.13618293404579163 -0.23937532305717468
v 0.09061841666698456 -0.14159268140792847 -0.22731348872184753
v 0.05963676795363426 -0.13593554496765137 -0.2722886800765991
v 0.06417636573314667 -0.13683924078941345 -0.27362334728240967
v 0.06060246005654335 -0.1404699981212616 -0.27693140506744385
v 0.06929036229848862 -0.14523029327392578 -0.22474992275238037
v 0.04253172129392624 -0.13993003964424133 -0.2914135456085205
v 0.0824800580739975 -0.19145873188972473 -0.23034489154815674
v 0.08004691451787949 -0.18780744075775146 -0.2352096438407898
v 0.08803225308656693 -0.18036353588104248 -0.2343357503414154
v 0.08987195789813995 -0.18575236201286316 -0.22954243421554565
v 0.04150091111660004 -0.13435295224189758 -0.2863612473011017
v 0.040437571704387665 -0.13775554299354553 -0.28835466504096985
v 0.06573636084794998 -0.11933434009552002 -0.2437308430671692
v 0.06892576813697815 -0.1168319582939148 -0.2443450689315796
v 0.06960345804691315 -0.11560186743736267 -0.24873977899551392
v 0.0665745735168457 -0.11739999055862427 -0.24924930930137634
v 0.09388383477926254 -0.14986827969551086 -0.2217506468296051
v 0.08326318860054016 -0.12131303548812866 -0.2382805049419403
v 0.0807584822177887 -0.1177702248096466 -0.23156699538230896
v 0.09605807065963745 -0.1600319743156433 -0.22162827849388123
v 0.09626880288124084 -0.16966184973716736 -0.22287344932556152
v 0.09397873282432556 -0.16426995396614075 -0.22758662700653076
v 0.07495111227035522 -0.13393473625183105 -0.2611846625804901
v 0.08825883269309998 -0.15972766280174255 -0.23866650462150574
v 0.09095267951488495 -0.1676618754863739 -0.23222807049751282
v 0.09319521486759186 -0.17468541860580444 -0.22806283831596375
v 0.09516765922307968 -0.17927509546279907 -0.22423142194747925
v 0.09795214235782623 -0.17331764101982117 -0.21844419836997986
v 0.05437073856592178 -0.13641613721847534 -0.2962254583835602
v 0.053931452333927155 -0.12836116552352905 -0.29863497614860535
v 0.10449223965406418 -0.1815272569656372 -0.20775535702705383
v 0.10070548206567764 -0.17709481716156006 -0.21336668729782104
v 0.10076777637004852 -0.18813541531562805 -0.21301084756851196
v 0.09755899012088776 -0.1834002137184143 -0.21920743584632874
v 0.08384206891059875 -0.17525950074195862 -0.24152645468711853
v 0.08804254233837128 -0.1712946891784668 -0.23721322417259216
v 0.0807737484574318 -0.16712698340415955 -0.24889567494392395
v 0.08540212363004684 -0.16308727860450745 -0.24380424618721008
v 0.07372140884399414 -0.13982191681861877 -0.2671455442905426
v 0.04817067086696625 -0.11845549941062927 -0.3052780032157898
v 0.0458490252494812 -0.11737373471260071 -0.30264347791671753
v 0.047572746872901917 -0.12137293815612793 -0.29683396220207214
v 0.05056542158126831 -0.1222505271434784 -0.2997797429561615
v 0.052337780594825745 -0.1250743865966797 -0.2953172028064728
v 0.05191327631473541 -0.12543758749961853 -0.30260494351387024
v 0.07335975766181946 -0.1714530885219574 -0.2525828778743744
v 0.05373786389827728 -0.13398712873458862 -0.26752182841300964
v 0.07491527497768402 -0.18125799298286438 -0.24331378936767578
v 0.06288152933120728 -0.18037602305412292 -0.2507101893424988
v 0.06276486068964005 -0.1738877296447754 -0.25679290294647217
v 0.06658680737018585 -0.18853431940078735 -0.23904362320899963
v 0.07264374196529388 -0.1914944350719452 -0.2311764359474182
v 0.07785549014806747 -0.19720152020454407 -0.22269493341445923
v 0.07570455223321915 -0.19427189230918884 -0.2262479066848755
v 0.08027464896440506 -0.20187467336654663 -0.21836024522781372
v 0.05740708112716675 -0.18575096130371094 -0.2468278408050537
v 0.038867250084877014 -0.12251606583595276 -0.2995653748512268
v 0.03707416355609894 -0.1264527440071106 -0.3011248707771301
v 0.0848509818315506 -0.1949956715106964 -0.22631630301475525
v 0.08856699615716934 -0.19996553659439087 -0.22109469771385193
v 0.040587183088064194 -0.16747716069221497 -0.23817986249923706
v 0.06905069947242737 -0.15299391746520996 -0.22247406840324402
v 0.06931645423173904 -0.150957852602005 -0.21871423721313477
v 0.07071113586425781 -0.14780768752098083 -0.21232059597969055
v 0.07662683725357056 -0.14440038800239563 -0.20655763149261475
v 0.09641958773136139 -0.19499912858009338 -0.21902981400489807
v 0.08033869415521622 -0.1896304190158844 -0.18680265545845032
v 0.08423830568790436 -0.18458831310272217 -0.18416038155555725
v 0.10519608855247498 -0.19387578964233398 -0.2060534954071045
v 0.037763312458992004 -0.1289098858833313 -0.30368906259536743
v 0.0660274550318718 -0.1226954460144043 -0.2623971104621887
v 0.0648261085152626 -0.12292364239692688 -0.26391592621803284
v 0.035089556127786636 -0.17993247509002686 -0.2396702766418457
v 0.03069283999502659 -0.177900493144989 -0.2463703751564026
v 0.037084612995386124 -0.18076235055923462 -0.25499197840690613
v 0.04318264126777649 -0.1846027970314026 -0.2489698827266693
v 0.03824007138609886 -0.18408545851707458 -0.24336421489715576
v 0.033157676458358765 -0.18060725927352905 -0.25009480118751526
v 0.06833764910697937 -0.157842755317688 -0.21472719311714172
v 0.06922489404678345 -0.15577396750450134 -0.2122836410999298
v 0.09172160923480988 -0.14634904265403748 -0.2140759527683258
v 0.08569379895925522 -0.14334508776664734 -0.2079201340675354
v 0.04997136816382408 -0.15179458260536194 -0.2796565890312195
v 0.05529750511050224 -0.15036004781723022 -0.281507283449173
v 0.056696269661188126 -0.15479707717895508 -0.27674102783203125
v 0.05779942497611046 -0.14243897795677185 -0.2877175509929657
v 0.05586995929479599 -0.13624510169029236 -0.27556273341178894
v 0.05603465437889099 -0.13482820987701416 -0.27184802293777466
v 0.06176605820655823 -0.1615106165409088 -0.22090327739715576
v 0.05922125279903412 -0.1694326400756836 -0.2121138572692871
v 0.03855384141206741 -0.16814568638801575 -0.25207746028900146
v 0.04100126028060913 -0.16706791520118713 -0.24829009175300598
v 0.05966981500387192 -0.13658475875854492 -0.25103113055229187
v 0.07189470529556274 -0.12936529517173767 -0.26915985345840454
v 0.07065235078334808 -0.13464316725730896 -0.2729857265949249
v 0.057570137083530426 -0.1328233778476715 -0.25665533542633057
v 0.040110550820827484 -0.1293029487133026 -0.3064946234226227
v 0.043842799961566925 -0.12828436493873596 -0.30859726667404175
v 0.060398444533348083 -0.146526038646698 -0.2807283103466034
v 0.06468798220157623 -0.12707409262657166 -0.2404993176460266
v 0.0690765306353569 -0.12527304887771606 -0.2667202949523926
v 0.07284494489431381 -0.12727102637290955 -0.2622770667076111
v 0.07639260590076447 -0.11828702688217163 -0.2281733751296997
v 0.09267494827508926 -0.18992725014686584 -0.2250572144985199
v 0.043579816818237305 -0.12341642379760742 -0.2949819266796112
v 0.04214056581258774 -0.11883723735809326 -0.29976505041122437
v 0.04906009882688522 -0.12132206559181213 -0.3072366714477539
v 0.04763858765363693 -0.1252073049545288 -0.3085843026638031
v 0.0870060920715332 -0.14983543753623962 -0.20324012637138367
v 0.06851370632648468 -0.1539333164691925 -0.22481772303581238
v 0.08883686363697052 -0.1803012192249298 -0.181736022233963
v 0.049185752868652344 -0.18259447813034058 -0.2524808645248413
v 0.041792698204517365 -0.17843061685562134 -0.25843825936317444
v 0.05705586075782776 -0.12948140501976013 -0.26227426528930664
v 0.07902257889509201 -0.12248849868774414 -0.2429790496826172
v 0.07412318885326385 -0.12432226538658142 -0.26400572061538696
v 0.07846246659755707 -0.12273299694061279 -0.25994086265563965
v 0.07909515500068665 -0.1265108585357666 -0.2565149962902069
v 0.06948792934417725 -0.12259379029273987 -0.26444947719573975
v 0.045566290616989136 -0.12155967950820923 -0.3126148283481598
v 0.04688865691423416 -0.11791685223579407 -0.3111700713634491
v 0.04178769141435623 -0.1245785653591156 -0.3127697706222534
v 0.03838331997394562 -0.12558594346046448 -0.31030982732772827
v 0.036443740129470825 -0.12541303038597107 -0.3072332441806793
v 0.046312831342220306 -0.11536699533462524 -0.30930471420288086
v 0.04424608498811722 -0.11450299620628357 -0.30671659111976624
v 0.04088643938302994 -0.11613741517066956 -0.3034164309501648
v 0.04454074800014496 -0.11239433288574219 -0.31247076392173767
v 0.0447184219956398 -0.11437627673149109 -0.31503939628601074
v 0.03711984306573868 -0.11741474270820618 -0.3198416233062744
v 0.038987696170806885 -0.11586233973503113 -0.32100412249565125
v 0.040382154285907745 -0.11767661571502686 -0.31897416710853577
v 0.039912737905979156 -0.120368093252182 -0.3171524703502655
v 0.03562866896390915 -0.11426988244056702 -0.32220521569252014
v 0.03775477409362793 -0.1130150854587555 -0.3236001431941986
v 0.04148925840854645 -0.11375859379768372 -0.32087966799736023
v 0.04245947301387787 -0.11635994911193848 -0.31818342208862305
v 0.0403432697057724 -0.11072152853012085 -0.32367849349975586
v 0.041519321501255035 -0.10846927762031555 -0.3219844698905945
v 0.04232311248779297 -0.11145469546318054 -0.3192223608493805
v 0.043171338737010956 -0.11414062976837158 -0.3174048066139221
v 0.04365648329257965 -0.11835542321205139 -0.31612178683280945
v 0.035273075103759766 -0.11077836155891418 -0.3241877853870392
v 0.037065133452415466 -0.10696905851364136 -0.3246244192123413
v 0.03908282518386841 -0.10807353258132935 -0.32573795318603516
v 0.037066057324409485 -0.11078307032585144 -0.3251662850379944
v 0.03697797656059265 -0.12205445766448975 -0.3138127326965332
v 0.035102479159832 -0.1178828775882721 -0.3175232708454132
v 0.0338490828871727 -0.1142028272151947 -0.3202732503414154
v 0.03387390077114105 -0.11040815711021423 -0.32207220792770386
v 0.033491089940071106 -0.11705130338668823 -0.31519967317581177
v 0.033085405826568604 -0.1129971444606781 -0.3183460831642151
v 0.03352348506450653 -0.1098872721195221 -0.31983307003974915
v 0.03343918174505234 -0.11483195424079895 -0.31322723627090454
v 0.03341984748840332 -0.11114415526390076 -0.3168275058269501
v 0.03510112315416336 -0.12205696105957031 -0.31063786149024963
v 0.03472844511270523 -0.12009328603744507 -0.30795300006866455
v 0.03387013077735901 -0.10944938659667969 -0.31842973828315735
v 0.035990312695503235 -0.10677647590637207 -0.3223673701286316
v 0.043075546622276306 -0.11002829670906067 -0.3173050284385681
v 0.04155654460191727 -0.10699445009231567 -0.320063978433609
v 0.04270295798778534 -0.10885608196258545 -0.3155476748943329
v 0.04082117974758148 -0.10615172982215881 -0.3185803294181824
v 0.040699124336242676 -0.10654035210609436 -0.32404595613479614
v 0.03987990319728851 -0.10530102252960205 -0.3227079510688782
v 0.036031849682331085 -0.12346869707107544 -0.30443114042282104
v 0.038071535527706146 -0.11959812045097351 -0.3028981387615204
v 0.03674941509962082 -0.11662846803665161 -0.30639007687568665
v 0.0351579487323761 -0.11153930425643921 -0.31154000759124756
v 0.039759114384651184 -0.11336377263069153 -0.3070570230484009
v 0.04281335324048996 -0.11158430576324463 -0.31010863184928894
v 0.04119047522544861 -0.10837659239768982 -0.3137485682964325
v 0.03840452432632446 -0.10909444093704224 -0.31184086203575134
v 0.0393734946846962 -0.10612437129020691 -0.31693974137306213
v 0.037257999181747437 -0.10686323046684265 -0.31572166085243225
v 0.03500369191169739 -0.10874822735786438 -0.31581833958625793
v 0.037528738379478455 -0.10553130507469177 -0.31900230050086975
v 0.038787245750427246 -0.10506007075309753 -0.3208451569080353
v 0.0353657528758049 -0.10711342096328735 -0.3200783431529999
v 0.03512169420719147 -0.10762903094291687 -0.31815752387046814
v 0.03657770901918411 -0.1063651442527771 -0.317756712436676
v 0.05173511058092117 -0.10904666781425476 -0.29070326685905457
v 0.05314965546131134 -0.11383998394012451 -0.2867218255996704
v 0.05478964000940323 -0.11093083024024963 -0.28455793857574463
v 0.05361883342266083 -0.1058911681175232 -0.28866058588027954
v 0.05830246955156326 -0.11346042156219482 -0.2970717251300812
v 0.060142405331134796 -0.117664635181427 -0.2934664189815521
v 0.05588923394680023 -0.11760672926902771 -0.2917162775993347
v 0.054006390273571014 -0.11306580901145935 -0.29510924220085144
v 0.06272508203983307 -0.11062753200531006 -0.29586687684059143
v 0.06468437612056732 -0.11483681201934814 -0.292388916015625
v 0.06174266338348389 -0.12281399965286255 -0.28914788365364075
v 0.06323356926441193 -0.1308811902999878 -0.2801351249217987
v 0.0587582141160965 -0.13031825423240662 -0.2778584361076355
v 0.057150378823280334 -0.1224902868270874 -0.2871287763118744
v 0.06401842832565308 -0.11887601017951965 -0.26933014392852783
v 0.060226261615753174 -0.12119275331497192 -0.26800429821014404
v 0.05365482717752457 -0.11598160862922668 -0.2891088128089905
v 0.05181138962507248 -0.11138945817947388 -0.2928144633769989
v 0.06256118416786194 -0.11121255159378052 -0.27864664793014526
v 0.061559855937957764 -0.10600194334983826 -0.28398165106773376
v 0.057834379374980927 -0.10798868536949158 -0.2835012972354889
v 0.05854654312133789 -0.11315447092056274 -0.2779809236526489
v 0.057008907198905945 -0.124930739402771 -0.26932424306869507
v 0.054608821868896484 -0.12823006510734558 -0.27227261662483215
v 0.055833034217357635 -0.1296503245830536 -0.27541735768318176
v 0.06645342707633972 -0.11144325137138367 -0.28114476799964905
v 0.06842635571956635 -0.11940896511077881 -0.2727016508579254
v 0.07074210792779922 -0.12300437688827515 -0.2763326168060303
v 0.06834480166435242 -0.11460772156715393 -0.28474509716033936
v 0.054482221603393555 -0.12130549550056458 -0.2843741476535797
v 0.055492103099823 -0.11642220616340637 -0.27911338210105896
v 0.053818412125110626 -0.11933884024620056 -0.28158313035964966
v 0.06639254093170166 -0.11969667673110962 -0.28793320059776306
v 0.06641218811273575 -0.10983934998512268 -0.2892836630344391
v 0.06120109558105469 -0.09713181853294373 -0.2966344952583313
v 0.05866791307926178 -0.09559598565101624 -0.29467466473579407
v 0.06041032075881958 -0.10134699940681458 -0.288292795419693
v 0.06330517679452896 -0.10241147875785828 -0.2906324863433838
v 0.06469492614269257 -0.10672712326049805 -0.2862657606601715
v 0.06453832983970642 -0.1059112548828125 -0.2932489812374115
v 0.05184066295623779 -0.09857916831970215 -0.29484283924102783
v 0.04968871921300888 -0.1020556390285492 -0.2964896559715271
v 0.049505263566970825 -0.10448744893074036 -0.2984603941440582
v 0.06897079199552536 -0.128250390291214 -0.2798249125480652
v 0.05151565372943878 -0.10628485679626465 -0.3003534972667694
v 0.05564948916435242 -0.10701301693916321 -0.30205562710762024
v 0.05672325938940048 -0.10291159152984619 -0.28769248723983765
v 0.05495363473892212 -0.09621861577033997 -0.29376935958862305
v 0.06215982884168625 -0.10031476616859436 -0.29867273569107056
v 0.06033848226070404 -0.10470345616340637 -0.3009142577648163
v 0.05839736759662628 -0.09933319687843323 -0.3052213788032532
v 0.06012134999036789 -0.09553971886634827 -0.3030255436897278
v 0.0539851114153862 -0.10171720385551453 -0.3064206540584564
v 0.05022789537906647 -0.10164037346839905 -0.3043675720691681
v 0.048611558973789215 -0.1003744900226593 -0.30217787623405457
v 0.05960628390312195 -0.09310382604598999 -0.30144163966178894
v 0.057449713349342346 -0.09192162752151489 -0.29943299293518066
v 0.054014161229133606 -0.09262627363204956 -0.2978171706199646
v 0.0580337792634964 -0.08903220295906067 -0.3056755065917969
v 0.05831918120384216 -0.09038478136062622 -0.30783501267433167
v 0.04975542426109314 -0.088005930185318 -0.3166032135486603
v 0.05227125436067581 -0.08732813596725464 -0.3172886371612549
v 0.05292104184627533 -0.09066665172576904 -0.3144198954105377
v 0.050636209547519684 -0.09213238954544067 -0.31377142667770386
v 0.05390220880508423 -0.09288501739501953 -0.31242772936820984
v 0.052758365869522095 -0.09603065252304077 -0.3109896779060364
v 0.05476139485836029 -0.08846595883369446 -0.31398507952690125
v 0.05588417500257492 -0.09151366353034973 -0.31135013699531555
v 0.055166393518447876 -0.08519628643989563 -0.3173293173313141
v 0.05610048770904541 -0.08320736885070801 -0.31532689929008484
v 0.056510113179683685 -0.0871368944644928 -0.31208521127700806
v 0.056943558156490326 -0.08961975574493408 -0.3101939260959625
v 0.04997493326663971 -0.0841292142868042 -0.3189450204372406
v 0.05189179629087448 -0.08476036787033081 -0.31962233781814575
v 0.05681563913822174 -0.0943707525730133 -0.30915725231170654
v 0.04944322258234024 -0.09742942452430725 -0.3079748749732971
v 0.04820731282234192 -0.09257403016090393 -0.31188738346099854
v 0.0478362962603569 -0.08774793148040771 -0.3151099681854248
v 0.048449091613292694 -0.0836128294467926 -0.31726399064064026
v 0.046629175543785095 -0.0916903018951416 -0.30957236886024475
v 0.046831145882606506 -0.08697181940078735 -0.31323733925819397
v 0.048053838312625885 -0.08349362015724182 -0.31502220034599304
v 0.04687535762786865 -0.08943626284599304 -0.3072413206100464
v 0.04729791730642319 -0.08526059985160828 -0.3113067150115967
v 0.04771788418292999 -0.09675893187522888 -0.3052324652671814
v 0.04806794226169586 -0.09481748938560486 -0.30277693271636963
v 0.04825959354639053 -0.0833374559879303 -0.31336650252342224
v 0.05076944828033447 -0.08040881156921387 -0.3176058828830719
v 0.05223866552114487 -0.08056476712226868 -0.31963759660720825
v 0.054438769817352295 -0.08206349611282349 -0.32060059905052185
v 0.05659490078687668 -0.08603852987289429 -0.31063175201416016
v 0.05541525036096573 -0.08220511674880981 -0.31404435634613037
v 0.05662645399570465 -0.08485502004623413 -0.30949512124061584
v 0.05519665777683258 -0.08142924308776855 -0.31305909156799316
v 0.05558905005455017 -0.08069238066673279 -0.31791746616363525
v 0.054543010890483856 -0.07972130179405212 -0.31722941994667053
v 0.048920392990112305 -0.09804007411003113 -0.3000825047492981
v 0.050901904702186584 -0.0951063334941864 -0.2984166741371155
v 0.04995587468147278 -0.09194594621658325 -0.30100908875465393
v 0.04899798333644867 -0.08658602833747864 -0.3055022954940796
v 0.05316183716058731 -0.08940434455871582 -0.3007538914680481
v 0.05636020004749298 -0.08838927745819092 -0.30327558517456055
v 0.05525066703557968 -0.08447843790054321 -0.3076358139514923
v 0.05248294770717621 -0.08485442399978638 -0.3056929409503937
v 0.05403370410203934 -0.08156794309616089 -0.3114985525608063
v 0.052026569843292236 -0.0819610059261322 -0.31003040075302124
v 0.04927866905927658 -0.08326601982116699 -0.3099517524242401
v 0.052513353526592255 -0.08015397191047668 -0.3140566051006317
v 0.05344049632549286 -0.07943499088287354 -0.31581971049308777
v 0.05001445114612579 -0.08090025186538696 -0.3152390718460083
v 0.049731045961380005 -0.08181032538414001 -0.31293660402297974
v 0.05154028534889221 -0.08103999495506287 -0.31244274973869324
v 0.062292732298374176 -0.10091966390609741 -0.2742241322994232
v 0.06330946087837219 -0.10515379905700684 -0.2715268135070801
v 0.06397395581007004 -0.10290440917015076 -0.2682082951068878
v 0.06278767436742783 -0.09856098890304565 -0.2707853317260742
v 0.07023303955793381 -0.1026969850063324 -0.27920523285865784
v 0.07160177081823349 -0.10793566703796387 -0.2764333486557007
v 0.06769035011529922 -0.10772693157196045 -0.2762613296508789
v 0.06680124998092651 -0.1029461920261383 -0.2788825035095215
v 0.07325171679258347 -0.10060122609138489 -0.27730244398117065
v 0.07500480860471725 -0.10573989152908325 -0.2739621102809906
v 0.07261589169502258 -0.11284792423248291 -0.27317169308662415
v 0.07373696565628052 -0.11944028735160828 -0.26775693893432617
v 0.06895953416824341 -0.11867210268974304 -0.26720982789993286
v 0.06818824261426926 -0.11237126588821411 -0.2730790376663208
v 0.06479834020137787 -0.10677918791770935 -0.27451181411743164
v 0.06401830166578293 -0.10241016745567322 -0.27729731798171997
v 0.06927262991666794 -0.10393643379211426 -0.2608906030654907
v 0.06910379230976105 -0.09944543242454529 -0.2650699317455292
v 0.06617775559425354 -0.1007486879825592 -0.2658998668193817
v 0.06632593274116516 -0.10549753904342651 -0.26187992095947266
v 0.0647236779332161 -0.11541017889976501 -0.25710052251815796
v 0.06393849849700928 -0.11718705296516418 -0.2610252797603607
v 0.0656479224562645 -0.11787784099578857 -0.2645495533943176
v 0.07341787219047546 -0.10409891605377197 -0.2622832655906677
v 0.07372930645942688 -0.11163774132728577 -0.2556803524494171
v 0.07754960656166077 -0.11373808979988098 -0.25938844680786133
v 0.07671450078487396 -0.10684660077095032 -0.2657855749130249
v 0.06488476693630219 -0.1110667884349823 -0.2711457908153534
v 0.06392982602119446 -0.10750779509544373 -0.2641778588294983
v 0.06336910277605057 -0.10958871245384216 -0.26788341999053955
v 0.07620296627283096 -0.11074522137641907 -0.27016139030456543
v 0.07543104887008667 -0.10221585631370544 -0.2697354555130005
v 0.07064381241798401 -0.08861055970191956 -0.2762347161769867
v 0.06774529069662094 -0.08773112297058105 -0.27417775988578796
v 0.06856590509414673 -0.09465548396110535 -0.26809996366500854
v 0.07200735062360764 -0.09525257349014282 -0.27005302906036377
v 0.07269357144832611 -0.09968429803848267 -0.266216516494751
v 0.07400846481323242 -0.09744793176651001 -0.27368152141571045
v 0.06160619109869003 -0.09171053767204285 -0.27545157074928284
v 0.060642123222351074 -0.09431102871894836 -0.2784568965435028
v 0.06240332871675491 -0.09573477506637573 -0.28133973479270935
v 0.07764636725187302 -0.11743086576461792 -0.264628529548645
v 0.06947147846221924 -0.11156022548675537 -0.2538154125213623
v 0.06477547436952591 -0.09613704681396484 -0.28294965624809265
v 0.06783858686685562 -0.09568825364112854 -0.2836151719093323
v 0.06536836922168732 -0.09617289900779724 -0.2684701681137085
v 0.06443950533866882 -0.08921319246292114 -0.27358531951904297
v 0.07210821658372879 -0.09083709120750427 -0.2791483402252197
v 0.07125531882047653 -0.09394568204879761 -0.28216850757598877
v 0.06983122229576111 -0.08923482894897461 -0.2855878472328186
v 0.0711977481842041 -0.08637332916259766 -0.2827301323413849
v 0.06647098809480667 -0.0909094512462616 -0.28712573647499084
v 0.0635504350066185 -0.09140288829803467 -0.28598660230636597
v 0.061478421092033386 -0.09138357639312744 -0.28408282995224
v 0.06968472898006439 -0.08433321118354797 -0.2800138592720032
v 0.06712394952774048 -0.08379122614860535 -0.27824336290359497
v 0.06395629048347473 -0.08551552891731262 -0.27694040536880493
v 0.06892939656972885 -0.08093172311782837 -0.2825244665145874
v 0.06965985894203186 -0.08223053812980652 -0.285736083984375
v 0.06253871321678162 -0.07917669415473938 -0.2954222857952118
v 0.06430196762084961 -0.0783364474773407 -0.29538264870643616
v 0.06478054821491241 -0.0814591646194458 -0.2929357588291168
v 0.06319548934698105 -0.08261656761169434 -0.2931745946407318
v 0.06588748097419739 -0.0837785005569458 -0.2913292944431305
v 0.06534755229949951 -0.08633482456207275 -0.29041531682014465
v 0.06758825480937958 -0.08006426692008972 -0.29221493005752563
v 0.06786613166332245 -0.08295851945877075 -0.28997868299484253
v 0.06715143471956253 -0.07668599486351013 -0.2946823537349701
v 0.06803038716316223 -0.07513833045959473 -0.2915976941585541
v 0.06820856034755707 -0.07853609323501587 -0.2892224192619324
v 0.06880833953619003 -0.0812947154045105 -0.28823915123939514
v 0.0628216564655304 -0.07569217681884766 -0.2970069646835327
v 0.06446561962366104 -0.07594260573387146 -0.2972436547279358
v 0.0685000866651535 -0.08545255661010742 -0.288178026676178
v 0.06266411393880844 -0.08769893646240234 -0.28886666893959045
v 0.06117551028728485 -0.08328783512115479 -0.29191774129867554
v 0.06059611588716507 -0.07940420508384705 -0.2942848205566406
v 0.06099230796098709 -0.07582017779350281 -0.29537519812583923
v 0.05950744450092316 -0.08312243223190308 -0.28980353474617004
v 0.05928577482700348 -0.0790148675441742 -0.29234060645103455
v 0.06000707298517227 -0.07610273361206055 -0.293343186378479
v 0.05858726054430008 -0.08222070336341858 -0.28722989559173584
v 0.0587836429476738 -0.07821798324584961 -0.2902723252773285
v 0.060693442821502686 -0.08770355582237244 -0.28661367297172546
v 0.0597832128405571 -0.08704143762588501 -0.2837138772010803
v 0.059696927666664124 -0.07621145248413086 -0.29159462451934814
v 0.06296545267105103 -0.07260143756866455 -0.29429659247398376
v 0.06492598354816437 -0.07253515720367432 -0.29629746079444885
v 0.06687218695878983 -0.07369232177734375 -0.29696953296661377
v 0.06852515786886215 -0.07764455676078796 -0.28739747405052185
v 0.06759795546531677 -0.07427117228507996 -0.28999748826026917
v 0.06743986159563065 -0.07723501324653625 -0.28518903255462646
v 0.06640918552875519 -0.07395479083061218 -0.28831449151039124
v 0.06773257255554199 -0.07309973239898682 -0.293808251619339
v 0.06691285967826843 -0.07224392890930176 -0.2928224503993988
v 0.06031569093465805 -0.09042611718177795 -0.28127866983413696
v 0.06126260757446289 -0.08820486068725586 -0.27837786078453064
v 0.06068970263004303 -0.08516842126846313 -0.28078141808509827
v 0.05974065512418747 -0.0801500678062439 -0.2844853103160858
v 0.0634174570441246 -0.08265244960784912 -0.27931246161460876
v 0.06642258167266846 -0.08106014132499695 -0.2805624008178711
v 0.06545807421207428 -0.07746192812919617 -0.28345900774002075
v 0.062495067715644836 -0.07839444279670715 -0.2829047441482544
v 0.06442742049694061 -0.07418772578239441 -0.28708624839782715
v 0.062103480100631714 -0.0750291645526886 -0.2865625321865082
v 0.059817492961883545 -0.07651016116142273 -0.28799739480018616
v 0.0635453462600708 -0.07295900583267212 -0.28975585103034973
v 0.06535165011882782 -0.0722995400428772 -0.2911926209926605
v 0.061599232256412506 -0.07374951243400574 -0.2920153737068176
v 0.06069789081811905 -0.07479968667030334 -0.29017969965934753
v 0.06201910972595215 -0.07384192943572998 -0.28882142901420593
v 0.06678711622953415 -0.11355867981910706 -0.2547762095928192
v 0.07086370885372162 -0.09955915808677673 -0.24957701563835144
v 0.0711812973022461 -0.10331970453262329 -0.2479880452156067
v 0.07147780805826187 -0.10207128524780273 -0.24483713507652283
v 0.07116170227527618 -0.09834116697311401 -0.24631810188293457
v 0.07940433919429779 -0.09967803955078125 -0.25321879982948303
v 0.08005405962467194 -0.10405012965202332 -0.2515968382358551
v 0.07621079683303833 -0.10463032126426697 -0.25227123498916626
v 0.07570111751556396 -0.10029757022857666 -0.25400063395500183
v 0.08180032670497894 -0.09803444147109985 -0.2500036060810089
v 0.082552969455719 -0.10234725475311279 -0.24810457229614258
v 0.07996328175067902 -0.10900899767875671 -0.24928712844848633
v 0.07969087362289429 -0.11716189980506897 -0.24545332789421082
v 0.07556736469268799 -0.11623647809028625 -0.2459559142589569
v 0.07608504593372345 -0.10947534441947937 -0.2498304545879364
v 0.0750710517168045 -0.1153135597705841 -0.23063650727272034
v 0.0748157799243927 -0.11084064841270447 -0.23394334316253662
v 0.07193244993686676 -0.11147809028625488 -0.23575359582901
v 0.07140041887760162 -0.11623793840408325 -0.23189708590507507
v 0.07290629297494888 -0.1043241024017334 -0.25078341364860535
v 0.07260358333587646 -0.10016822814941406 -0.2524266541004181
v 0.0753059834241867 -0.10399413108825684 -0.23835793137550354
v 0.07577483355998993 -0.09975290298461914 -0.24062463641166687
v 0.0730336457490921 -0.10073518753051758 -0.2422473132610321
v 0.07239232957363129 -0.1046735942363739 -0.24004942178726196
v 0.06889671087265015 -0.1169968843460083 -0.2348642349243164
v 0.07016262412071228 -0.11239054799079895 -0.23844286799430847
v 0.07020638883113861 -0.1136421263217926 -0.24155142903327942
v 0.06765075027942657 -0.11734724044799805 -0.2390539050102234
v 0.07191497087478638 -0.11452966928482056 -0.2441467046737671
v 0.07882767915725708 -0.10417050123214722 -0.2386268675327301
v 0.07827235758304596 -0.11129102110862732 -0.23401063680648804
v 0.08210904896259308 -0.1128438413143158 -0.2359771728515625
v 0.08210152387619019 -0.10516247153282166 -0.24109604954719543
v 0.07275522500276566 -0.10851049423217773 -0.24841687083244324
v 0.07094351202249527 -0.10599896311759949 -0.2425118386745453
v 0.07082274556159973 -0.10728606581687927 -0.24570947885513306
v 0.08255738019943237 -0.10746091604232788 -0.24586930871009827
v 0.08205921947956085 -0.10045567154884338 -0.24376606941223145
v 0.07862260937690735 -0.09006577730178833 -0.24537557363510132
v 0.07576525211334229 -0.09038352966308594 -0.24475166201591492
v 0.07577231526374817 -0.095744788646698 -0.24224069714546204
v 0.07920736074447632 -0.095458984375 -0.24277463555335999
v 0.0792570486664772 -0.09957200288772583 -0.24108821153640747
v 0.08177316933870316 -0.09621798992156982 -0.24561548233032227
v 0.07088911533355713 -0.09315785765647888 -0.24873894453048706
v 0.07044772803783417 -0.09417897462844849 -0.25192347168922424
v 0.07208558917045593 -0.0948021411895752 -0.25461095571517944
v 0.08304299414157867 -0.11593976616859436 -0.24169385433197021
v 0.07471148669719696 -0.094676673412323 -0.25623586773872375
v 0.07806682586669922 -0.09396913647651672 -0.2557178735733032
v 0.07285840809345245 -0.09689575433731079 -0.24373701214790344
v 0.07287944853305817 -0.09165629744529724 -0.2461269497871399
v 0.08084771037101746 -0.0907299816608429 -0.24814939498901367
v 0.08061566948890686 -0.09257534146308899 -0.252431184053421
v 0.07998456060886383 -0.08835569024085999 -0.2546219527721405
v 0.08015865087509155 -0.08657097816467285 -0.2505119740962982
v 0.07718034088611603 -0.08983874320983887 -0.2575473487377167
v 0.07415886223316193 -0.09075883030891418 -0.25780192017555237
v 0.07180143147706985 -0.09105974435806274 -0.25614097714424133
v 0.07788343727588654 -0.08619281649589539 -0.24753040075302124
v 0.07548350095748901 -0.08681970834732056 -0.24705830216407776
v 0.07306217402219772 -0.0882652997970581 -0.2481289505958557
v 0.07750976830720901 -0.08261114358901978 -0.24993407726287842
v 0.07931379228830338 -0.0825951099395752 -0.253128319978714
v 0.0734889954328537 -0.07973340153694153 -0.2628813087940216
v 0.07520827651023865 -0.07940897345542908 -0.26239028573036194
v 0.07550764083862305 -0.0817040503025055 -0.2609326243400574
v 0.0741414874792099 -0.08285513520240784 -0.2614328861236572
v 0.07670135796070099 -0.08385679125785828 -0.2594330310821533
v 0.07609976828098297 -0.08599749207496643 -0.2592219114303589
v 0.07798128575086594 -0.08080166578292847 -0.2591659724712372
v 0.07836682349443436 -0.08322754502296448 -0.25749561190605164
v 0.07765505462884903 -0.07784298062324524 -0.260853111743927
v 0.07786036282777786 -0.0762665867805481 -0.25754931569099426
v 0.07855317741632462 -0.07905587553977966 -0.25600844621658325
v 0.0790783241391182 -0.08158484101295471 -0.25541582703590393
v 0.07369939982891083 -0.0766180157661438 -0.26355499029159546
v 0.07522507756948471 -0.07710793614387512 -0.2633988857269287
v 0.07900527119636536 -0.08525460958480835 -0.2562881410121918
v 0.07359582185745239 -0.0873664915561676 -0.2592678964138031
v 0.07238620519638062 -0.08350890874862671 -0.2611101567745209
v 0.07154825329780579 -0.07945328950881958 -0.26280689239501953
v 0.07197768986225128 -0.07607221603393555 -0.2625773251056671
v 0.07085852324962616 -0.08380201458930969 -0.259662926197052
v 0.07041622698307037 -0.0796477198600769 -0.26105931401252747
v 0.0708765909075737 -0.07666277885437012 -0.2608562111854553
v 0.07008484750986099 -0.08407431840896606 -0.25718432664871216
v 0.06991560757160187 -0.07993635535240173 -0.25897738337516785
v 0.07170730829238892 -0.08811664581298828 -0.2575708031654358
v 0.07071839272975922 -0.08833321928977966 -0.2550784647464752
v 0.07038399577140808 -0.07758501172065735 -0.2597529888153076
v 0.0732918232679367 -0.07431164383888245 -0.26069679856300354
v 0.07511414587497711 -0.0741860568523407 -0.2617069482803345
v 0.07711151242256165 -0.07520255446434021 -0.262075275182724
v 0.07815396040678024 -0.07857674360275269 -0.25399157404899597
v 0.07701192796230316 -0.0755007266998291 -0.2559555172920227
v 0.07660074532032013 -0.07902631163597107 -0.25219932198524475
v 0.07530477643013 -0.07559841871261597 -0.2551268935203552
v 0.07747767865657806 -0.0745115876197815 -0.2593191862106323
v 0.07613272964954376 -0.07395714521408081 -0.2586669623851776
v 0.07055424153804779 -0.09077158570289612 -0.2534041106700897
v 0.07094252109527588 -0.0898388922214508 -0.25065672397613525
v 0.07095185667276382 -0.08728036284446716 -0.25199925899505615
v 0.07045875489711761 -0.08327534794807434 -0.25431933999061584
v 0.07287117838859558 -0.08551156520843506 -0.2497662901878357
v 0.07514294981956482 -0.08382043242454529 -0.24891990423202515
v 0.07448101043701172 -0.07994446158409119 -0.2515513300895691
v 0.07216337323188782 -0.08151406049728394 -0.252092182636261
v 0.0734717845916748 -0.07659834623336792 -0.25473880767822266
v 0.07171029597520828 -0.0779106616973877 -0.2551777958869934
v 0.07029196619987488 -0.07925465703010559 -0.25676849484443665
v 0.07276039570569992 -0.07514089345932007 -0.2575327157974243
v 0.07432934641838074 -0.074154794216156 -0.2579854130744934
v 0.07189971953630447 -0.0753014087677002 -0.2595486044883728
v 0.07097968459129333 -0.07676997780799866 -0.2584714889526367
v 0.07175292074680328 -0.07629862427711487 -0.2572194039821625
v 0.07802379876375198 -0.11496376991271973 -0.23129087686538696
v 0.03654532879590988 -0.17128020524978638 -0.2651676833629608
v 0.03608657792210579 -0.1683298647403717 -0.2633522152900696
v 0.031339287757873535 -0.16521239280700684 -0.2571871280670166
v 0.027478612959384918 -0.16687825322151184 -0.25413814187049866
v 0.024867428466677666 -0.17093461751937866 -0.2529459297657013
v 0.024824097752571106 -0.1746290922164917 -0.25463056564331055
v 0.026903297752141953 -0.17658469080924988 -0.2582153081893921
v 0.03468816727399826 -0.16590899229049683 -0.2608029842376709
v 0.03520595654845238 -0.17489877343177795 -0.2652936577796936
v 0.030797787010669708 -0.1769757866859436 -0.2621462643146515
v 0.025245826691389084 -0.17333874106407166 -0.26873478293418884
v 0.02994609996676445 -0.1714836061000824 -0.27139902114868164
v 0.021216681227087975 -0.17334029078483582 -0.2642099857330322
v 0.01955351047217846 -0.1717468500137329 -0.26003405451774597
v 0.02028341218829155 -0.1686050295829773 -0.2573194205760956
v 0.03202235698699951 -0.1682540476322174 -0.270922988653183
v 0.03223811835050583 -0.16518384218215942 -0.26833197474479675
v 0.030529631301760674 -0.16309860348701477 -0.26443949341773987
v 0.02757410705089569 -0.1647961437702179 -0.2764202654361725
v 0.02363872341811657 -0.16655901074409485 -0.2792288064956665
v 0.00944625586271286 -0.16410598158836365 -0.2773973345756531
v 0.010997943580150604 -0.1655750870704651 -0.2799966037273407
v 0.01335928961634636 -0.16680389642715454 -0.2770060896873474
v 0.01189279556274414 -0.16609787940979004 -0.27387765049934387
v 0.01564940996468067 -0.1673354208469391 -0.2755432426929474
v 0.015895167365670204 -0.16867071390151978 -0.2716811001300812
v 0.01625102013349533 -0.16691479086875916 -0.2808018922805786
v 0.017911525443196297 -0.16715863347053528 -0.2787031829357147
v 0.019128168001770973 -0.16489219665527344 -0.2834899127483368
v 0.020177561789751053 -0.16637882590293884 -0.28107091784477234
v 0.01382049173116684 -0.16628798842430115 -0.28390955924987793
v 0.00942731648683548 -0.16459918022155762 -0.2828371524810791
v 0.011528581380844116 -0.16448771953582764 -0.2861155569553375
v 0.008012339472770691 -0.16268390417099 -0.2818370759487152
v 0.020144114270806313 -0.16890421509742737 -0.2756495177745819
v 0.015084706246852875 -0.16829654574394226 -0.265570729970932
v 0.01101335883140564 -0.16507047414779663 -0.2707917094230652
v 0.008282989263534546 -0.16232720017433167 -0.27561524510383606
v 0.007810916751623154 -0.16009414196014404 -0.28052008152008057
v 0.011734157800674438 -0.16232329607009888 -0.2683003544807434
v 0.00940033420920372 -0.1598292887210846 -0.27464765310287476
v 0.009355973452329636 -0.15835162997245789 -0.2792612910270691
v 0.014963392168283463 -0.15973803400993347 -0.26878800988197327
v 0.012057274580001831 -0.15811505913734436 -0.2750098407268524
v 0.016227509826421738 -0.1658605933189392 -0.2620132565498352
v 0.019901221618056297 -0.16297602653503418 -0.2613946795463562
v 0.011115297675132751 -0.1575794816017151 -0.27851957082748413
v 0.010197635740041733 -0.15873906016349792 -0.2848162353038788
v 0.009818963706493378 -0.16130906343460083 -0.2865351140499115
v 0.021166380494832993 -0.16310229897499084 -0.28331369161605835
v 0.016921093687415123 -0.16415667533874512 -0.28608185052871704
v 0.01815957762300968 -0.16150209307670593 -0.2862018048763275
v 0.02308010496199131 -0.16131973266601562 -0.28154757618904114
v 0.018752623349428177 -0.15921106934547424 -0.28498631715774536
v 0.014436881989240646 -0.16347402334213257 -0.2878786623477936
v 0.014402836561203003 -0.1608598232269287 -0.28794100880622864
v 0.023428786545991898 -0.16513320803642273 -0.25751012563705444
v 0.02713080495595932 -0.1631375253200531 -0.2602623701095581
v 0.02391171082854271 -0.1611768901348114 -0.2639547884464264
v 0.01909363642334938 -0.15829038619995117 -0.2708447277545929
v 0.027173100039362907 -0.1607174277305603 -0.2687261998653412
v 0.02878713235259056 -0.1623307168483734 -0.2733525335788727
v 0.02350045181810856 -0.15938568115234375 -0.2789310812950134
v 0.022316258400678635 -0.15787741541862488 -0.2750163972377777
v 0.018590912222862244 -0.1577228307723999 -0.2826763391494751
v 0.017565978690981865 -0.15717452764511108 -0.27968502044677734
v 0.015029752627015114 -0.15706217288970947 -0.2768915593624115
v 0.014729481190443039 -0.15738946199417114 -0.28371259570121765
v 0.014397434890270233 -0.15846514701843262 -0.2863174378871918
v 0.011454503983259201 -0.15754246711730957 -0.2825099229812622
v 0.012924250215291977 -0.15702849626541138 -0.2802714705467224
v 0.014955712482333183 -0.15700426697731018 -0.28158238530158997
v 0.07159940898418427 -0.1192173957824707 -0.22842979431152344
v 0.0681876391172409 -0.1207578182220459 -0.23171061277389526
v 0.06987018883228302 -0.12543362379074097 -0.22752857208251953
v 0.07157506793737411 -0.13077345490455627 -0.22213348746299744
v 0.07643186300992966 -0.1334456205368042 -0.21540769934654236
v 0.06960821896791458 -0.1336466372013092 -0.2260284423828125
v 0.0677056834101677 -0.12812402844429016 -0.23110762238502502
v 0.06613008677959442 -0.1222531795501709 -0.2370322346687317
v 0.06969455629587173 -0.1405128836631775 -0.22527462244033813
v -0.02299770712852478 -0.7647799253463745 -0.1826268434524536
v -0.019627653062343597 -0.7650324106216431 -0.18147100508213043
v -0.017501812428236008 -0.7603075504302979 -0.17849622666835785
v -0.020027952268719673 -0.759410560131073 -0.1796799898147583
v -0.02313528209924698 -0.7585780024528503 -0.180899515748024
v -0.026807107031345367 -0.7579951286315918 -0.18134509027004242
v -0.03305412083864212 -0.7636721730232239 -0.1829386055469513
v -0.027832038700580597 -0.764909029006958 -0.18379485607147217
v -0.04075661674141884 -0.7574546337127686 -0.17751310765743256
v -0.03928085416555405 -0.7589476704597473 -0.1782829761505127
v -0.04001446068286896 -0.7566865682601929 -0.17772752046585083
v -0.03461424633860588 -0.7571655511856079 -0.17995959520339966
v -0.03793182969093323 -0.757026195526123 -0.17840556800365448
v -0.015365594998002052 -0.7639040946960449 -0.17842787504196167
v -0.014309314079582691 -0.7631767988204956 -0.17740684747695923
v -0.017244264483451843 -0.7644982933998108 -0.1799037754535675
v -0.030900875106453896 -0.7576022744178772 -0.18105027079582214
v -0.014432435855269432 -0.7622902393341064 -0.17702285945415497
v -0.015586074441671371 -0.7613465189933777 -0.17738202214241028
v -0.036969903856515884 -0.7615521550178528 -0.18055154383182526
v -0.023148570209741592 -0.760708212852478 -0.18123693764209747
v -0.026890799403190613 -0.7600491642951965 -0.18199925124645233
v -0.03196410462260246 -0.7617106437683105 -0.18256248533725739
v -0.027211468666791916 -0.7626139521598816 -0.18285632133483887
v -0.03455488383769989 -0.7589490413665771 -0.18070952594280243
v -0.036780212074518204 -0.7585380673408508 -0.17951244115829468
v -0.02016294188797474 -0.7611775994300842 -0.18003065884113312
v -0.031083475798368454 -0.7595024704933167 -0.1817837953567505
v -0.022888921201229095 -0.7630717754364014 -0.1821162849664688
v -0.03732863813638687 -0.7590713500976562 -0.17946746945381165
v -0.035582035779953 -0.760500431060791 -0.1811332255601883
v -0.015043461695313454 -0.7624810934066772 -0.17764265835285187
v -0.01508573442697525 -0.7621737718582153 -0.17751552164554596
v -0.012845630757510662 -0.5361006259918213 -0.08990466594696045
v -0.010796898975968361 -0.5170613527297974 -0.09300956130027771
v -0.019752420485019684 -0.7628868818283081 -0.18062037229537964
v -0.016119886189699173 -0.7617447376251221 -0.17807161808013916
v -0.017795003950595856 -0.7613152265548706 -0.17897655069828033
v -0.01761193759739399 -0.7627780437469482 -0.17936085164546967
v -0.0159792248159647 -0.7626650333404541 -0.17832092940807343
v 0.11453475058078766 -0.44575750827789307 -0.09796220064163208
v 0.10633447766304016 -0.4424918293952942 -0.08968527615070343
v 0.1514960080385208 -0.4505064785480499 -0.09386800229549408
v 0.15872009098529816 -0.45590299367904663 -0.07935275137424469
v 0.03253769502043724 -0.29294395446777344 -0.06646768748760223
v 0.07290584594011307 -0.358635812997818 0.023293092846870422
v 0.0751611590385437 -0.37693729996681213 0.02152319625020027
v 0.02986670844256878 -0.3782881498336792 0.04926249757409096
v 0.04384789615869522 -0.37511929869651794 0.044653017073869705
v 0.08573003858327866 -0.3424839973449707 -0.035772938281297684
v 0.08492884784936905 -0.3248518109321594 -0.033758796751499176
v 0.05833957716822624 -0.32835137844085693 -0.059018574655056
v 0.057251714169979095 -0.31054139137268066 -0.05705532059073448
v 0.07795166969299316 -0.3008154630661011 -0.04491681605577469
v 0.05484871193766594 -0.3317003846168518 0.042534083127975464
v 0.053897466510534286 -0.3506469130516052 0.04013274982571602
v 0.0632452592253685 -0.3455314636230469 0.032432232052087784
v 0.06476187705993652 -0.3280327022075653 0.03600089251995087
v 0.013204204849898815 -0.3601953387260437 0.04852753132581711
v 0.014587761834263802 -0.379209041595459 0.04997546225786209
v 0.0903540551662445 -0.3669429421424866 -0.028047049418091774
v 0.09105241298675537 -0.37348970770835876 -0.015235915780067444
v 0.08278369158506393 -0.38561275601387024 0.007348872721195221
v 0.07750554382801056 -0.3932824432849884 0.017795907333493233
v 0.06141732260584831 -0.4088466465473175 0.035555243492126465
v 0.07112589478492737 -0.40134236216545105 0.027139324694871902
v 0.04772506654262543 -0.3447490632534027 -0.06769603490829468
v 0.034865643829107285 -0.3600322902202606 -0.07480074465274811
v 0.08536379784345627 -0.3606351912021637 -0.03957871347665787
v 0.009669742546975613 -0.34189414978027344 -0.07565352320671082
v 0.03505648300051689 -0.4433499872684479 0.05155453830957413
v 0.053178247064352036 -0.4389790892601013 0.04483117535710335
v 0.08756159991025925 -0.3793240785598755 -0.003651584032922983
v 0.0018538886215537786 -0.47410720586776733 -0.11292910575866699
v 0.00214053550735116 -0.45801883935928345 -0.1200864315032959
v 0.012952798046171665 -0.46234750747680664 -0.12120596319437027
v 0.01250649057328701 -0.47811856865882874 -0.11398759484291077
v 0.023756610229611397 -0.4658876061439514 -0.12245899438858032
v 0.034557994455099106 -0.4684687852859497 -0.12254135310649872
v 0.044523779302835464 -0.47019851207733154 -0.12113736569881439
v 0.0671023353934288 -0.4715104401111603 -0.11186569184064865
v 0.060862019658088684 -0.4716011881828308 -0.1157425120472908
v 0.07737531512975693 -0.4695432186126709 -0.10259980708360672
v 0.07242241501808167 -0.47122296690940857 -0.10746061056852341
v 0.08399303257465363 -0.4630035161972046 -0.09578327089548111
v 0.09101875871419907 -0.4553033113479614 -0.0864885225892067
v 0.09568186104297638 -0.4490170478820801 -0.07554292678833008
v 0.0952085629105568 -0.46105894446372986 -0.07429339736700058
v 0.09217225760221481 -0.443250447511673 -0.08793999999761581
v 0.08685566484928131 -0.45125383138656616 -0.09735144674777985
v 0.08090171962976456 -0.4556598365306854 -0.10478425025939941
v -0.004776427522301674 -0.4209369122982025 -0.12321538478136063
v 3.8821250200271606e-05 -0.401640385389328 -0.11089666932821274
v -0.01439041830599308 -0.554599404335022 -0.08734635263681412
v 0.1364225596189499 -0.2662448585033417 -0.09182924032211304
v 0.09525394439697266 -0.2308710217475891 -0.18946877121925354
v 0.01992820017039776 -0.6078084707260132 0.0033202439080923796
v 0.001469896174967289 -0.6042936444282532 0.006200357340276241
v -0.01583773083984852 -0.5923960208892822 0.011385650373995304
v -0.01676342822611332 -0.6004697680473328 0.0074667236767709255
v 0.08732687681913376 -0.6210142374038696 -0.03608884662389755
v 0.07633490860462189 -0.6180844306945801 -0.016429070383310318
v 0.06145656853914261 -0.6133890151977539 -0.00188366137444973
v 0.042469002306461334 -0.6066677570343018 0.005128355231136084
v 0.0753457322716713 -0.37204480171203613 -0.05313572287559509
v 0.02762524224817753 -0.5818886756896973 0.014516737312078476
v 0.045791804790496826 -0.5985503196716309 0.009077232331037521
v 0.06613530218601227 -0.6058791875839233 0.0023759957402944565
v 0.08400095999240875 -0.6115550994873047 -0.01242279913276434
v 0.10104215145111084 -0.615546703338623 -0.035302288830280304
v 0.11360548436641693 -0.6104168891906738 -0.046383120119571686
v 0.1278132051229477 -0.5884066224098206 -0.04794539883732796
v 0.13463716208934784 -0.5792940855026245 -0.054885804653167725
v 0.1384284496307373 -0.5844250917434692 -0.06872782111167908
v 0.14316461980342865 -0.5717875957489014 -0.07417577505111694
v 0.14030569791793823 -0.5687530636787415 -0.06090660020709038
v 0.15775656700134277 -0.48581117391586304 -0.07186593115329742
v 0.1591106653213501 -0.47255757451057434 -0.06874354183673859
v 0.15926478803157806 -0.46405935287475586 -0.061931006610393524
v 0.1564154475927353 -0.4588555693626404 -0.05452164635062218
v 0.15144161880016327 -0.4576870799064636 -0.047953050583601
v 0.1441315859556198 -0.460757315158844 -0.04197485372424126
v 0.1376408040523529 -0.46880006790161133 -0.03784579038619995
v 0.1237100139260292 -0.497189462184906 -0.0331568606197834
v 0.12230883538722992 -0.5044225454330444 -0.03125543147325516
v 0.1131160706281662 -0.4976678490638733 -0.025721125304698944
v 0.11107577383518219 -0.49306052923202515 -0.02271360531449318
v 0.09858936816453934 -0.4639434218406677 0.009212127886712551
v 0.10311758518218994 -0.47559458017349243 -0.001403538859449327
v 0.09279444813728333 -0.4500669836997986 0.01763906329870224
v 0.08333946019411087 -0.24738039076328278 0.08081349730491638
v 0.07343273609876633 -0.2626509368419647 0.06983423233032227
v 0.08801203966140747 -0.26298487186431885 0.06015889346599579
v 0.09952716529369354 -0.24873889982700348 0.0724836140871048
v 0.017879432067275047 -0.29379644989967346 0.05976729840040207
v 0.03296209126710892 -0.2945851981639862 0.05839233100414276
v 0.12078694254159927 -0.2504945993423462 -0.0032043009996414185
v 0.11756197363138199 -0.25630906224250793 0.01572956144809723
v 0.11057953536510468 -0.2603795528411865 0.032812729477882385
v 0.10043253749608994 -0.26258584856987 0.04790852218866348
v 0.11908793449401855 -0.24610535800457 -0.018222883343696594
v 0.05698578059673309 -0.21079453825950623 -0.07178077846765518
v 0.07207508385181427 -0.21738623082637787 -0.06593398749828339
v 0.011689344421029091 -0.19825777411460876 -0.0807579904794693
v 0.02617032453417778 -0.20063845813274384 -0.07925938814878464
v 0.11327911168336868 -0.23961776494979858 -0.03315865993499756
v 0.04138624668121338 -0.2049606889486313 -0.07643100619316101
v 0.08767493069171906 -0.22474651038646698 -0.0578635036945343
v 0.10239066183567047 -0.23206058144569397 -0.04653121903538704
v 0.06509415805339813 -0.27634167671203613 0.05968734622001648
v 0.05072459578514099 -0.277604341506958 0.06475507467985153
v 0.04655728489160538 -0.29452529549598694 0.05449378862977028
v 0.03242523595690727 -0.5110138654708862 0.05256945639848709
v 0.052143629640340805 -0.511518120765686 0.04439761862158775
v 0.06984764337539673 -0.5139300227165222 0.036251530051231384
v 0.08335251361131668 -0.5326550006866455 0.025389092043042183
v 0.09646835178136826 -0.5352860689163208 0.015776891261339188
v 0.0969453975558281 -0.5206597447395325 0.016561858355998993
v 0.08500172197818756 -0.5174401998519897 0.026929231360554695
v 0.11129949241876602 -0.5376863479614258 -0.0036338837817311287
v 0.11534754931926727 -0.5373489856719971 -0.011910704895853996
v 0.11448576301336288 -0.5265751481056213 -0.010872254148125648
v 0.11162201315164566 -0.5259918570518494 -0.004011757671833038
v 0.11958904564380646 -0.5268455147743225 -0.01636696606874466
v 0.12422353029251099 -0.5259813666343689 -0.022389737889170647
v 0.12727496027946472 -0.5236644744873047 -0.028623316437005997
v 0.13181699812412262 -0.5178183913230896 -0.03320271521806717
v 0.13769511878490448 -0.52995365858078 -0.03967198356986046
v 0.1331535130739212 -0.5373204946517944 -0.03458019345998764
v 0.11142195761203766 -0.5498138666152954 -0.006702624261379242
v 0.10453218221664429 -0.550489068031311 0.00287571270018816
v 0.03144591301679611 -0.5348401069641113 0.035884492099285126
v 0.011417998932301998 -0.5293674468994141 0.03890416771173477
v 0.09857437014579773 -0.4488970935344696 -0.06312859058380127
v 0.10120858252048492 -0.45108160376548767 -0.051593117415905
v 0.10168120265007019 -0.45533430576324463 -0.041738491505384445
v 0.10237955302000046 -0.46069222688674927 -0.03304777666926384
v 0.10471222549676895 -0.46672090888023376 -0.024902906268835068
v 0.10658121109008789 -0.473598450422287 -0.01661619357764721
v 0.10732302069664001 -0.481739342212677 -0.008727692067623138
v 0.11000440269708633 -0.48769909143447876 -0.01624908857047558
v 0.10710705816745758 -0.49117398262023926 -0.0021611936390399933
v 0.1099875271320343 -0.4959161877632141 -0.011385990306735039
v 0.10651139169931412 -0.5014110803604126 0.003016222734004259
v 0.10649687051773071 -0.5121250152587891 0.005649051163345575
v 0.10555430501699448 -0.5243700742721558 0.006215275265276432
v 0.10554686933755875 -0.536471962928772 0.005719730630517006
v 0.08347288519144058 -0.5476511120796204 0.02259831689298153
v 0.09609181433916092 -0.5489885807037354 0.01298106461763382
v 0.06956910341978073 -0.5591012239456177 0.025799963623285294
v 0.07021434605121613 -0.5718578696250916 0.01996992714703083
v 0.06861991435289383 -0.5294800996780396 0.03519178181886673
v 0.06875456869602203 -0.5443283319473267 0.03145696222782135
v 0.048175934702157974 -0.6342452168464661 -0.029975635930895805
v 0.033179108053445816 -0.6329237222671509 -0.017000146210193634
v 0.14364811778068542 -0.4800877869129181 -0.04111362248659134
v 0.1444624364376068 -0.47145581245422363 -0.04183554649353027
v 0.13922035694122314 -0.47639358043670654 -0.038389649242162704
v 0.13999448716640472 -0.48144835233688354 -0.03844866529107094
v 0.1492365300655365 -0.4703347086906433 -0.04598913714289665
v 0.1511034369468689 -0.4840282201766968 -0.048631567507982254
v 0.15343719720840454 -0.47241705656051636 -0.051230430603027344
v 0.14747202396392822 -0.4805351197719574 -0.04446929320693016
v 0.1562505066394806 -0.4772312641143799 -0.056986160576343536
v 0.15300291776657104 -0.48797255754470825 -0.053080566227436066
v 0.1570134162902832 -0.4842415750026703 -0.061825741082429886
v 0.1543937772512436 -0.49319905042648315 -0.057638805359601974
v 0.15492883324623108 -0.4969727396965027 -0.060851626098155975
v 0.156598299741745 -0.49252480268478394 -0.06520240008831024
v 0.14778709411621094 -0.5282943248748779 -0.05431486666202545
v 0.1512109786272049 -0.5167538523674011 -0.05703091248869896
v 0.15352454781532288 -0.5052395462989807 -0.05926823988556862
v 0.13635964691638947 -0.5096238255500793 -0.03573906421661377
v 0.14103542268276215 -0.4999634921550751 -0.03892926499247551
v 0.14488789439201355 -0.49002760648727417 -0.042070407420396805
v 0.14772561192512512 -0.4938546419143677 -0.045548226684331894
v 0.14393368363380432 -0.5041905641555786 -0.04238755255937576
v 0.13932392001152039 -0.5144840478897095 -0.038873977959156036
v 0.032698653638362885 -0.5216023921966553 0.044060591608285904
v 0.050805795937776566 -0.5260410904884338 0.0416669137775898
v 0.12111310660839081 -0.5363584160804749 -0.01803262159228325
v 0.12567497789859772 -0.534424901008606 -0.02442309632897377
v 0.12980279326438904 -0.530293881893158 -0.030693406239151955
v 0.13425317406654358 -0.5234321355819702 -0.03556329011917114
v 0.12806953489780426 -0.5422746539115906 -0.028511036187410355
v 0.12272189557552338 -0.5458388924598694 -0.02217257395386696
v 0.11657800525426865 -0.5478500723838806 -0.015321267768740654
v 0.050390422344207764 -0.5401868224143982 0.03491244837641716
v 0.012538904324173927 -0.5172513127326965 0.04724038392305374
v 0.1018117219209671 -0.5384822487831116 -0.10237638652324677
v 0.11596173048019409 -0.5512659549713135 -0.1060023307800293
v 0.13059723377227783 -0.5618233680725098 -0.10227160155773163
v 0.1405823528766632 -0.5689043402671814 -0.09032605588436127
v -0.02095242775976658 -0.6308116912841797 -0.006000804714858532
v 0.12064385414123535 -0.33286917209625244 -0.056142836809158325
v -0.0025315526872873306 -0.47079798579216003 0.06487833708524704
v -0.005664297379553318 -0.49235081672668457 0.06478219479322433
v 0.00012800144031643867 -0.40067216753959656 0.05233372375369072
v 0.0007822085171937943 -0.4200383424758911 0.06339256465435028
v 0.030468473210930824 -0.31881463527679443 0.05357298627495766
v 0.015315361320972443 -0.3205924332141876 0.0537630133330822
v 0.013626916334033012 -0.3419746160507202 0.05064547061920166
v 0.0013053289148956537 -0.27829235792160034 0.075624480843544
v 8.45552422106266e-05 -0.29398661851882935 0.05777070298790932
v -0.0009090066887438297 -0.3419724702835083 0.049138374626636505
v -0.0007236611563712358 -0.36123621463775635 0.04623626917600632
v 0.017380909994244576 -0.445039302110672 0.06007211282849312
v 0.013749629259109497 -0.5101577043533325 0.059016887098550797
v -0.008845260366797447 -0.5148247480392456 0.05004367232322693
v -0.010175459086894989 -0.5266898274421692 0.04107339307665825
v -0.01140831783413887 -0.5420770645141602 0.035151656717061996
v 0.057445693761110306 -0.44281062483787537 -0.12945371866226196
v 0.05544294789433479 -0.4570249915122986 -0.12450709939002991
v 0.04634762182831764 -0.45570772886276245 -0.12731635570526123
v 0.04797033965587616 -0.4414411187171936 -0.13278774917125702
v 0.07182227820158005 -0.4451523423194885 -0.11953404545783997
v 0.06960620731115341 -0.4584328830242157 -0.11594787985086441
v 0.06307124346494675 -0.457974374294281 -0.12048593908548355
v 0.06524944305419922 -0.4438720643520355 -0.12491420656442642
v 0.07505939900875092 -0.45805832743644714 -0.11058966815471649
v 0.07761334627866745 -0.4453943371772766 -0.11376550048589706
v 0.05833026021718979 -0.4275211989879608 -0.13167758285999298
v 0.06662489473819733 -0.4286797046661377 -0.12671726942062378
v 0.04880199953913689 -0.4264655113220215 -0.1355046182870865
v 0.07897721230983734 -0.43136805295944214 -0.11530737578868866
v 0.07329705357551575 -0.43018588423728943 -0.12115758657455444
v -0.03276503458619118 -0.6579736471176147 -0.14547622203826904
v -0.03524944931268692 -0.6569455862045288 -0.1613588035106659
v -0.047676943242549896 -0.6907060742378235 -0.18235062062740326
v -0.04853036627173424 -0.6947687268257141 -0.18131469190120697
v -0.032354686409235 -0.6523212194442749 -0.11830191314220428
v -0.0308407973498106 -0.6439067125320435 -0.11169850081205368
v -0.04636095464229584 -0.6749260425567627 -0.17442703247070312
v -0.04406938701868057 -0.6637600064277649 -0.17172497510910034
v -0.05431694909930229 -0.7117713689804077 -0.18845544755458832
v -0.05345999076962471 -0.7092688679695129 -0.1863834708929062
v -0.05177002772688866 -0.7002910375595093 -0.18537938594818115
v -0.05090789124369621 -0.6972410678863525 -0.18366840481758118
v -0.029383178800344467 -0.6339870691299438 -0.10557687282562256
v -0.03459778428077698 -0.6573281288146973 -0.1283745914697647
v -0.02733970806002617 -0.6147529482841492 -0.09100957214832306
v -0.026334846392273903 -0.6049151420593262 -0.08263875544071198
v -0.017847174778580666 -0.5956897735595703 -0.07804946601390839
v -0.01654248684644699 -0.5829042196273804 -0.07824043929576874
v -0.007205759175121784 -0.43839555978775024 -0.12474717199802399
v -0.0069840168580412865 -0.4789668321609497 -0.09767753630876541
v -0.008859814144670963 -0.4686817228794098 -0.11285131424665451
v -0.00908881239593029 -0.4972262680530548 -0.09356904774904251
v -0.015703974291682243 -0.5698263049125671 -0.08356757462024689
v -0.02827451191842556 -0.623939037322998 -0.0984003096818924
v -0.048653773963451385 -0.6864601373672485 -0.1807318478822708
v -0.04753647744655609 -0.6817927360534668 -0.17694896459579468
v -0.05285646393895149 -0.7062340974807739 -0.18559199571609497
v -0.05233654007315636 -0.703331708908081 -0.1855117678642273
v -0.022436389699578285 -0.5326974391937256 -0.09000400453805923
v -0.020927056670188904 -0.5131826400756836 -0.09219880402088165
v -0.008220252580940723 -0.4533535838127136 -0.11997227370738983
v -0.014138098806142807 -0.41947048902511597 -0.12145506590604782
v -0.011388545855879784 -0.3984808623790741 -0.10807009041309357
v -0.023843199014663696 -0.5509079694747925 -0.08732869476079941
v -0.008964820764958858 -0.38487663865089417 -0.08724292367696762
v 0.15686365962028503 -0.08560696244239807 0.05963628366589546
v 0.1414339542388916 -0.06686583161354065 0.07334434241056442
v 0.1324431300163269 -0.08196982741355896 0.09010760486125946
v 0.14492134749889374 -0.09495982527732849 0.08024800568819046
v 0.14827722311019897 -0.13856184482574463 0.06744477897882462
v 0.14559929072856903 -0.16332188248634338 0.06332032382488251
v 0.14280585944652557 -0.18800805509090424 0.06007681041955948
v 0.11401548981666565 -0.07471370697021484 0.10134925693273544
v 0.0852600708603859 -0.0932752788066864 0.11937467753887177
v 0.08970871567726135 -0.07292068004608154 0.11145886778831482
v 0.13096505403518677 -0.18524014949798584 0.07835820317268372
v 0.13299228250980377 -0.15990641713142395 0.08291622996330261
v 0.13554508984088898 -0.10165989398956299 0.09070180356502533
v 0.1363040953874588 -0.11523336172103882 0.08958935737609863
v 0.1488831490278244 -0.11426585912704468 0.07297178357839584
v 0.10882750898599625 -0.09279105067253113 0.10966257005929947
v 0.12573672831058502 -0.09620526432991028 0.09909218549728394
v 0.04907087981700897 -0.24388715624809265 0.08920799195766449
v 0.05466968193650246 -0.22509285807609558 0.09779597073793411
v 0.031035609543323517 -0.2252931147813797 0.10096265375614166
v 0.11365487426519394 -0.2504705786705017 0.0585409477353096
v 0.1070890873670578 -0.23078332841396332 0.08009903132915497
v 0.005423858296126127 -0.09190601110458374 0.11544343829154968
v 0.12198663502931595 -0.11352816224098206 0.10182309150695801
v 0.0831868052482605 -0.11414241790771484 0.12370409071445465
v 0.10492074489593506 -0.11325463652610779 0.11304791271686554
v 0.08158110827207565 -0.18403564393520355 0.11373936384916306
v 0.10071968287229538 -0.18287384510040283 0.1049470454454422
v 0.10127666592597961 -0.15907546877861023 0.11144595593214035
v 0.0817386582493782 -0.16078440845012665 0.12093333154916763
v 0.11708785593509674 -0.18293896317481995 0.09325525164604187
v 0.11277253180742264 -0.2084636688232422 0.08735513687133789
v 0.07905961573123932 -0.20577502250671387 0.10442071408033371
v 0.097368523478508 -0.20679236948490143 0.09727392345666885
v 0.09114313870668411 -0.22885051369667053 0.08901111036539078
v 0.11838984489440918 -0.15737751126289368 0.09869186580181122
v 0.08192623406648636 -0.13697797060012817 0.12501557171344757
v 0.0566629022359848 -0.13802827894687653 0.1315825879573822
v 0.030379073694348335 -0.1408156007528305 0.12951354682445526
v 0.0048173703253269196 -0.14046575129032135 0.12621504068374634
v 0.0042594969272613525 -0.1622503101825714 0.12487686425447464
v 0.07421911507844925 -0.2262338399887085 0.09457666426897049
v 0.057543713599443436 -0.2624107897281647 0.07540856301784515
v 0.06714614480733871 -0.2455730140209198 0.085494764149189
v 0.04392706975340843 -0.3167640268802643 0.04962684214115143
v 0.08924365043640137 0.05683577060699463 -0.13170462846755981
v 0.004576048813760281 -0.06626057624816895 0.023562267422676086
v 0.004721377976238728 -0.06837677955627441 0.00870281457901001
v 0.15940088033676147 -0.14284548163414001 -0.03873639553785324
v 0.1718074232339859 -0.10740894079208374 0.018198132514953613
v 0.16333456337451935 -0.11059212684631348 0.04901987314224243
v 0.015453482046723366 -0.07488211989402771 -0.01668434590101242
v 0.028709925711154938 -0.08300426602363586 -0.03534538298845291
v 0.14335505664348602 -0.14334075152873993 -0.0580330491065979
v 0.09540200978517532 -0.11973413825035095 -0.07282982766628265
v 0.008336765691637993 -0.0706682801246643 -0.00294514000415802
v 0.13391447067260742 -0.13735173642635345 0.08660189807415009
v 0.11980460584163666 -0.1348244845867157 0.1021319329738617
v 0.1027081087231636 -0.13535548746585846 0.1143241748213768
v 0.057858243584632874 -0.1161896288394928 0.13187770545482635
v 0.03050334006547928 -0.11965030431747437 0.13215060532093048
v 0.0051015205681324005 -0.12202417850494385 0.12552402913570404
v 0.018330296501517296 -0.12363475561141968 -0.03525189310312271
v 0.008099863305687904 -0.13181732594966888 -0.03789278119802475
v 0.01362181082367897 -0.13205556571483612 -0.03900483623147011
v -0.0006321042310446501 -0.14051158726215363 -0.04247480630874634
v 0.0008755257586017251 -0.13039855659008026 -0.03570549562573433
v 0.009511642158031464 -0.12100347876548767 -0.0313904732465744
v 0.001996784470975399 -0.11910238862037659 -0.02872864156961441
v 0.0020483420230448246 -0.10886842012405396 -0.02019564062356949
v 0.0588664710521698 -0.19747799634933472 -0.07096701115369797
v 0.07523685693740845 -0.2043611854314804 -0.0646306648850441
v 0.011531774885952473 -0.1867327243089676 -0.07931803166866302
v 0.026365265250205994 -0.1882718950510025 -0.07824903726577759
v 0.12015016376972198 -0.22846587002277374 -0.030366972088813782
v 0.04231967404484749 -0.19197143614292145 -0.07559481263160706
v 0.09134919196367264 -0.2124946564435959 -0.0559404082596302
v 0.10771964490413666 -0.22126339375972748 -0.044746674597263336
v 0.0026701155584305525 -0.20636475086212158 0.11161431670188904
v 0.0021784864366054535 -0.22916583716869354 0.10272172093391418
v -0.0023135882802307606 -0.18698225915431976 -0.07785600423812866
v -0.040937911719083786 -0.656197190284729 -0.16058987379074097
v -0.037451282143592834 -0.6575648188591003 -0.1437605619430542
v -0.06785900145769119 -0.8281909227371216 -0.17754541337490082
v -0.0258487518876791 -0.6693228483200073 -0.03655273839831352
v -0.06255882978439331 -0.7721594572067261 -0.19014012813568115
v -0.04981784150004387 -0.6942299604415894 -0.18118271231651306
v -0.05520786717534065 -0.7131255865097046 -0.19163942337036133
v -0.025121673941612244 -0.5936503410339355 -0.07596570253372192
v -0.024268141016364098 -0.5797668695449829 -0.07574102282524109
v 0.0017990267369896173 -0.07004693150520325 0.017543457448482513
v -0.02446710132062435 -0.5666914582252502 -0.08230861276388168
v 0.002756000030785799 -0.06970915198326111 0.027720406651496887
v -0.00029557477682828903 -0.38015222549438477 0.04851608723402023
v 0.03448602557182312 0.4359281659126282 -0.013174548745155334
v 0.03451455757021904 0.43205684423446655 -0.0002429485321044922
v 0.0361442044377327 0.45503655076026917 -0.00019060075283050537
v 0.03444221615791321 0.45746076107025146 -0.012724742293357849
v 0.05369466543197632 0.42473864555358887 0.021817758679389954
v 0.04304524138569832 0.4269006848335266 0.016704142093658447
v 0.06569775193929672 0.4252367913722992 0.0217122882604599
v 0.07596001029014587 0.4280417859554291 0.01724933087825775
v 0.06960547715425491 0.45083481073379517 0.019070729613304138
v 0.06124669685959816 0.4483894109725952 0.024343043565750122
v 0.081285260617733 0.4309178590774536 0.009054034948348999
v 0.07979340851306915 0.45617958903312683 0.001958400011062622
v 0.08435095846652985 0.43380311131477356 -0.001129835844039917
v 0.0866757482290268 0.4378170967102051 -0.016471311450004578
v 0.08056717365980148 0.45898208022117615 -0.011961966753005981
v 0.07878357172012329 0.44271743297576904 -0.031043201684951782
v 0.07407300174236298 0.4633839428424835 -0.0283346027135849
v 0.06673908233642578 0.4459892213344574 -0.041608572006225586
v 0.03825440630316734 0.4400997459888458 -0.027633696794509888
v 0.03612438589334488 0.46075600385665894 -0.027311399579048157
v 0.05081270635128021 0.4481450021266937 0.02335803210735321
v 0.042975664138793945 0.45070818066596985 0.01580825448036194
v 0.03893281891942024 0.4530782401561737 0.007923439145088196
v 0.03744402155280113 0.4293966591358185 0.00896427035331726
v 0.03296788036823273 0.47627899050712585 -0.001201242208480835
v 0.0288354754447937 0.4777122437953949 -0.013317018747329712
v 0.04785449057817459 0.4705289304256439 0.027191713452339172
v 0.041508033871650696 0.4734551012516022 0.015796244144439697
v 0.06461667269468307 0.4715884327888489 0.02162174880504608
v 0.058735042810440063 0.46960264444351196 0.029805481433868408
v 0.07889416813850403 0.4768974184989929 0.0040633827447891235
v 0.07083810120820999 0.4741206169128418 0.01197059452533722
v 0.07438557595014572 0.4533082842826843 0.010369211435317993
v 0.07738737761974335 0.4795386791229248 -0.008130639791488647
v 0.07005640864372253 0.4831617474555969 -0.026551678776741028
v 0.03315059840679169 0.4806516468524933 -0.028818532824516296
v 0.03786007687449455 0.47504138946533203 0.006812453269958496
v 0.0764424130320549 0.5740786194801331 -0.13983136415481567
v 0.07640565931797028 0.5701113343238831 -0.13979975879192352
v 0.07273311913013458 0.5690220594406128 -0.14141173660755157
v 0.07082190364599228 0.5731635689735413 -0.142247274518013
v 0.04618450254201889 0.5672128200531006 -0.15428680181503296
v 0.04749729484319687 0.5584914684295654 -0.1572675108909607
v 0.03933641314506531 0.5581296682357788 -0.15708783268928528
v 0.03589816763997078 0.5671983361244202 -0.1547134518623352
v 0.05994698405265808 0.5711805820465088 -0.15139234066009521
v 0.05935557186603546 0.5738134384155273 -0.14814771711826324
v 0.06357589364051819 0.5749685764312744 -0.1467544436454773
v 0.0665590912103653 0.5727924704551697 -0.14933671057224274
v 0.08708816021680832 0.5725184082984924 -0.1135609894990921
v 0.08539405465126038 0.5762879848480225 -0.11171938478946686
v 0.08864951878786087 0.5766477584838867 -0.1093960702419281
v 0.09098929166793823 0.5737359523773193 -0.1100933849811554
v 0.07981131970882416 0.5744210481643677 -0.12979543209075928
v 0.07809873670339584 0.577703595161438 -0.1273786872625351
v 0.0814104899764061 0.5779064893722534 -0.12527360022068024
v 0.08439460396766663 0.5758416652679443 -0.1264815628528595
v 0.04498928785324097 0.5554640889167786 -0.13782358169555664
v 0.033785343170166016 0.5515812635421753 -0.13818371295928955
v 0.03628409281373024 0.5562194585800171 -0.14919982850551605
v 0.04737301170825958 0.5566538572311401 -0.14878931641578674
v 0.02843131497502327 0.5612934827804565 -0.14702606201171875
v 0.024663720279932022 0.5577980279922485 -0.13504904508590698
v 0.028515063226222992 0.5649176836013794 -0.1330437809228897
v 0.03262748196721077 0.5661414265632629 -0.14379630982875824
v 0.039741501212120056 0.568069338798523 -0.1332872211933136
v 0.0426032617688179 0.5690167546272278 -0.1430397927761078
v 0.04791942611336708 0.5643984079360962 -0.13531020283699036
v 0.05232216417789459 0.5650506019592285 -0.14594492316246033
v 0.06417520344257355 0.5680626630783081 -0.1331937313079834
v 0.061474114656448364 0.561787486076355 -0.13501571118831635
v 0.06542835384607315 0.5649866461753845 -0.14435428380966187
v 0.06919026374816895 0.5711265802383423 -0.14209094643592834
v 0.052600014954805374 0.5592238903045654 -0.13864706456661224
v 0.05839376151561737 0.563718318939209 -0.14704933762550354
v 0.04717835783958435 0.5662277340888977 -0.13859272003173828
v 0.04972712695598602 0.5710378885269165 -0.13410690426826477
v 0.05517567694187164 0.5725864171981812 -0.14346767961978912
v 0.052428245544433594 0.5680272579193115 -0.14814096689224243
v 0.05775197222828865 0.5725080966949463 -0.13185696303844452
v 0.06265874207019806 0.5744757652282715 -0.14085687696933746
v 0.07440441846847534 0.5641685724258423 -0.12580075860023499
v 0.06629336625337601 0.5632601380348206 -0.1297447681427002
v 0.06986534595489502 0.5673696398735046 -0.13724300265312195
v 0.07586658746004105 0.5680535435676575 -0.1350884884595871
v 0.06436444818973541 0.572286069393158 -0.13791611790657043
v 0.06105136126279831 0.5702192187309265 -0.13040691614151
v 0.06391547620296478 0.5742826461791992 -0.1269233524799347
v 0.06780825555324554 0.5754939913749695 -0.13491396605968475
v 0.07164601981639862 0.5752756595611572 -0.12404535710811615
v 0.0737936869263649 0.576994776725769 -0.13290762901306152
v 0.07750653475522995 0.5700844526290894 -0.12471035122871399
v 0.07843174785375595 0.5732673406600952 -0.1335185319185257
v 0.08621878921985626 0.5712502002716064 -0.11158797144889832
v 0.08443549275398254 0.5649070739746094 -0.11289970576763153
v 0.08480095863342285 0.568842887878418 -0.12151974439620972
v 0.08611331880092621 0.5748374462127686 -0.11980699002742767
v 0.07894518226385117 0.5648444890975952 -0.11700046807527542
v 0.08041443675756454 0.5673993825912476 -0.1238497793674469
v 0.0757477730512619 0.5706356763839722 -0.1254545897245407
v 0.07559841871261597 0.568663477897644 -0.11939017474651337
v 0.07441310584545135 0.5752477645874023 -0.11602894961833954
v 0.07502858340740204 0.5767743587493896 -0.12297963351011276
v 0.08044220507144928 0.5761891603469849 -0.11192143708467484
v 0.08119852095842361 0.5779644846916199 -0.12044002115726471
v 0.09260110557079315 0.5651270151138306 -0.09832776337862015
v 0.09254848212003708 0.5677971839904785 -0.10532264411449432
v 0.09222260862588882 0.5727530717849731 -0.1037006825208664
v 0.0906662866473198 0.5699794292449951 -0.09626587480306625
v 0.08826443552970886 0.5645346641540527 -0.10299898684024811
v 0.0891709178686142 0.5673686265945435 -0.10793818533420563
v 0.084626704454422 0.5709618330001831 -0.1088574081659317
v 0.08453884720802307 0.5684399008750916 -0.1048499047756195
v 0.08159300684928894 0.5751079320907593 -0.10232745110988617
v 0.0823427140712738 0.5763193368911743 -0.10753161460161209
v 0.08599686622619629 0.5747634172439575 -0.09785536676645279
v 0.08784715831279755 0.5772032737731934 -0.10476821660995483
v 0.04488249868154526 0.5547580718994141 -0.12625651061534882
v 0.03131207823753357 0.5475772023200989 -0.12706533074378967
v 0.036585383117198944 0.5675003528594971 -0.15043672919273376
v 0.022492986172437668 0.5556572675704956 -0.12350254505872726
v 0.0421728640794754 0.5689595937728882 -0.14991289377212524
v 0.040152013301849365 0.5677675008773804 -0.1234731525182724
v 0.026585238054394722 0.5635312795639038 -0.12115944176912308
v 0.04531687870621681 0.5633598566055298 -0.13141921162605286
v 0.06624582409858704 0.5674322843551636 -0.14966288208961487
v 0.05592414364218712 0.571945309638977 -0.11870252341032028
v 0.05952724814414978 0.5685898661613464 -0.12599042057991028
v 0.06172960251569748 0.5664290189743042 -0.1512013077735901
v 0.05981137976050377 0.558895468711853 -0.12179099768400192
v 0.07186946272850037 0.562280535697937 -0.1116006150841713
v 0.07043510675430298 0.5760124921798706 -0.13977588713169098
v 0.07348495721817017 0.5769658088684082 -0.13863927125930786
v 0.06958664953708649 0.5744553208351135 -0.11029067635536194
v 0.07570041716098785 0.5681878328323364 -0.11729077994823456
v 0.08435508608818054 0.5711401700973511 -0.12655769288539886
v 0.07907382398843765 0.5754180550575256 -0.09945669770240784
v 0.08510339260101318 0.5687853693962097 -0.10420025885105133
v 0.08207401633262634 0.5710078477859497 -0.12785625457763672
v 0.083157978951931 0.561728298664093 -0.10053519904613495
v 0.09171470999717712 0.5712785720825195 -0.10882449150085449
v 0.08471515774726868 0.5743309855461121 -0.08926499634981155
v 0.09040644019842148 0.5677685737609863 -0.0868784561753273
v 0.08991425484418869 0.5703222155570984 -0.11092472076416016
v 0.0907842218875885 0.5611370801925659 -0.09082609415054321
v 0.043072015047073364 0.4641052484512329 -0.037750691175460815
v 0.04504065588116646 0.443955659866333 -0.037799715995788574
v 0.05458693206310272 0.4465130567550659 -0.04241734743118286
v 0.052038490772247314 0.46668922901153564 -0.041207969188690186
v 0.06280207633972168 0.46668580174446106 -0.038649141788482666
v 0.04033229872584343 0.4825306236743927 -0.040295884013175964
v 0.049900591373443604 0.48463642597198486 -0.04306076467037201
v 0.059403225779533386 0.48495277762413025 -0.03824576735496521
v 0.07793612033128738 0.49597904086112976 -0.004810616374015808
v 0.07769763469696045 0.4923763573169708 0.008201852440834045
v 0.06952399015426636 0.48991233110427856 0.017785176634788513
v 0.06436578929424286 0.48747411370277405 0.02800273895263672
v 0.05594213306903839 0.48595866560935974 0.03586529195308685
v 0.030636876821517944 0.4984002411365509 -0.030858337879180908
v 0.03745760768651962 0.4984256625175476 -0.045384980738162994
v 0.04867357760667801 0.49979278445243835 -0.04960094392299652
v 0.05979697033762932 0.5007030367851257 -0.04356253147125244
v 0.026271890848875046 0.5417162179946899 -0.11477254331111908
v 0.041443124413490295 0.543306827545166 -0.11337457597255707
v 0.038129694759845734 0.5334316492080688 -0.09938576072454453
v 0.0253759678453207 0.5399869084358215 -0.0968695729970932
v 0.05434707552194595 0.5485676527023315 -0.10755577683448792
v 0.05179160460829735 0.5363696217536926 -0.09435656666755676
v 0.06631702929735184 0.5520749092102051 -0.0987618938088417
v 0.06277234852313995 0.5413532257080078 -0.08542539179325104
v 0.07761429995298386 0.5541346073150635 -0.0888022631406784
v 0.07333787530660629 0.5452535152435303 -0.0761721208691597
v 0.08772441744804382 0.5559191703796387 -0.08051395416259766
v 0.0832146406173706 0.5499254465103149 -0.06767867505550385
v 0.0906028226017952 0.5637091994285583 -0.07598332315683365
v 0.087854765355587 0.5579611659049988 -0.06268183887004852
v 0.01785387471318245 0.5530707836151123 -0.10979984700679779
v 0.019444547593593597 0.5505644083023071 -0.09162215888500214
v 0.023538030683994293 0.5631059408187866 -0.10591699182987213
v 0.024657927453517914 0.5610356330871582 -0.08805961906909943
v 0.035824283957481384 0.5664266347885132 -0.10346543788909912
v 0.03574778512120247 0.5640511512756348 -0.08544538915157318
v 0.08255039155483246 0.5681394934654236 -0.06282291561365128
v 0.08335507661104202 0.5727494955062866 -0.07719298452138901
v 0.04976482316851616 0.5693523287773132 -0.0976867601275444
v 0.04873920977115631 0.5659077167510986 -0.08019046485424042
v 0.06232927739620209 0.5723051428794861 -0.09023559838533401
v 0.060857631266117096 0.5688269734382629 -0.0731988400220871
v 0.07328594475984573 0.5737419128417969 -0.08293534815311432
v 0.07215161621570587 0.5700260400772095 -0.06693369895219803
v 0.034911610186100006 0.5252975821495056 -0.0800171047449112
v 0.04963942617177963 0.5230286121368408 -0.07924235612154007
v 0.06018966808915138 0.5287662744522095 -0.06970120966434479
v 0.07119731605052948 0.5340368747711182 -0.06002780795097351
v 0.08075830340385437 0.5411781668663025 -0.050994277000427246
v 0.08611317723989487 0.550178587436676 -0.04625904560089111
v 0.07322406768798828 0.5200220346450806 -0.03912097215652466
v 0.07859554886817932 0.5348695516586304 -0.03071485459804535
v 0.0818924680352211 0.5450341105461121 -0.027894482016563416
v 0.07919567078351974 0.5404254198074341 -0.00853109359741211
v 0.07858595997095108 0.528852105140686 -0.010321006178855896
v 0.07403206080198288 0.5224734544754028 0.023452043533325195
v 0.07693633437156677 0.5245835781097412 0.008548930287361145
v 0.07837480306625366 0.5364876985549927 0.010722368955612183
v 0.07577451318502426 0.5351870059967041 0.026517465710639954
v 0.0754656195640564 0.514803946018219 -0.016905590891838074
v 0.07465717196464539 0.5101453065872192 0.0019542425870895386
v 0.07239644974470139 0.5067174434661865 0.015517771244049072
v 0.06385595351457596 0.5317040681838989 0.044985219836235046
v 0.06526423990726471 0.5182206034660339 0.04337233304977417
v 0.07085973024368286 0.520745038986206 0.03432480990886688
v 0.07153400033712387 0.5337698459625244 0.037154585123062134
v 0.050467878580093384 0.5310964584350586 0.049799397587776184
v 0.052210405468940735 0.5168308615684509 0.05017092823982239
v 0.03879573941230774 0.5193372964859009 0.04129284620285034
v 0.03657850623130798 0.5317202806472778 0.042827308177948
v 0.06404992192983627 0.5022635459899902 0.03549857437610626
v 0.06815475225448608 0.5045223236083984 0.025670260190963745
v 0.05416267365217209 0.5007920265197754 0.04248295724391937
v 0.042076773941516876 0.5027467012405396 0.03472302854061127
v 0.03217794746160507 0.5221686363220215 0.02584812045097351
v 0.0367518812417984 0.5065121650695801 0.02138879895210266
v 0.02905014157295227 0.5338059663772583 0.02843974530696869
v 0.025464143604040146 0.5367708206176758 -0.0760028064250946
v 0.024241328239440918 0.5462547540664673 -0.07109572738409042
v 0.060594383627176285 0.5141128301620483 -0.054927192628383636
v 0.04825640842318535 0.5106862783432007 -0.06317209452390671
v 0.03314206749200821 0.5134342312812805 -0.057279109954833984
v 0.025410979986190796 0.5311504602432251 -0.05311035364866257
v 0.027621351182460785 0.5427286624908447 -0.04803062975406647
v 0.025880582630634308 0.5292195081710815 -0.031035512685775757
v 0.02919958531856537 0.5393359661102295 -0.02749289572238922
v 0.029251057654619217 0.5544713735580444 -0.06761594116687775
v 0.03330725431442261 0.5483691692352295 -0.04515073448419571
v 0.03425160050392151 0.5445268154144287 -0.024991393089294434
v 0.02559155970811844 0.5268656611442566 -0.012546420097351074
v 0.0278933048248291 0.5370321869850159 -0.009737670421600342
v 0.027760863304138184 0.5243532061576843 0.0014110356569290161
v 0.027882665395736694 0.5356488227844238 0.004476040601730347
v 0.027821972966194153 0.5348829030990601 0.01609523594379425
v 0.030453547835350037 0.5232334136962891 0.012934461236000061
v 0.030872657895088196 0.5098242163658142 -0.00028179585933685303
v 0.03392241895198822 0.508236289024353 0.010126978158950806
v 0.02735982835292816 0.5119801163673401 -0.014926344156265259
v 0.02710898220539093 0.5135301947593689 -0.03375978767871857
v 0.08121594041585922 0.5604779720306396 -0.04597429931163788
v 0.07912193983793259 0.5535604953765869 -0.02784252166748047
v 0.07559877634048462 0.5481534004211426 -0.009050220251083374
v 0.0738658532500267 0.5461189150810242 0.01038387417793274
v 0.0698256716132164 0.5450976490974426 0.0254383385181427
v 0.06580305099487305 0.5437418222427368 0.03490583598613739
v 0.05952265113592148 0.5414141416549683 0.04187138378620148
v 0.048738978803157806 0.5395940542221069 0.04395382106304169
v 0.03838177025318146 0.5398834347724915 0.039518192410469055
v 0.032879143953323364 0.5423859357833862 0.028406456112861633
v 0.03143909573554993 0.5439937114715576 0.01781412959098816
v 0.032855093479156494 0.5438138246536255 -0.006989896297454834
v 0.031693339347839355 0.544312596321106 0.006869971752166748
v 0.026705004274845123 0.49650874733924866 -0.014709889888763428
v 0.030201315879821777 0.4943541884422302 -0.0006645321846008301
v 0.03443938493728638 0.4928450882434845 0.008677572011947632
v 0.04495447874069214 0.4880741238594055 0.029014497995376587
v 0.03873710334300995 0.49109816551208496 0.017278477549552917
v 0.03841880336403847 0.5586397051811218 -0.06424271315336227
v 0.050631433725357056 0.5605440735816956 -0.059516631066799164
v 0.06199473887681961 0.5634132623672485 -0.05350184813141823
v 0.07249276340007782 0.5641071200370789 -0.04857836663722992
v 0.07201392203569412 0.5576744675636292 -0.029609650373458862
v 0.062374457716941833 0.5577987432479858 -0.03282420337200165
v 0.05127212405204773 0.5562254190444946 -0.037044256925582886
v 0.04083007574081421 0.5526628494262695 -0.04184216260910034
v 0.06899120658636093 0.5527055859565735 -0.011027976870536804
v 0.060445837676525116 0.5536381006240845 -0.013867795467376709
v 0.05010715872049332 0.5524102449417114 -0.01666039228439331
v 0.04120342433452606 0.5491476058959961 -0.021426022052764893
v 0.038978010416030884 0.5488197803497314 -0.003363698720932007
v 0.04709014296531677 0.5507907867431641 0.0013656169176101685
v 0.05669023096561432 0.551278829574585 0.0036123842000961304
v 0.06500998139381409 0.5500137805938721 0.007149875164031982
v 0.06166638433933258 0.5480753183364868 0.021267995238304138
v 0.053776971995830536 0.5489064455032349 0.017179220914840698
v 0.04485170543193817 0.5488717555999756 0.014482542872428894
v 0.03781825304031372 0.5478386878967285 0.010391533374786377
v 0.058885760605335236 0.5465340614318848 0.029530853033065796
v 0.04846736788749695 0.5434361696243286 0.03801731765270233
v 0.05496896803379059 0.5450489521026611 0.03533022105693817
v 0.04164882004261017 0.5437136888504028 0.03566563129425049
v 0.03858722746372223 0.5453808903694153 0.027846992015838623
v 0.03770501911640167 0.5468478202819824 0.01953151822090149
v 0.04411192238330841 0.5460388660430908 0.028173506259918213
v 0.04426729679107666 0.5473944544792175 0.022120103240013123
v 0.05226932466030121 0.5473970174789429 0.025045230984687805
v 0.05044068396091461 0.5459103584289551 0.030501127243041992
v 0.044648975133895874 0.5446892976760864 0.03268113732337952
v 0.04790033400058746 0.5447025299072266 0.0338212251663208
v 0.06840024143457413 0.5012974143028259 -0.026360556483268738
v -0.023159101605415344 -0.6412057876586914 -0.01245848461985588
v -0.014925902709364891 -0.584377110004425 0.01576065458357334
v 0.04892764240503311 0.2199980616569519 -0.11604930460453033
v 0.06114542856812477 0.22250548005104065 -0.11961355805397034
v 0.07392802834510803 0.22137585282325745 -0.12124009430408478
v 0.12063980102539062 -0.141635000705719 -0.06622658669948578
v 0.04397797957062721 -0.29329824447631836 -0.06160585582256317
v 0.047055985778570175 -0.326830118894577 -0.06474494189023972
v 0.04508712515234947 -0.3099132180213928 -0.06186861917376518
v 0.12284761667251587 -0.12238088250160217 -0.07318808138370514
v 0.07738032191991806 -0.3542197644710541 -0.047868236899375916
v 0.00602148799225688 -0.10639515519142151 0.1222977265715599
v -0.011880557984113693 -0.5545011758804321 0.030247025191783905
v 0.05325239896774292 -0.47127869725227356 -0.1189061626791954
v 0.00363419228233397 -0.18496213853359222 0.119503453373909
v 0.023248258978128433 -0.7615159153938293 -0.10957173258066177
v 0.021529562771320343 -0.7603994607925415 -0.10785049200057983
v 0.021378593519330025 -0.7572249174118042 -0.1069900393486023
v 0.021037502214312553 -0.7565128803253174 -0.10281115770339966
v 0.021266920492053032 -0.7553409337997437 -0.0997130498290062
v 0.021714843809604645 -0.7545279860496521 -0.09790877997875214
v 0.022784333676099777 -0.7583138346672058 -0.10472484678030014
v 0.0216857697814703 -0.7606918811798096 -0.1021219938993454
v 0.02234736829996109 -0.7601382732391357 -0.10518768429756165
v 0.022989515215158463 -0.759723961353302 -0.10638721287250519
v -0.019150719046592712 -0.49240046739578247 -0.0916208028793335
v -0.017802398651838303 -0.4752412438392639 -0.09715837985277176
v -0.01766936294734478 -0.4657026529312134 -0.11325495690107346
v -0.017311856150627136 -0.4511292278766632 -0.12064699828624725
v -0.04940450191497803 -0.6904029846191406 -0.1821974813938141
v -0.0065946741960942745 -0.2370871901512146 -0.0793391540646553
v -0.005701855756342411 -0.2525651454925537 -0.07034020870923996
v -9.563355706632137e-05 -0.3223434090614319 0.05027979239821434
v -0.004081632476300001 -0.2087462991476059 -0.07876909524202347
v -0.0041897413320839405 -0.2694664001464844 -0.06477424502372742
v 0.00016308878548443317 -0.4469836950302124 0.06586447358131409
v -0.015721095725893974 -0.4363343119621277 -0.12425363063812256
v -0.0025593414902687073 -0.19806022942066193 -0.07984712719917297
v -0.006794407032430172 -0.5086784958839417 0.063243567943573
v -0.003916601184755564 -0.29111504554748535 -0.06542118638753891
v -0.0017290128162130713 -0.15134018659591675 -0.05158982798457146
v -0.0034140257630497217 -0.34104597568511963 -0.07353129982948303
v -0.10389180481433868 -0.7975112795829773 -0.16401681303977966
v -0.11010263860225677 -0.7889295220375061 -0.1517740786075592
v -0.1048407182097435 -0.7799789905548096 -0.1617508977651596
v -0.09749004989862442 -0.7850010395050049 -0.1718832552433014
v -0.10064268857240677 -0.7718011736869812 -0.16779795289039612
v -0.09370981901884079 -0.7740685343742371 -0.17580261826515198
v -0.11216229200363159 -0.7785546779632568 -0.14202331006526947
v -0.10829079896211624 -0.7727407217025757 -0.1522158980369568
v -0.1074378564953804 -0.7385830879211426 -0.1438477337360382
v -0.10727454721927643 -0.7473807334899902 -0.14464806020259857
v -0.10945628583431244 -0.7452265024185181 -0.1355658620595932
v -0.10840816795825958 -0.73381108045578 -0.1342928558588028
v -0.10105755180120468 -0.7139053344726562 -0.1416192352771759
v -0.0980282723903656 -0.707032322883606 -0.13038969039916992
v -0.09373768419027328 -0.6995068788528442 -0.14071902632713318
v -0.09603118896484375 -0.7072567939758301 -0.15023520588874817
v -0.07457929104566574 -0.7220910787582397 -0.17617492377758026
v -0.07799947261810303 -0.7273925542831421 -0.1745111048221588
v -0.08228977769613266 -0.7218598127365112 -0.17291195690631866
v -0.07773776352405548 -0.7161201238632202 -0.1739242970943451
v -0.06823957711458206 -0.7317895889282227 -0.18222053349018097
v -0.06563625484704971 -0.7345923185348511 -0.1880735158920288
v -0.06619004905223846 -0.7404173612594604 -0.18420681357383728
v -0.06953752785921097 -0.7365818619728088 -0.1793106198310852
v -0.06907255947589874 -0.7176711559295654 -0.17654244601726532
v -0.07170508801937103 -0.7117118835449219 -0.17346422374248505
v -0.06903186440467834 -0.7233412265777588 -0.18008187413215637
v -0.07140574604272842 -0.7274909019470215 -0.1781531572341919
v -0.06702344864606857 -0.7175001502037048 -0.18899832665920258
v -0.06545798480510712 -0.7179491519927979 -0.19357094168663025
v -0.06671559065580368 -0.7227429747581482 -0.19428490102291107
v -0.06807269155979156 -0.7218082547187805 -0.18796870112419128
v -0.06835100054740906 -0.7170587182044983 -0.18040713667869568
v -0.06518132984638214 -0.7143876552581787 -0.18216156959533691
v -0.06703052669763565 -0.7162868976593018 -0.1849386990070343
v -0.06890229135751724 -0.7196775674819946 -0.18322116136550903
v -0.06716804206371307 -0.7266193628311157 -0.18502691388130188
v -0.06578205525875092 -0.7286889553070068 -0.19170120358467102
v -0.0633731484413147 -0.7297337651252747 -0.19769932329654694
v -0.06427290290594101 -0.7226208448410034 -0.20029917359352112
v -0.0827837809920311 -0.7037857174873352 -0.16549351811408997
v -0.07710346579551697 -0.7012526988983154 -0.1669842004776001
v -0.07491008192300797 -0.7064199447631836 -0.17059770226478577
v -0.08074161410331726 -0.7100445628166199 -0.17046517133712769
v -0.06491313874721527 -0.7124606370925903 -0.17879636585712433
v -0.06472734361886978 -0.6985599994659424 -0.1775958389043808
v -0.06086410582065582 -0.6998800039291382 -0.18169240653514862
v -0.06134415417909622 -0.7033876180648804 -0.18160538375377655
v -0.06575648486614227 -0.7021775245666504 -0.17767122387886047
v -0.08267883211374283 -0.6909199953079224 -0.15564411878585815
v -0.08049946278333664 -0.683334469795227 -0.1517651230096817
v -0.07602974772453308 -0.684806227684021 -0.15726788341999054
v -0.07775653153657913 -0.6905770301818848 -0.15969306230545044
v -0.0726407840847969 -0.6791033744812012 -0.15648166835308075
v -0.07631241530179977 -0.6757907867431641 -0.14969417452812195
v -0.06613962352275848 -0.6637741327285767 -0.15122435986995697
v -0.06473711133003235 -0.6701623201370239 -0.1605759859085083
v -0.0687999427318573 -0.6745809316635132 -0.15762990713119507
v -0.07144849002361298 -0.6693911552429199 -0.14946040511131287
v -0.05784834176301956 -0.6762449741363525 -0.1690729260444641
v -0.05990384519100189 -0.6664912700653076 -0.16445696353912354
v -0.05434095114469528 -0.6643644571304321 -0.16799397766590118
v -0.05312267690896988 -0.675391674041748 -0.1714569330215454
v -0.06229694187641144 -0.6935855150222778 -0.17344096302986145
v -0.0635383129119873 -0.6955764293670654 -0.1761225461959839
v -0.06606589257717133 -0.6946989893913269 -0.17241208255290985
v -0.06508505344390869 -0.693139910697937 -0.1707249879837036
v -0.0679786279797554 -0.6927741765975952 -0.1676764339208603
v -0.06805744022130966 -0.6933984160423279 -0.16841107606887817
v -0.0693000927567482 -0.6940330266952515 -0.16808214783668518
v -0.06910514086484909 -0.6926934123039246 -0.166732057929039
v -0.06673704087734222 -0.6929291486740112 -0.16894519329071045
v -0.0672139972448349 -0.6919509172439575 -0.16817188262939453
v -0.0656578466296196 -0.6913491487503052 -0.16985031962394714
v -0.06322896480560303 -0.6908451318740845 -0.17276522517204285
v -0.053192537277936935 -0.6902323961257935 -0.1808149814605713
v -0.05292743071913719 -0.694139838218689 -0.1800367832183838
v -0.05521826818585396 -0.6938856244087219 -0.1786828637123108
v -0.05622349679470062 -0.6901955604553223 -0.1792016625404358
v -0.06878647953271866 -0.6952727437019348 -0.1701512485742569
v -0.06738465279340744 -0.6967991590499878 -0.17330089211463928
v -0.0689556747674942 -0.6996449828147888 -0.17344596982002258
v -0.07062038779258728 -0.6970378756523132 -0.16981688141822815
v -0.07329874485731125 -0.699212372303009 -0.16874785721302032
v -0.07388319075107574 -0.6956678628921509 -0.16522110998630524
v -0.07115395367145538 -0.6948072910308838 -0.16705459356307983
v -0.06822901964187622 -0.691071629524231 -0.1666606068611145
v -0.07087666541337967 -0.6923374533653259 -0.1649811714887619
v -0.06984215974807739 -0.6896896362304688 -0.16431252658367157
v -0.06812470406293869 -0.687179684638977 -0.1654832363128662
v -0.0667581558227539 -0.6896038055419922 -0.16821971535682678
v -0.06442500650882721 -0.6883008480072021 -0.17104241251945496
v -0.06547556817531586 -0.6849348545074463 -0.1677730530500412
v -0.06190662086009979 -0.6831656694412231 -0.17105300724506378
v -0.06100018322467804 -0.687206506729126 -0.1747957468032837
v -0.07117215543985367 -0.702898383140564 -0.17232823371887207
v -0.0736236646771431 -0.6917543411254883 -0.16243329644203186
v -0.07796860486268997 -0.6965031027793884 -0.16309738159179688
v -0.07233812659978867 -0.6873257160186768 -0.1610405445098877
v -0.06982314586639404 -0.6834347248077393 -0.16142608225345612
v -0.06265423446893692 -0.6775653958320618 -0.1663353592157364
v -0.06671245396137238 -0.6800477504730225 -0.16339614987373352
v -0.05963035300374031 -0.6589429378509521 -0.1545182317495346
v -0.05292774364352226 -0.656033456325531 -0.1576080471277237
v -0.09784143418073654 -0.7651204466819763 -0.17014700174331665
v -0.09136117994785309 -0.7662570476531982 -0.17529167234897614
v -0.09688401222229004 -0.757310152053833 -0.16751940548419952
v -0.09412351995706558 -0.7581050395965576 -0.17062102258205414
v -0.09507915377616882 -0.7609288692474365 -0.17049568891525269
v -0.09841679781675339 -0.7597483992576599 -0.16637951135635376
v -0.10414000600576401 -0.7498360872268677 -0.15125292539596558
v -0.10438655316829681 -0.743290901184082 -0.15036147832870483
v -0.10085074603557587 -0.7477859854698181 -0.1551421880722046
v -0.10137209296226501 -0.7516319751739502 -0.15658128261566162
v -0.0946023166179657 -0.740397572517395 -0.16318583488464355
v -0.09346010535955429 -0.7471168637275696 -0.16519874334335327
v -0.09580106288194656 -0.747758150100708 -0.16229954361915588
v -0.09794069081544876 -0.7414572834968567 -0.15952691435813904
v -0.09049277752637863 -0.7466685771942139 -0.16768012940883636
v -0.09072945266962051 -0.7405571937561035 -0.16629528999328613
v -0.08682891726493835 -0.7418031692504883 -0.16903682053089142
v -0.08710051327943802 -0.7471166849136353 -0.16970735788345337
v -0.08947408944368362 -0.7620899677276611 -0.1734713464975357
v -0.08943106979131699 -0.7589120268821716 -0.1731269508600235
v -0.08339914679527283 -0.7589874863624573 -0.17367711663246155
v -0.08255266398191452 -0.7623168230056763 -0.1744290292263031
v -0.07233386486768723 -0.7529727816581726 -0.1712925136089325
v -0.06984922289848328 -0.7528754472732544 -0.17322313785552979
v -0.07131377607584 -0.7568467259407043 -0.17384694516658783
v -0.07367850840091705 -0.7554044127464294 -0.17181004583835602
v -0.07337698340415955 -0.7513241767883301 -0.17139177024364471
v -0.0714963898062706 -0.7498786449432373 -0.1726374328136444
v -0.09806046634912491 -0.8200348615646362 -0.16174310445785522
v -0.10828541964292526 -0.8110394477844238 -0.1493554413318634
v -0.09405799955129623 -0.8041293621063232 -0.1750926822423935
v -0.11421213299036026 -0.7988173961639404 -0.13847345113754272
v -0.11606363207101822 -0.7848023772239685 -0.12973114848136902
v -0.09148956090211868 -0.6912486553192139 -0.13327598571777344
v -0.08577172458171844 -0.6854220628738403 -0.14386996626853943
v -0.08825573325157166 -0.6938679814338684 -0.14929023385047913
v -0.08690749853849411 -0.6817532777786255 -0.12829650938510895
v -0.08137974888086319 -0.676155686378479 -0.14046378433704376
v -0.0656314492225647 -0.6621026992797852 -0.1368882805109024
v -0.07465165108442307 -0.6676628589630127 -0.13786256313323975
v -0.09014920145273209 -0.6912186145782471 -0.11378219723701477
v -0.08291120082139969 -0.6851503849029541 -0.10882613062858582
v -0.078791044652462 -0.673264741897583 -0.12340670078992844
v -0.0852431058883667 -0.699456512928009 -0.09745457768440247
v -0.08065906167030334 -0.6980725526809692 -0.09250818192958832
v -0.07208908349275589 -0.6807460784912109 -0.10052992403507233
v -0.05629115179181099 -0.6492891907691956 -0.09737379848957062
v -0.06650882214307785 -0.6523929834365845 -0.08986779302358627
v -0.06595562398433685 -0.6415249109268188 -0.08327682316303253
v -0.056404005736112595 -0.6378937363624573 -0.09134245663881302
v -0.09468753635883331 -0.6994211673736572 -0.12008146941661835
v -0.11023978143930435 -0.7560521364212036 -0.1278177946805954
v -0.10959713906049728 -0.7428861856460571 -0.12444236874580383
v -0.10884422063827515 -0.755671501159668 -0.1387123167514801
v -0.11847485601902008 -0.8150575160980225 -0.10542160272598267
v -0.12143612653017044 -0.7968979477882385 -0.10241018980741501
v -0.11955329030752182 -0.7915085554122925 -0.11679986119270325
v -0.11841648817062378 -0.8082587122917175 -0.12362165749073029
v -0.09736040979623795 -0.8486193418502808 -0.11539091169834137
v -0.11022642999887466 -0.833131730556488 -0.10977324843406677
v -0.1119200810790062 -0.8239942789077759 -0.1325024962425232
v -0.10023573040962219 -0.8372483849525452 -0.14277403056621552
v -0.11917886137962341 -0.799718976020813 -0.08664384484291077
v -0.11400166898965836 -0.8174853324890137 -0.08378218859434128
v -0.11066536605358124 -0.8116111159324646 -0.06383737921714783
v -0.11651194840669632 -0.7984457015991211 -0.07224754244089127
v -0.10547500848770142 -0.8344821929931641 -0.08304087817668915
v -0.10020049661397934 -0.8298153877258301 -0.060040488839149475
v -0.0819500982761383 -0.7025675773620605 -0.0843682512640953
v -0.07797002047300339 -0.686951220035553 -0.08608190715312958
v -0.07486307621002197 -0.6715006232261658 -0.08468763530254364
v -0.06730177998542786 -0.6661096811294556 -0.09561969339847565
v -0.08464019745588303 -0.8400183916091919 -0.05862113833427429
v -0.09218499809503555 -0.8496657609939575 -0.08419692516326904
v -0.09441399574279785 -0.7770508527755737 -0.036631014198064804
v -0.10258588939905167 -0.7685072422027588 -0.04766868054866791
v -0.1088060513138771 -0.781217098236084 -0.05362625792622566
v -0.09951261430978775 -0.7931090593338013 -0.04149368032813072
v -0.08251717686653137 -0.7866736650466919 -0.024846866726875305
v -0.08666373789310455 -0.8047653436660767 -0.030401695519685745
v -0.07912372797727585 -0.729967474937439 -0.04549376666545868
v -0.0709771066904068 -0.733057975769043 -0.03359901160001755
v -0.06451916694641113 -0.7195007801055908 -0.04505950212478638
v -0.07223352044820786 -0.7157074213027954 -0.05267179384827614
v -0.10527730733156204 -0.7673710584640503 -0.1605127453804016
v -0.10704151540994644 -0.761682391166687 -0.15367241203784943
v -0.10357797145843506 -0.7592666149139404 -0.15964797139167786
v -0.10148485749959946 -0.7628298997879028 -0.16454042494297028
v -0.11122892796993256 -0.7677009701728821 -0.13327309489250183
v -0.10881710797548294 -0.7647830247879028 -0.1443043053150177
v -0.1168958991765976 -0.7775329351425171 -0.11020632088184357
v -0.11866560578346252 -0.7820521593093872 -0.09953838586807251
v -0.11707840114831924 -0.7848804593086243 -0.07625797390937805
v -0.11871346086263657 -0.784616231918335 -0.0877094715833664
v -0.10501179844141006 -0.7609648704528809 -0.05837644264101982
v -0.10904770344495773 -0.769133448600769 -0.06176784262061119
v -0.08260037004947662 -0.7116121053695679 -0.07417093217372894
v -0.07775337249040604 -0.7131755352020264 -0.06325937062501907
v -0.07229238748550415 -0.6971966028213501 -0.06784594058990479
v -0.07753555476665497 -0.6934353709220886 -0.07606543600559235
v -0.0603092759847641 -0.7044434547424316 -0.050088271498680115
v -0.0652567446231842 -0.7021476626396179 -0.05919075384736061
v -0.07249373942613602 -0.6624619364738464 -0.07013344019651413
v -0.06703183799982071 -0.6675636768341064 -0.06260790675878525
v -0.06729887425899506 -0.6550676226615906 -0.0561424121260643
v -0.0717419981956482 -0.6504826545715332 -0.06382469832897186
v -0.06191369146108627 -0.6586591005325317 -0.04796304553747177
v -0.06037008762359619 -0.6724467277526855 -0.055532388389110565
v -0.0535220243036747 -0.6769068837165833 -0.04881875216960907
v -0.05472061410546303 -0.6621360778808594 -0.04122082516551018
v -0.04018118977546692 -0.6341122984886169 -0.10206654667854309
v -0.04675174504518509 -0.6361815929412842 -0.09668275713920593
v -0.04691922292113304 -0.626166582107544 -0.09085788577795029
v -0.039232037961483 -0.6246508955955505 -0.09549807757139206
v -0.07254941761493683 -0.6397330164909363 -0.05793546140193939
v -0.07049243152141571 -0.6462839245796204 -0.04913298040628433
v -0.08478032052516937 -0.727397084236145 -0.057051192969083786
v -0.08870130032300949 -0.72744220495224 -0.06599634885787964
v -0.06483502686023712 -0.649656355381012 -0.04030003026127815
v -0.06782916188240051 -0.6829243898391724 -0.06713519990444183
v -0.06073424592614174 -0.6869676113128662 -0.059476111084222794
v -0.05357887223362923 -0.7060154676437378 -0.043627481907606125
v -0.05630750209093094 -0.720909595489502 -0.03664052486419678
v -0.07366334646940231 -0.7321200370788574 -0.17612594366073608
v -0.07845421880483627 -0.7457418441772461 -0.1720353066921234
v -0.07457446306943893 -0.7475396990776062 -0.17246241867542267
v -0.07587912678718567 -0.7503006458282471 -0.17167383432388306
v -0.079346664249897 -0.7492280006408691 -0.1715426743030548
v -0.07629795372486115 -0.7870206832885742 -0.18659570813179016
v -0.08738550543785095 -0.7872991561889648 -0.1805848330259323
v -0.08428152650594711 -0.7736220955848694 -0.18223407864570618
v -0.07202612608671188 -0.7703981399536133 -0.18608461320400238
v -0.09658948332071304 -0.7176824808120728 -0.1605807989835739
v -0.08972606807947159 -0.708564817905426 -0.1637692153453827
v -0.08654692023992538 -0.7155587673187256 -0.1697487235069275
v -0.09047531336545944 -0.7236833572387695 -0.16803473234176636
v -0.09958957135677338 -0.7526224851608276 -0.15988686680793762
v -0.09939587861299515 -0.7543600797653198 -0.1620638519525528
v -0.10122933983802795 -0.7548174858093262 -0.15940411388874054
v -0.08329629898071289 -0.6976056694984436 -0.16049599647521973
v -0.08979130536317825 -0.7011416554450989 -0.15633928775787354
v -0.10589466243982315 -0.7295569181442261 -0.12247799336910248
v -0.10717105865478516 -0.7553372383117676 -0.14824256300926208
v -0.08115091919898987 -0.8589415550231934 -0.12231731414794922
v -0.085248202085495 -0.8455219268798828 -0.1522105187177658
v -0.07532898336648941 -0.8602848052978516 -0.08929651975631714
v -0.06772109866142273 -0.8504555225372314 -0.06299641728401184
v -0.07082225382328033 -0.8136862516403198 -0.025622379034757614
v -0.05677763745188713 -0.8215673565864563 -0.02204180881381035
v -0.051845863461494446 -0.8039858341217041 -0.013886366039514542
v -0.06724516302347183 -0.7944846153259277 -0.018790706992149353
v -0.05963003635406494 -0.735890805721283 -0.022616153582930565
v -0.0458245612680912 -0.6791937947273254 -0.04379340633749962
v -0.04582146555185318 -0.6651695966720581 -0.03787979483604431
v -0.08399290591478348 -0.8253083229064941 -0.17137987911701202
v -0.08133796602487564 -0.8062807321548462 -0.1844324916601181
v -0.1141333281993866 -0.7711263298988342 -0.12211605906486511
v -0.10644166171550751 -0.7300196886062622 -0.1461966186761856
v -0.10308992117643356 -0.722752571105957 -0.15176883339881897
v -0.1018836498260498 -0.7324932217597961 -0.15704680979251862
v -0.10397153347730637 -0.7371693849563599 -0.15231724083423615
v -0.10497396439313889 -0.7228723764419556 -0.13574402034282684
v -0.10088247060775757 -0.7170932292938232 -0.12279485166072845
v -0.09699048846960068 -0.7117353677749634 -0.10942165553569794
v -0.0911475270986557 -0.7031777501106262 -0.10256583988666534
v -0.10216504335403442 -0.8070811033248901 -0.0463704839348793
v -0.11225884407758713 -0.7931920289993286 -0.060162901878356934
v -0.07790391147136688 -0.8290241956710815 -0.03858427330851555
v -0.09405984729528427 -0.8197588920593262 -0.04178920388221741
v -0.11325182765722275 -0.7825589179992676 -0.06531914323568344
v -0.06187707185745239 -0.8385927677154541 -0.04005524143576622
v -0.0616752989590168 -0.707054853439331 -0.18165656924247742
v -0.06128218397498131 -0.7104852199554443 -0.18254083395004272
v -0.06704557687044144 -0.7071386575698853 -0.17680887877941132
v -0.05701833590865135 -0.6863248348236084 -0.17777617275714874
v -0.05733046680688858 -0.6819193363189697 -0.17359229922294617
v -0.05300405994057655 -0.6819196939468384 -0.17508840560913086
v -0.0532926581799984 -0.686188280582428 -0.1793140172958374
v -0.048909444361925125 -0.6565596461296082 -0.14238128066062927
v -0.05629987642168999 -0.6586313843727112 -0.13936017453670502
v -0.041479408740997314 -0.6443068981170654 -0.10934974253177643
v -0.04780372977256775 -0.6463347673416138 -0.10384482890367508
v -0.0636458694934845 -0.7163084745407104 -0.18810375034809113
v -0.06356597691774368 -0.7157312631607056 -0.1859968900680542
v -0.062213145196437836 -0.7161762118339539 -0.18671029806137085
v -0.06261516362428665 -0.7166831493377686 -0.18863436579704285
v -0.06738303601741791 -0.6940027475357056 -0.16993604600429535
v -0.0573556050658226 -0.7001476287841797 -0.18400225043296814
v -0.0564425066113472 -0.6969283819198608 -0.18211157619953156
v -0.054062772542238235 -0.696921706199646 -0.1830567717552185
v -0.05479752644896507 -0.6999895572662354 -0.1848609447479248
v -0.06435458362102509 -0.6668292284011841 -0.11767599731683731
v -0.05795640870928764 -0.6602662801742554 -0.10543230921030045
v -0.0710546225309372 -0.6445599794387817 -0.07332302629947662
v -0.07262925803661346 -0.6576917171478271 -0.07957322150468826
v -0.07498367130756378 -0.677315354347229 -0.07473485171794891
v -0.054175037890672684 -0.6914057731628418 -0.05240649729967117
v -0.048559948801994324 -0.6934553980827332 -0.04610107094049454
v -0.03934628516435623 -0.6952049732208252 -0.04349023848772049
v -0.04356342554092407 -0.7089242935180664 -0.040071845054626465
v -0.052275028079748154 -0.6599336862564087 -0.12382611632347107
v -0.04948737844824791 -0.6545752882957458 -0.1129368394613266
v -0.04264349862933159 -0.652554988861084 -0.1174086183309555
v -0.04463959112763405 -0.6575225591659546 -0.1276250183582306
v -0.05898567661643028 -0.7143176198005676 -0.18955543637275696
v -0.05926191061735153 -0.7136427164077759 -0.18731451034545898
v -0.0572655014693737 -0.711970329284668 -0.18784339725971222
v -0.057746805250644684 -0.7134002447128296 -0.19082632660865784
v -0.06362733244895935 -0.7146375775337219 -0.18408969044685364
v -0.06143350899219513 -0.7127053737640381 -0.18362988531589508
v -0.06161673367023468 -0.7141640782356262 -0.18398354947566986
v -0.06465303152799606 -0.7154905796051025 -0.18570077419281006
v -0.06478340178728104 -0.7164404392242432 -0.18840192258358002
v -0.0617901049554348 -0.7168571949005127 -0.19330140948295593
v -0.062335506081581116 -0.7167457342147827 -0.19759076833724976
v -0.06390400230884552 -0.716582179069519 -0.19158771634101868
v -0.06051446497440338 -0.7154219746589661 -0.18833446502685547
v -0.06022238731384277 -0.7145726084709167 -0.18634647130966187
v -0.06167220324277878 -0.7152570486068726 -0.18479980528354645
v -0.06305328011512756 -0.7153819799423218 -0.18475060164928436
v -0.061704762279987335 -0.7168221473693848 -0.19145435094833374
v -0.0630049929022789 -0.7166640758514404 -0.19004862010478973
v -0.06283866614103317 -0.7364435791969299 -0.19380998611450195
v -0.03546259552240372 -0.6436859369277954 -0.11118069291114807
v -0.03712787851691246 -0.6522161960601807 -0.11867555975914001
v -0.06755813211202621 -0.6929295063018799 -0.16839565336704254
v -0.08278989791870117 -0.7661042213439941 -0.1784803867340088
v -0.09735704213380814 -0.7307848930358887 -0.16273638606071472
v -0.08039259165525436 -0.732948899269104 -0.17297658324241638
v -0.08185641467571259 -0.7382640838623047 -0.17191804945468903
v -0.08644357323646545 -0.7354191541671753 -0.16954007744789124
v -0.08503426611423492 -0.7284903526306152 -0.17095741629600525
v -0.07403240352869034 -0.7636085748672485 -0.17915436625480652
v -0.06819925457239151 -0.7584751844406128 -0.17812156677246094
v -0.06529911607503891 -0.7598952054977417 -0.18410912156105042
v -0.06634795665740967 -0.7522971630096436 -0.17697648704051971
v -0.06834609061479568 -0.7473493814468384 -0.17509302496910095
v -0.066701240837574 -0.7445236444473267 -0.17959073185920715
v -0.06367270648479462 -0.7506744861602783 -0.1841258406639099
v -0.10019593685865402 -0.7576043605804443 -0.16276231408119202
v -0.09839591383934021 -0.7560160160064697 -0.16461610794067383
v -0.07060621678829193 -0.7403817176818848 -0.17620323598384857
v -0.0722530335187912 -0.7440047860145569 -0.17380334436893463
v -0.0769370049238205 -0.7412054538726807 -0.1730930358171463
v -0.07540552318096161 -0.7366092801094055 -0.1742670238018036
v -0.09147001802921295 -0.7326639294624329 -0.16665197908878326
v -0.10418564081192017 -0.7550738453865051 -0.15482129156589508
v -0.09987469017505646 -0.7440953850746155 -0.1562548577785492
v -0.0894826352596283 -0.7212285399436951 -0.07696042209863663
v -0.09374117106199265 -0.7312277555465698 -0.07121788710355759
v -0.09032071381807327 -0.7142630219459534 -0.08916118741035461
v -0.08979912847280502 -0.7154186367988586 -0.08679312467575073
v -0.08434978872537613 -0.7102711200714111 -0.08868221938610077
v -0.08670075982809067 -0.7101552486419678 -0.09173915535211563
v -0.11056946218013763 -0.759074866771698 -0.0755699872970581
v -0.11071046441793442 -0.7586098909378052 -0.079266756772995
v -0.11227855086326599 -0.7641383409500122 -0.07996347546577454
v -0.11083617061376572 -0.7643718719482422 -0.07337173819541931
v -0.11210445314645767 -0.7604603171348572 -0.08518745750188828
v -0.11035097390413284 -0.7574256658554077 -0.08530919253826141
v -0.11120809614658356 -0.756574809551239 -0.08792643249034882
v -0.11300951987504959 -0.7627368569374084 -0.0870063453912735
v -0.11211028695106506 -0.7602100372314453 -0.09340531378984451
v -0.11528092622756958 -0.7698284387588501 -0.09680227935314178
v -0.11595815420150757 -0.772193193435669 -0.08779896795749664
v -0.11025920510292053 -0.7558528780937195 -0.1139402985572815
v -0.11272413283586502 -0.76481032371521 -0.10520832240581512
v -0.10967171937227249 -0.7554680705070496 -0.09870956093072891
v -0.10667453706264496 -0.7478402256965637 -0.10191838443279266
v -0.09511064738035202 -0.717337965965271 -0.09827660769224167
v -0.09162617474794388 -0.711370587348938 -0.0950469821691513
v -0.08572611212730408 -0.7138165831565857 -0.0837436392903328
v -0.07831253856420517 -0.7683792114257812 -0.024601664394140244
v -0.09136398136615753 -0.7612472772598267 -0.03429507836699486
v -0.09809020906686783 -0.7546771764755249 -0.046537045389413834
v -0.0997231975197792 -0.7507028579711914 -0.05821572244167328
v -0.0669676661491394 -0.7782174348831177 -0.016124602407217026
v -0.05464356765151024 -0.7784919142723083 -0.014423917979001999
v -0.1079399436712265 -0.739985466003418 -0.1126183569431305
v -0.10402602702379227 -0.7371011972427368 -0.10197041928768158
v -0.08602111041545868 -0.7443947792053223 -0.03767925500869751
v -0.07519140094518661 -0.7498042583465576 -0.02511042356491089
v -0.09186071157455444 -0.7406176924705505 -0.05024297535419464
v -0.09476803988218307 -0.7395555973052979 -0.0608055517077446
v -0.06244714558124542 -0.7606415748596191 -0.01626848801970482
v -0.047273941338062286 -0.758814811706543 -0.011497624218463898
v -0.04533615708351135 -0.737924337387085 -0.017691750079393387
v -0.09831351786851883 -0.7208660840988159 -0.09001138806343079
v -0.09711353480815887 -0.7154895067214966 -0.08956541866064072
v -0.09418320655822754 -0.7141082882881165 -0.09127482771873474
v -0.0964919850230217 -0.7188546657562256 -0.09307029843330383
v -0.10063457489013672 -0.726374626159668 -0.10031220316886902
v -0.10234981030225754 -0.7262546420097351 -0.11025314033031464
v -0.06318630278110504 -0.7432997226715088 -0.18966367840766907
v -0.04911237955093384 -0.6634576320648193 -0.1705629676580429
v -0.04961768910288811 -0.6748511791229248 -0.17338994145393372
v -0.05787757784128189 -0.7066988945007324 -0.18427155911922455
v -0.057669635862112045 -0.7034372091293335 -0.18416422605514526
v -0.055128734558820724 -0.7031042575836182 -0.1850409358739853
v -0.05538966879248619 -0.7062274813652039 -0.1851707249879837
v -0.07575041055679321 -0.7604421973228455 -0.1744018793106079
v -0.045171380043029785 -0.7225557565689087 -0.03192787617444992
v -0.037199776619672775 -0.6813317537307739 -0.04171770066022873
v -0.036149438470602036 -0.668015718460083 -0.036490242928266525
v -0.05710337311029434 -0.6508398652076721 -0.033049460500478745
v -0.04719029739499092 -0.6527740955352783 -0.029039718210697174
v -0.0559353232383728 -0.7092858552932739 -0.18615786731243134
v -0.0583794005215168 -0.7096414566040039 -0.18523810803890228
v -0.06114689260721207 -0.716279923915863 -0.19033165276050568
v -0.05991370975971222 -0.6963331699371338 -0.17997527122497559
v -0.059986237436532974 -0.7135283946990967 -0.18574590981006622
v -0.059003982692956924 -0.71190345287323 -0.18579131364822388
v -0.05530501902103424 -0.7115917205810547 -0.18848326802253723
v -0.054516784846782684 -0.7091307640075684 -0.1864711493253708
v -0.08268185704946518 -0.7437512874603271 -0.17101265490055084
v -0.08327937126159668 -0.7480330467224121 -0.1709619015455246
v -0.059953723102808 -0.715512752532959 -0.192144513130188
v -0.059169601649045944 -0.7145274877548218 -0.19433510303497314
v -0.05709398165345192 -0.6272351145744324 -0.08523323386907578
v -0.06523767858743668 -0.6299731731414795 -0.07659588754177094
v -0.05232877656817436 -0.6970915794372559 -0.183478444814682
v -0.053090713918209076 -0.7000141143798828 -0.18525421619415283
v -0.10510106384754181 -0.7428518533706665 -0.09455972164869308
v -0.10729916393756866 -0.7496012449264526 -0.09325066208839417
v -0.10709315538406372 -0.7458910346031189 -0.08856058120727539
v -0.10437880456447601 -0.7406207323074341 -0.08953487873077393
v -0.0343441516160965 -0.6334865689277649 -0.10480163991451263
v -0.07035241276025772 -0.6339451670646667 -0.066884845495224
v -0.03628505393862724 -0.6561034917831421 -0.026747927069664
v -0.09776132553815842 -0.7489714026451111 -0.16023723781108856
v -0.0989498645067215 -0.7508032321929932 -0.1590980738401413
v -0.07763830572366714 -0.757929801940918 -0.17258530855178833
v -0.05990733578801155 -0.6904045343399048 -0.17657405138015747
v -0.05851094424724579 -0.6937360763549805 -0.1765374392271042
v -0.039357323199510574 -0.6572712659835815 -0.1293301284313202
v -0.05622692406177521 -0.7128959894180298 -0.19165825843811035
v -0.10669450461864471 -0.7530146241188049 -0.08302117884159088
v -0.10592994093894958 -0.7502963542938232 -0.0828663781285286
v -0.10894310474395752 -0.7493435144424438 -0.0838141217827797
v -0.10980839282274246 -0.7516574859619141 -0.08481267094612122
v -0.11290442198514938 -0.7538388967514038 -0.08879001438617706
v -0.11402818560600281 -0.7564525604248047 -0.08775076270103455
v -0.11460155993700027 -0.753861129283905 -0.08591076731681824
v -0.11287054419517517 -0.7517590522766113 -0.08615490794181824
v -0.11042167991399765 -0.7539815306663513 -0.09104111045598984
v -0.11011330783367157 -0.7509565353393555 -0.08860370516777039
v -0.11603875458240509 -0.7577038407325745 -0.08593055605888367
v -0.11534074693918228 -0.7556869983673096 -0.0847514346241951
v -0.11133801937103271 -0.7580282092094421 -0.08296611160039902
v -0.1135617196559906 -0.7588136196136475 -0.08491629362106323
v -0.11408349126577377 -0.7609996795654297 -0.0811421349644661
v -0.11751355230808258 -0.7589976787567139 -0.08251668512821198
v -0.11492153257131577 -0.7612948417663574 -0.07541664689779282
v -0.11845197528600693 -0.7584761381149292 -0.07727266103029251
v -0.11382367461919785 -0.7582252025604248 -0.07048147916793823
v -0.11764215677976608 -0.7558943629264832 -0.0723443478345871
v -0.09963434934616089 -0.7262945771217346 -0.09363385289907455
v -0.0978807732462883 -0.7289013862609863 -0.0889945700764656
v -0.11209303140640259 -0.753064751625061 -0.06817984580993652
v -0.11663839221000671 -0.7514243125915527 -0.06933465600013733
v -0.1099286824464798 -0.7463302612304688 -0.0665743499994278
v -0.11461342126131058 -0.745536208152771 -0.06761125475168228
v -0.10775802284479141 -0.7388091683387756 -0.06615764647722244
v -0.11162896454334259 -0.7389442324638367 -0.06693509966135025
v -0.10521280020475388 -0.7321386933326721 -0.067698635160923
v -0.10895787924528122 -0.7326019406318665 -0.06844431161880493
v -0.10167813301086426 -0.723284125328064 -0.07152386009693146
v -0.10608761012554169 -0.7263044118881226 -0.07211458683013916
v -0.11416906863451004 -0.7546189427375793 -0.07353506982326508
v -0.11468473076820374 -0.7570184469223022 -0.07734884321689606
v -0.10857642441987991 -0.7561743259429932 -0.07416950166225433
v -0.11502969264984131 -0.7573055028915405 -0.08176451176404953
v -0.10328898578882217 -0.7460629940032959 -0.07684290409088135
v -0.10295407474040985 -0.7434549927711487 -0.07789304852485657
v -0.10580086708068848 -0.7437351942062378 -0.08017280697822571
v -0.10404390841722488 -0.7460664510726929 -0.07928456366062164
v -0.10385619103908539 -0.7399070262908936 -0.08662243187427521
v -0.10268852114677429 -0.7349426746368408 -0.08618802577257156
v -0.10222011059522629 -0.7342713475227356 -0.08927455544471741
v -0.09989834576845169 -0.7317978739738464 -0.08577492833137512
v -0.10028625279664993 -0.7359918355941772 -0.08529087156057358
v -0.09990930557250977 -0.7330986261367798 -0.08479678630828857
v -0.09989819675683975 -0.7400369644165039 -0.08566661179065704
v -0.09965714812278748 -0.7318190336227417 -0.08363455533981323
v -0.09977462887763977 -0.7302658557891846 -0.08455762267112732
v -0.09906009584665298 -0.732732892036438 -0.08328653126955032
v -0.09910999983549118 -0.7334692478179932 -0.08397679030895233
v -0.09821988642215729 -0.735137939453125 -0.08372889459133148
v -0.09822805970907211 -0.7380296587944031 -0.0820317417383194
v -0.10326824337244034 -0.734445333480835 -0.09457813203334808
v -0.0945504829287529 -0.726264238357544 -0.07800602912902832
v -0.0988960787653923 -0.7337641716003418 -0.0746665894985199
v -0.10344657301902771 -0.721881091594696 -0.07753950357437134
v -0.09956449270248413 -0.7169803380966187 -0.07769929617643356
v -0.09752356261014938 -0.7135814428329468 -0.08790528774261475
v -0.09867680072784424 -0.7133297324180603 -0.08352689445018768
v -0.10613080859184265 -0.7520687580108643 -0.0736118033528328
v -0.10436360538005829 -0.7463708519935608 -0.07203459739685059
v -0.09150531888008118 -0.7206164598464966 -0.08353520929813385
v -0.10207262635231018 -0.7406435012817383 -0.07233396917581558
v -0.10513877868652344 -0.7302181124687195 -0.07350073754787445
v -0.10305832326412201 -0.7270612716674805 -0.07754610478878021
v -0.10759423673152924 -0.7346545457839966 -0.07077270746231079
v -0.09977543354034424 -0.7270467877388 -0.08622626960277557
v -0.1018063873052597 -0.7260603904724121 -0.08224846422672272
v -0.10173718631267548 -0.7208403944969177 -0.08313997834920883
v -0.09987484663724899 -0.7205747365951538 -0.08698215335607529
v -0.1025543212890625 -0.7310079336166382 -0.07895803451538086
v -0.10510160773992538 -0.7332174777984619 -0.076045922935009
v -0.10035471618175507 -0.7334193587303162 -0.07889126241207123
v -0.10303406417369843 -0.7357742786407471 -0.07630584388971329
v -0.09973210096359253 -0.7320016622543335 -0.08173757791519165
v -0.10080216825008392 -0.7300362586975098 -0.08218948543071747
v -0.09793011099100113 -0.7354010343551636 -0.07905521988868713
v -0.10060936957597733 -0.7387737035751343 -0.07649950683116913
v -0.09833940863609314 -0.7334287166595459 -0.08193659782409668
v -0.10593190789222717 -0.7379666566848755 -0.07527617365121841
v -0.10408790409564972 -0.7410063743591309 -0.07599221915006638
v -0.10780874639749527 -0.7432336807250977 -0.07756581157445908
v -0.10863682627677917 -0.7409082651138306 -0.07544714212417603
v -0.10756783187389374 -0.7360215783119202 -0.07356373965740204
v -0.10989907383918762 -0.7398090958595276 -0.07275283336639404
v -0.10924655199050903 -0.7399668097496033 -0.06960603594779968
v -0.11130763590335846 -0.7446750402450562 -0.07253974676132202
v -0.11100120097398758 -0.7457650899887085 -0.0696001648902893
v -0.11054009944200516 -0.7444807887077332 -0.0750783234834671
v -0.1100449189543724 -0.7452706098556519 -0.07747772336006165
v -0.11315517872571945 -0.7510559558868408 -0.07103531807661057
v -0.11247525364160538 -0.7491315603256226 -0.07345080375671387
v -0.11347503960132599 -0.7525476813316345 -0.07552094757556915
v -0.1119176521897316 -0.7477601170539856 -0.07584788650274277
v -0.11258361488580704 -0.7504857778549194 -0.07745351642370224
v -0.111068956553936 -0.7471054792404175 -0.07735619693994522
v -0.11140915006399155 -0.7485700845718384 -0.07878832519054413
v -0.11225708574056625 -0.7553532123565674 -0.084012970328331
v -0.11112264543771744 -0.753680944442749 -0.0850752741098404
v -0.11305353045463562 -0.7555679082870483 -0.08137866854667664
v -0.11154506355524063 -0.753364086151123 -0.08161211758852005
v -0.11098051816225052 -0.7540237903594971 -0.08305395394563675
v -0.10947246104478836 -0.7531822919845581 -0.08347742259502411
v -0.11039169877767563 -0.7514057159423828 -0.08221908658742905
v -0.10799717903137207 -0.7502690553665161 -0.08112737536430359
v -0.03884534910321236 -0.6047715544700623 -0.08390478044748306
v -0.03206036239862442 -0.6049487590789795 -0.08377313613891602
v -0.03243330866098404 -0.6146780252456665 -0.09085910022258759
v -0.03886367753148079 -0.6150436401367188 -0.08915528655052185
v -0.11225152760744095 -0.7521405816078186 -0.07960128784179688
v -0.11112668365240097 -0.7498664855957031 -0.08066543936729431
v -0.1133226528763771 -0.7547864317893982 -0.07828707993030548
v -0.10806368291378021 -0.7470718622207642 -0.07879321277141571
v -0.10957177728414536 -0.7482478618621826 -0.08019429445266724
v -0.1100577712059021 -0.7466789484024048 -0.07904918491840363
v -0.10878591239452362 -0.7457592487335205 -0.07865453511476517
v -0.10422874242067337 -0.743228554725647 -0.08594626933336258
v -0.10128873586654663 -0.7428017854690552 -0.08328020572662354
v -0.10055337846279144 -0.7403088808059692 -0.08009873330593109
v -0.0622430220246315 -0.5867622494697571 -0.06968442350625992
v -0.058805420994758606 -0.5963410139083862 -0.06942451745271683
v -0.07048390805721283 -0.5987231135368347 -0.061259519308805466
v -0.0757923573255539 -0.5911539793014526 -0.06125788390636444
v -0.06922926753759384 -0.5627606511116028 -0.07929972559213638
v -0.08870717883110046 -0.56794273853302 -0.07281992584466934
v -0.08052796870470047 -0.5455920696258545 -0.0817277580499649
v -0.06695825606584549 -0.5426972508430481 -0.08163120597600937
v -0.07594012469053268 -0.5262276530265808 -0.08953353762626648
v -0.06507542729377747 -0.523868978023529 -0.08709794282913208
v -0.06882067024707794 -0.475441038608551 -0.10588698089122772
v -0.05886059254407883 -0.47531211376190186 -0.10720188915729523
v -0.060361724346876144 -0.49104955792427063 -0.10143167525529861
v -0.07019966840744019 -0.4912162721157074 -0.10018251836299896
v -0.08365596830844879 -0.40689608454704285 -0.11240725964307785
v -0.07800508290529251 -0.3935624361038208 -0.10422608256340027
v -0.06862539798021317 -0.39594393968582153 -0.1108165979385376
v -0.07522768527269363 -0.4083150625228882 -0.11794380098581314
v -0.10866856575012207 -0.49306583404541016 -0.08028639107942581
v -0.11188803613185883 -0.5088498592376709 -0.07961346954107285
v -0.11433884501457214 -0.5005694031715393 -0.07526066154241562
v -0.1106404960155487 -0.48601219058036804 -0.07540114969015121
v -0.1149822324514389 -0.5978580117225647 -0.05003854259848595
v -0.10458408296108246 -0.58571457862854 -0.0628487765789032
v -0.09513672441244125 -0.5928772687911987 -0.056872788816690445
v -0.10512985289096832 -0.6029935479164124 -0.047266993671655655
v -0.11139491200447083 -0.4243839681148529 -0.07986360788345337
v -0.108760766685009 -0.41323941946029663 -0.08079615235328674
v -0.10705114901065826 -0.4182526171207428 -0.08941089361906052
v -0.10817144066095352 -0.4293961524963379 -0.08869154751300812
v -0.07480879873037338 -0.36461442708969116 -0.04418988153338432
v -0.07656151801347733 -0.3473599851131439 -0.039989542216062546
v -0.06623794138431549 -0.34487733244895935 -0.04802138730883598
v -0.0651739314198494 -0.361327201128006 -0.05148275941610336
v -0.10136048495769501 -0.39177370071411133 -0.016567768529057503
v -0.10769986361265182 -0.39516741037368774 -0.0025472650304436684
v -0.10673752427101135 -0.3832179307937622 0.0031254468485713005
v -0.10322593152523041 -0.3789111375808716 -0.0113727618008852
v -0.08697466552257538 -0.4729287922382355 -0.09962037205696106
v -0.07861896604299545 -0.47452059388160706 -0.10309088230133057
v -0.07989740371704102 -0.4897726774215698 -0.09806313365697861
v -0.08868370205163956 -0.48782020807266235 -0.09499064832925797
v -0.13649064302444458 -0.3920019865036011 -0.08403664827346802
v -0.1268286257982254 -0.38983598351478577 -0.07570666819810867
v -0.12727777659893036 -0.4098820984363556 -0.07318825274705887
v -0.13625480234622955 -0.41236913204193115 -0.08055566996335983
v -0.10174185782670975 -0.2970896363258362 -0.00243959529325366
v -0.09973079711198807 -0.30245864391326904 0.00880710780620575
v -0.10153179615736008 -0.2869427502155304 0.007673842832446098
v -0.10272743552923203 -0.28075236082077026 -0.003807034809142351
v -0.15339475870132446 -0.5134754776954651 -0.07721175253391266
v -0.15291224420070648 -0.5258419513702393 -0.07802178710699081
v -0.16740460693836212 -0.5358695983886719 -0.07398299872875214
v -0.16855567693710327 -0.5220016837120056 -0.07387565076351166
v -0.10478587448596954 -0.4622679352760315 -0.0797247588634491
v -0.10215125232934952 -0.4668598175048828 -0.08501940965652466
v -0.10559271275997162 -0.4798484444618225 -0.08210179209709167
v -0.10760542005300522 -0.47357088327407837 -0.07738109678030014
v -0.11830536276102066 -0.41770339012145996 -0.011831003241240978
v -0.11391124874353409 -0.41471484303474426 -0.024418456479907036
v -0.11769001185894012 -0.4258701205253601 -0.02677500620484352
v -0.12053006142377853 -0.429387629032135 -0.015297914855182171
v -0.10853618383407593 -0.4024013876914978 -0.020317185670137405
v -0.11380920559167862 -0.40534669160842896 -0.00693410774692893
v -0.09927905350923538 -0.46934932470321655 -0.08968791365623474
v -0.09387383610010147 -0.4711461067199707 -0.09462086111307144
v -0.09660482406616211 -0.4859936833381653 -0.09130487591028214
v -0.10214222222566605 -0.48404332995414734 -0.08680758625268936
v -0.07013974338769913 -0.3844681978225708 -0.08897798508405685
v -0.05972122773528099 -0.38738590478897095 -0.09746544063091278
v -0.10015623271465302 -0.27455762028694153 -0.016173075884580612
v -0.09471216797828674 -0.2678980827331543 -0.028818391263484955
v -0.09319184720516205 -0.28514349460601807 -0.02796187996864319
v -0.09957316517829895 -0.29131585359573364 -0.014976189471781254
v -0.05331849306821823 -0.37514346837997437 -0.05820808187127113
v -0.05954737216234207 -0.38170331716537476 -0.06987690180540085
v -0.06859760731458664 -0.38167744874954224 -0.06387688964605331
v -0.06290943920612335 -0.375535786151886 -0.05316472053527832
v -0.08574172109365463 -0.2614366412162781 -0.040644560009241104
v -0.07301728427410126 -0.25714778900146484 -0.04984137788414955
v -0.06926155090332031 -0.2752813994884491 -0.04679986089468002
v -0.08289922028779984 -0.27906930446624756 -0.039341457188129425
v -0.07249552756547928 -0.5080264210700989 -0.09485329687595367
v -0.06262636184692383 -0.5071486234664917 -0.0948920026421547
v -0.09766528755426407 -0.40759366750717163 -0.09935694187879562
v -0.09389979392290115 -0.39562344551086426 -0.09067107737064362
v -0.08664610236883163 -0.39364558458328247 -0.09740003943443298
v -0.09134209156036377 -0.4067680537700653 -0.1059519574046135
v -0.11501125246286392 -0.46619391441345215 -0.05990020930767059
v -0.11212585121393204 -0.47670942544937134 -0.06893021613359451
v -0.11659795045852661 -0.49019676446914673 -0.0689384788274765
v -0.11809594184160233 -0.47423332929611206 -0.05836036056280136
v -0.10556095093488693 -0.2712932229042053 0.008445460349321365
v -0.10808924585580826 -0.2661641240119934 -0.0035728849470615387
v -0.09126976877450943 -0.2473021000623703 -0.04214278981089592
v -0.0778774693608284 -0.2422177493572235 -0.051916442811489105
v -0.13728095591068268 -0.47842857241630554 -0.016415860503911972
v -0.13481120765209198 -0.4752688407897949 -0.017141565680503845
v -0.13136902451515198 -0.47383177280426025 -0.025354621931910515
v -0.13325980305671692 -0.47930070757865906 -0.02360101416707039
v -0.04627292603254318 -0.41090908646583557 -0.11939507722854614
v -0.05813572183251381 -0.41683992743492126 -0.12310212105512619
v -0.061627622693777084 -0.4033278524875641 -0.11776155978441238
v -0.051137857139110565 -0.3956887423992157 -0.10838498175144196
v -0.08788326382637024 -0.3866855800151825 -0.07684549689292908
v -0.07911135256290436 -0.38325798511505127 -0.060522254556417465
v -0.07970354706048965 -0.3843236565589905 -0.08213906735181808
v -0.03425946086645126 -0.40585365891456604 -0.11198878288269043
v -0.03767895698547363 -0.3881809115409851 -0.09124484658241272
v -0.051974982023239136 -0.5045913457870483 -0.09355435520410538
v -0.050449736416339874 -0.4891141951084137 -0.10140213370323181
v -0.053489960730075836 -0.5219364762306213 -0.08871393650770187
v -0.0423901192843914 -0.5188537836074829 -0.0900271087884903
v -0.04248463734984398 -0.5375776290893555 -0.08659039437770844
v -0.053877804428339005 -0.5405422449111938 -0.08462265878915787
v -0.04240202531218529 -0.5561935901641846 -0.08610846102237701
v -0.054060716181993484 -0.5591577291488647 -0.08372440934181213
v -0.0499761700630188 -0.5853116512298584 -0.07676060497760773
v -0.04723002389073372 -0.5954914689064026 -0.07550434023141861
v -0.10923261195421219 -0.4655070900917053 -0.07095710933208466
v -0.10862059891223907 -0.45538073778152466 -0.07283688336610794
v -0.10042605549097061 -0.2537420988082886 -0.029644368216395378
v -0.12080422788858414 -0.5676548480987549 0.024615652859210968
v -0.11666907370090485 -0.5552272200584412 0.03259239345788956
v -0.12800319492816925 -0.5532211661338806 0.024623937904834747
v -0.13273093104362488 -0.5647158622741699 0.0168708898127079
v -0.12400892376899719 -0.5949710011482239 -0.05364947021007538
v -0.11470282077789307 -0.5811275243759155 -0.06701121479272842
v -0.14469139277935028 -0.4968864321708679 0.010759398341178894
v -0.13921906054019928 -0.4975137412548065 0.014011088758707047
v -0.1373043805360794 -0.4891323745250702 0.009364187717437744
v -0.141912043094635 -0.4908141493797302 0.007967723533511162
v -0.1409175992012024 -0.4801216423511505 -0.006092119961977005
v -0.14091366529464722 -0.47445181012153625 -0.007574204355478287
v -0.14503991603851318 -0.4762917160987854 -0.006953839212656021
v -0.14383608102798462 -0.4833759665489197 -0.004599969834089279
v -0.09767645597457886 -0.2919713854789734 0.018504038453102112
v -0.09393233060836792 -0.3073650598526001 0.01966891437768936
v -0.10176059603691101 -0.4200066328048706 0.03897182270884514
v -0.10600418597459793 -0.4090809226036072 0.024513401091098785
v -0.11419905722141266 -0.4208877682685852 0.01955152116715908
v -0.11166661977767944 -0.4327199459075928 0.0332457534968853
v -0.03257505223155022 -0.555134654045105 0.03080393373966217
v -0.03129452466964722 -0.5426703691482544 0.03642798215150833
v -0.0510602742433548 -0.5449701547622681 0.0378117710351944
v -0.05269894748926163 -0.557427167892456 0.03187881410121918
v -0.09216899424791336 -0.579015851020813 0.02758517488837242
v -0.09211993962526321 -0.5897809267044067 0.02124825306236744
v -0.07291418313980103 -0.5833770036697388 0.022898539900779724
v -0.07192142307758331 -0.5731520056724548 0.028185952454805374
v -0.1059771329164505 -0.5679789781570435 0.02975137159228325
v -0.10316921770572662 -0.5549154877662659 0.03683693706989288
v -0.12151774019002914 -0.43573492765426636 -0.005093879532068968
v -0.11873865872621536 -0.42429742217063904 0.0002959545236080885
v -0.1274879276752472 -0.450865775346756 -0.009651252068579197
v -0.12531034648418427 -0.44669827818870544 -0.018593503162264824
v -0.12798090279102325 -0.4539375603199005 -0.019267350435256958
v -0.13066315650939941 -0.4571813642978668 -0.01086245384067297
v -0.09740795195102692 -0.6094661355018616 -0.04630519822239876
v -0.09937074780464172 -0.6165483593940735 -0.033615101128816605
v -0.10895679891109467 -0.6095333099365234 -0.03402265906333923
v -0.06779050827026367 -0.6167335510253906 -0.0001894598826766014
v -0.06807158142328262 -0.6119372844696045 0.00354977510869503
v -0.08117605745792389 -0.613101601600647 -0.000941568985581398
v -0.07760582864284515 -0.6174478530883789 -0.0044330451637506485
v -0.04521515220403671 -0.4890134930610657 0.06323860585689545
v -0.025514720007777214 -0.4904976487159729 0.06409250944852829
v -0.02158176153898239 -0.46861299872398376 0.0651121735572815
v -0.04201360046863556 -0.4661387503147125 0.0642833486199379
v -0.1330849975347519 -0.46763765811920166 -0.005247755907475948
v -0.13515082001686096 -0.47241276502609253 -0.004988711327314377
v -0.1367182731628418 -0.4783152639865875 0.0002474971115589142
v -0.13401423394680023 -0.47393760085105896 -9.513180702924728e-05
v -0.13189713656902313 -0.4690779745578766 0.0015948042273521423
v -0.13005439937114716 -0.4638471305370331 0.005221120081841946
v -0.12904535233974457 -0.4564601182937622 -0.0017001605592668056
v -0.13091552257537842 -0.4624633193016052 -0.004333633463829756
v -0.1181844100356102 -0.4439926743507385 0.023782281205058098
v -0.11941229552030563 -0.4334002733230591 0.011981400661170483
v -0.12220170348882675 -0.44337645173072815 0.004852654412388802
v -0.12331577390432358 -0.4528197944164276 0.015678398311138153
v -0.015183845534920692 -0.3993198573589325 0.05709318816661835
v -0.030329320579767227 -0.39839786291122437 0.058051422238349915
v -0.03214852139353752 -0.4194445013999939 0.06082732230424881
v -0.015859005972743034 -0.4200315475463867 0.06263136863708496
v -0.12804631888866425 -0.47674909234046936 -0.03965095058083534
v -0.12348395586013794 -0.47732609510421753 -0.04805414378643036
v -0.12279638648033142 -0.4711320996284485 -0.04757426679134369
v -0.12755030393600464 -0.46906426548957825 -0.03795814886689186
v -0.15890155732631683 -0.4737483859062195 -0.009158216416835785
v -0.16136276721954346 -0.464973509311676 -0.012682072818279266
v -0.16492289304733276 -0.4667906165122986 -0.014249145984649658
v -0.16255545616149902 -0.4762004613876343 -0.010476000607013702
v -0.1286861002445221 -0.4532890319824219 -0.030555956065654755
v -0.1254062056541443 -0.45696374773979187 -0.03811071813106537
v -0.1230129674077034 -0.4400728940963745 -0.039182163774967194
v -0.1260867565870285 -0.43683505058288574 -0.030475229024887085
v -0.13863921165466309 -0.6014580726623535 -0.03773672878742218
v -0.13252170383930206 -0.5911847352981567 -0.055769309401512146
v -0.1295139193534851 -0.6041662096977234 -0.03691256046295166
v -0.13378363847732544 -0.4631708264350891 -0.01685473695397377
v -0.1327105015516281 -0.4511285424232483 -0.017590686678886414
v -0.13716661930084229 -0.451534628868103 -0.014682173728942871
v -0.1365831196308136 -0.46421393752098083 -0.01211833581328392
v -0.15008167922496796 -0.39353060722351074 -0.0876011997461319
v -0.14970099925994873 -0.4140148162841797 -0.08452634513378143
v -0.12970244884490967 -0.4169420003890991 -0.02658221870660782
v -0.13468392193317413 -0.4149947166442871 -0.022420868277549744
v -0.13324087858200073 -0.43464332818984985 -0.020404234528541565
v -0.12875235080718994 -0.4353855848312378 -0.02403881400823593
v -0.09240394085645676 -0.4055686295032501 0.040199074894189835
v -0.09879682213068008 -0.39625394344329834 0.027949858456850052
v -0.08158473670482635 -0.30279290676116943 0.04142308607697487
v -0.09062676876783371 -0.2975636124610901 0.030460722744464874
v -0.08555308729410172 -0.31308427453041077 0.030162915587425232
v -0.07622475922107697 -0.31877923011779785 0.0396217443048954
v -0.10038537532091141 -0.2766150236129761 0.020160149782896042
v -0.0846731960773468 -0.28578779101371765 0.04257742315530777
v -0.09366700798273087 -0.280915230512619 0.03154867887496948
v -0.0832611471414566 -0.6318075060844421 -0.0376955009996891
v -0.07654838263988495 -0.6357950568199158 -0.02685995027422905
v -0.0828404352068901 -0.6289334893226624 -0.022723060101270676
v -0.0912671834230423 -0.6243157386779785 -0.03467345982789993
v -0.15219716727733612 -0.18263152241706848 0.044445451349020004
v -0.15570758283138275 -0.1551874876022339 0.04810831695795059
v -0.1596008688211441 -0.15533222258090973 0.02375938557088375
v -0.15439030528068542 -0.18193939328193665 0.021552935242652893
v -0.053595494478940964 -0.6296112537384033 -0.00733160600066185
v -0.06938089430332184 -0.6299588680267334 -0.01351991854608059
v -0.06470072269439697 -0.6366127133369446 -0.019015749916434288
v -0.051341425627470016 -0.6373733282089233 -0.014168798923492432
v -0.14822883903980255 -0.20374040305614471 0.01828625425696373
v -0.1467013657093048 -0.20808649063110352 0.03966255486011505
v -0.08200889825820923 -0.6238812208175659 -0.04887710511684418
v -0.09027659893035889 -0.6162012815475464 -0.04694640263915062
v -0.08150777965784073 -0.6072256565093994 -0.05446363240480423
v -0.07554447650909424 -0.614375114440918 -0.056666769087314606
v -0.06678041070699692 -0.6087818145751953 -0.06489767134189606
v -0.15799519419670105 -0.1529364436864853 0.0010600611567497253
v -0.15081077814102173 -0.17537449300289154 0.0017554610967636108
v -0.06997543573379517 -0.6431136727333069 -0.03243440017104149
v -0.06020247936248779 -0.6438177824020386 -0.024880200624465942
v -0.048849526792764664 -0.6446635723114014 -0.02073630318045616
v -0.036696478724479675 -0.6466242074966431 -0.019239768385887146
v -0.10887619853019714 -0.2628038823604584 0.023858441039919853
v -0.11420667916536331 -0.25791695713996887 0.010138620622456074
v -0.11041375994682312 -0.05226248502731323 0.0968564823269844
v -0.08338358998298645 -0.05211818218231201 0.1077238917350769
v -0.08305183053016663 -0.036031365394592285 0.09189513325691223
v -0.11335913091897964 -0.03578758239746094 0.08087718486785889
v -0.01855974644422531 -0.06927728652954102 0.11448477953672409
v -0.01691753976047039 -0.059088557958602905 0.09753187000751495
v -0.04921405762434006 -0.0456964373588562 0.09825008362531662
v -0.05313945561647415 -0.05848422646522522 0.11408776044845581
v -0.026718758046627045 -0.18402621150016785 0.12120083719491959
v -0.05448932200670242 -0.18285036087036133 0.12230810523033142
v -0.05399826541543007 -0.20422016084194183 0.11175165325403214
v -0.027698326855897903 -0.20555570721626282 0.11220797896385193
v -0.09166881442070007 -0.27123838663101196 0.049635857343673706
v -0.10141438990831375 -0.2667931616306305 0.0372280552983284
v -0.1156793087720871 -0.2534802556037903 -0.0035913074389100075
v -0.16403593122959137 -0.04386579990386963 -0.03183024376630783
v -0.16975079476833344 -0.03548189997673035 -2.5331974029541016e-06
v -0.16142350435256958 -0.008596181869506836 -0.005695417523384094
v -0.15860231220722198 -0.016134977340698242 -0.03615714609622955
v -0.13197259604930878 0.0024150609970092773 0.04409961774945259
v -0.1389821171760559 -0.01957377791404724 0.054720982909202576
v -0.10930833965539932 -0.015926629304885864 0.06897121667861938
v -0.10261077433824539 0.0012440979480743408 0.05641181021928787
v -0.0627923309803009 -0.23773902654647827 -0.05876116827130318
v -0.08129296451807022 -0.2285817414522171 -0.05242297053337097
v -0.06608462333679199 -0.22288811206817627 -0.059882812201976776
v -0.021763073280453682 -0.22390377521514893 -0.07408131659030914
v -0.03617602959275246 -0.22914284467697144 -0.0685274749994278
v -0.03661542013287544 -0.2133658230304718 -0.0718899518251419
v -0.021378204226493835 -0.21001750230789185 -0.07616502046585083
v -0.024102937430143356 -0.14672137796878815 -0.04843369126319885
v -0.012284724041819572 -0.1494377851486206 -0.04955841228365898
v -0.013929823413491249 -0.1607782244682312 -0.05847010761499405
v -0.027406049892306328 -0.15876510739326477 -0.0554705485701561
v -0.14377741515636444 -0.16981403529644012 -0.017127618193626404
v -0.13015583157539368 -0.16724951565265656 -0.034808043390512466
v -0.12648382782936096 -0.1834464967250824 -0.032104991376399994
v -0.13818803429603577 -0.18832920491695404 -0.016047418117523193
v -0.017069391906261444 -0.05517110228538513 0.0775490254163742
v -0.04416010528802872 -0.03652465343475342 0.0791485384106636
v -0.14499278366565704 -0.025749176740646362 -0.06440204381942749
v -0.1476997435092926 -0.054511040449142456 -0.05778798460960388
v -0.12022507935762405 -0.03533899784088135 -0.0867820531129837
v -0.08891347795724869 -0.04164326190948486 -0.09423712641000748
v -0.09148451685905457 -0.06706175208091736 -0.08533091098070145
v -0.12247633188962936 -0.06184622645378113 -0.07791910320520401
v -0.009989222511649132 -0.08781769871711731 -0.010223858058452606
v -0.019072486087679863 -0.10611170530319214 -0.024508193135261536
v -0.02443218231201172 -0.09477680921554565 -0.026533760130405426
v -0.012589973397552967 -0.08116942644119263 -0.011523440480232239
v -0.020490853115916252 -0.10228404402732849 0.1313561648130417
v -0.0196300707757473 -0.08495420217514038 0.12589360773563385
v -0.050502605736255646 -0.0746273398399353 0.12577079236507416
v -0.05042111501097679 -0.09376406669616699 0.13204962015151978
v -0.07326208800077438 -0.2894379496574402 0.051554709672927856
v -0.0792761817574501 -0.2740473747253418 0.05979094281792641
v -0.060451850295066833 -0.2924191355705261 0.0571761280298233
v -0.07015218585729599 -0.3077384829521179 0.04971063882112503
v -0.057844378054142 -0.3121638298034668 0.055178895592689514
v -0.07219872623682022 -0.42690277099609375 0.058592431247234344
v -0.08362369984388351 -0.4156849980354309 0.051260806620121
v -0.09361208230257034 -0.43122920393943787 0.051047954708337784
v -0.0831194669008255 -0.4449431002140045 0.05920290946960449
v -0.06904421746730804 -0.5492934584617615 0.040334682911634445
v -0.0705602616071701 -0.5617656111717224 0.034065041691064835
v -0.06798997521400452 -0.006277173757553101 0.06388835608959198
v -0.03349795565009117 -0.02554604411125183 0.05777652934193611
v -0.0429680161178112 0.006626039743423462 0.045155368745326996
v -0.0714823305606842 0.015608638525009155 0.04819997027516365
v -0.12410230189561844 0.023348093032836914 0.033030591905117035
v -0.14277522265911102 0.02119678258895874 0.01500728726387024
v -0.1517162173986435 -0.0020422935485839844 0.02429398149251938
v -0.15320107340812683 0.016677916049957275 -0.012405909597873688
v -0.15255118906497955 0.009038805961608887 -0.04404529929161072
v -0.11664889007806778 -0.010397791862487793 -0.0966295525431633
v -0.08553531020879745 -0.016637533903121948 -0.10254302620887756
v -0.018316999077796936 -0.03691694140434265 -0.04495496302843094
v -0.03468204662203789 -0.03942495584487915 -0.06801024079322815
v -0.0330260694026947 -0.01753866672515869 -0.07265982776880264
v -0.017810575664043427 -0.015856117010116577 -0.04870270937681198
v -0.058087486773729324 -0.14004558324813843 -0.05275558680295944
v -0.0889940857887268 -0.1525009423494339 -0.052503690123558044
v -0.09102202951908112 -0.13943548500537872 -0.05394580960273743
v -0.06517006456851959 -0.1268315613269806 -0.050721533596515656
v -0.024282189086079597 -0.2420247197151184 -0.07047241926193237
v -0.0351126603782177 -0.24724560976028442 -0.0658624991774559
v -0.04862738028168678 -0.23320740461349487 -0.06421232223510742
v -0.0459999218583107 -0.25071385502815247 -0.06139126420021057
v -0.05887473747134209 -0.2537626028060913 -0.055999092757701874
v -0.030950438231229782 -0.324655145406723 -0.06743083894252777
v -0.044160258024930954 -0.3247707188129425 -0.062028415501117706
v -0.04273895174264908 -0.308467835187912 -0.06049594655632973
v -0.03026362881064415 -0.3080902397632599 -0.06651105731725693
v -0.03199508786201477 -0.34197819232940674 -0.06910049915313721
v -0.044676538556814194 -0.3423384130001068 -0.0638551414012909
v -0.030966615304350853 -0.37776869535446167 -0.0688173919916153
v -0.04934874176979065 -0.38323912024497986 -0.07790565490722656
v -0.04271826893091202 -0.3762514293193817 -0.06338372826576233
v -0.04157644882798195 -0.5010240077972412 -0.09355700761079788
v -0.04004911333322525 -0.4851216673851013 -0.10026782006025314
v -0.1509111523628235 -0.1499014049768448 -0.021138131618499756
v -0.014392496086657047 -0.031542062759399414 0.03499678522348404
v -0.0045584579929709435 -0.03281649947166443 0.01468958705663681
v -0.008056451566517353 -0.007748931646347046 0.011282525956630707
v -0.020524198189377785 -0.0013518333435058594 0.03095647692680359
v -0.1456718146800995 -0.19586724042892456 0.0005094204097986221
v -0.105845607817173 -0.2604662775993347 -0.016536325216293335
v -0.11377950757741928 -0.24797619879245758 -0.01720474660396576
v -0.09332572668790817 -0.3891434073448181 -0.03363164886832237
v -0.09462244063615799 -0.3749610483646393 -0.024835873395204544
v -0.0689237117767334 -0.4212142527103424 -0.12334747612476349
v -0.06932973861694336 -0.4109664857387543 -0.12092963606119156
v -0.16004253923892975 -0.026970088481903076 0.03240138292312622
v -0.11188774555921555 0.01495388150215149 -0.10449488461017609
v -0.10809318721294403 0.04172447323799133 -0.1117301657795906
v -0.08020038902759552 0.03635525703430176 -0.1156877726316452
v -0.08288546651601791 0.009117990732192993 -0.1092061921954155
v -0.012953177094459534 0.012036800384521484 -0.03166276961565018
v -0.01885738968849182 0.008157193660736084 -0.05362894386053085
v -0.02109302021563053 0.03440362215042114 -0.05877307802438736
v -0.0174955315887928 0.03807327151298523 -0.03726223111152649
v -0.021031420677900314 0.06467652320861816 -0.0439036563038826
v -0.023955371230840683 0.06063598394393921 -0.06543232500553131
v -0.02386557310819626 0.08749476075172424 -0.06902793794870377
v -0.02254967950284481 0.09002292156219482 -0.04915439337491989
v -0.1398555487394333 -0.0003858804702758789 -0.07382065802812576
v -0.13796305656433105 0.05682066082954407 -0.06261087954044342
v -0.12835544347763062 0.04973682761192322 -0.09114614129066467
v -0.13371151685714722 0.02462974190711975 -0.08195207267999649
v -0.14423517882823944 0.03208351135253906 -0.053450293838977814
v -0.10023272782564163 0.02200138568878174 0.042825452983379364
v -0.00891197845339775 -0.012873589992523193 -0.0280812606215477
v -0.007676904089748859 -0.034192562103271484 -0.02478650212287903
v -0.022900037467479706 0.048737287521362305 -0.0033918246626853943
v -0.03486453741788864 0.05416375398635864 0.012340687215328217
v -0.028252752497792244 0.02768811583518982 0.022362247109413147
v -0.015108142048120499 0.021015465259552002 0.0049385204911231995
v -0.11871881037950516 0.06573101878166199 0.00824090838432312
v -0.133494570851326 0.06379365921020508 -0.010150693356990814
v -0.13769006729125977 0.04183769226074219 0.0021024495363235474
v -0.12111721932888031 0.044302910566329956 0.020057395100593567
v -0.14568860828876495 0.03743782639503479 -0.023943588137626648
v -0.1395849734544754 0.06083601713180542 -0.0346662700176239
v -0.1279975324869156 0.1043616235256195 -0.0816359892487526
v -0.11769323796033859 0.09961476922035217 -0.10772168636322021
v -0.12277721613645554 0.07463431358337402 -0.09980183094739914
v -0.13274934887886047 0.08100256323814392 -0.07245863974094391
v -0.13191385567188263 0.10703012347221375 -0.055506929755210876
v -0.13570857048034668 0.08446121215820312 -0.04545687884092331
v -0.1300092339515686 0.08605864644050598 -0.021396927535533905
v -0.12647052109241486 0.10781136155128479 -0.03178895264863968
v -0.11421763151884079 0.10791948437690735 -0.013956964015960693
v -0.1167222186923027 0.08746659755706787 -0.0029053092002868652
v -0.09905805438756943 0.08751240372657776 0.009227469563484192
v -0.09827059507369995 0.10768905282020569 -0.0018311738967895508
v -0.07784536480903625 0.08576437830924988 0.014973871409893036
v -0.057890355587005615 0.08213412761688232 0.012529224157333374
v -0.06118808314204216 0.10369294881820679 0.0024936646223068237
v -0.07962188869714737 0.10636144876480103 0.0033316314220428467
v -0.03227228671312332 0.09693893790245056 -0.01681739091873169
v -0.04472557082772255 0.10055994987487793 -0.004191577434539795
v -0.040479063987731934 0.07843247056007385 0.003509216010570526
v -0.029257657006382942 0.07407227158546448 -0.01127152144908905
v -0.03783026337623596 0.18302685022354126 -0.02688867598772049
v -0.05326861888170242 0.18284127116203308 -0.022756941616535187
v -0.051630862057209015 0.1630486249923706 -0.01924089901149273
v -0.035929787904024124 0.16220122575759888 -0.023964909836649895
v -0.06841821223497391 0.18219175934791565 -0.019822493195533752
v -0.08451484143733978 0.181429922580719 -0.019979525357484818
v -0.08269508183002472 0.16342833638191223 -0.01812807284295559
v -0.0675034448504448 0.16264235973358154 -0.01777689903974533
v -0.10987740755081177 0.16611847281455994 -0.036094918847084045
v -0.0983356386423111 0.16454175114631653 -0.023703347891569138
v -0.09928181022405624 0.18227067589759827 -0.02671215310692787
v -0.11060844361782074 0.1844359040260315 -0.03925473988056183
v -0.11870379745960236 0.18646425008773804 -0.05609825998544693
v -0.11999031901359558 0.16714754700660706 -0.05380187928676605
v -0.1195341944694519 0.18943911790847778 -0.07581055909395218
v -0.12297342717647552 0.16939929127693176 -0.07574409991502762
v -0.11341521143913269 0.1712547242641449 -0.0970550924539566
v -0.10741756856441498 0.19193828105926514 -0.09524596482515335
v -0.020941104739904404 0.16050806641578674 -0.06822899729013443
v -0.02101266197860241 0.1826884150505066 -0.06669653952121735
v -0.019915495067834854 0.18140611052513123 -0.05056319385766983
v -0.018285952508449554 0.1602148413658142 -0.05131090059876442
v -0.03824521228671074 0.16342675685882568 -0.10927724093198776
v -0.053729258477687836 0.16533106565475464 -0.12936046719551086
v -0.052371684461832047 0.18820533156394958 -0.1203339695930481
v -0.04118282347917557 0.1875639259815216 -0.10011421889066696
v -0.12844808399677277 0.12866425514221191 -0.06418580561876297
v -0.12350791692733765 0.12703761458396912 -0.09033674746751785
v -0.1117267906665802 0.12718501687049866 -0.023770339787006378
v -0.12305141240358353 0.1283881962299347 -0.040951572358608246
v -0.033966388553380966 0.11897498369216919 -0.020492762327194214
v -0.047663863748311996 0.12170764803886414 -0.010630406439304352
v -0.02343253791332245 0.11313340067863464 -0.07125500589609146
v -0.021661994978785515 0.11433833837509155 -0.05184541642665863
v -0.08340926468372345 0.14454209804534912 -0.13281504809856415
v -0.08866395056247711 0.11996221542358398 -0.12743519246578217
v -0.11078739166259766 0.12410056591033936 -0.11459087580442429
v -0.10399865359067917 0.1479834020137787 -0.11876560747623444
v -0.1253892034292221 0.1492205262184143 -0.0714750736951828
v -0.12111151963472366 0.14749079942703247 -0.04824821650981903
v -0.11020918190479279 0.14665791392326355 -0.031061220914125443
v -0.0982029065489769 0.14603888988494873 -0.01907174661755562
v -0.08250456303358078 0.1453515887260437 -0.013875748962163925
v -0.06618484109640121 0.14423459768295288 -0.013498105108737946
v -0.049917370080947876 0.1427658498287201 -0.01545664295554161
v -0.035081300884485245 0.14114347100257874 -0.02249642089009285
v -0.019925208762288094 0.13770651817321777 -0.05237965285778046
v -0.02269562892615795 0.1378919780254364 -0.07040612399578094
v -0.07428741455078125 0.1903858780860901 -0.12735718488693237
v -0.07808055728673935 0.16885870695114136 -0.13476811349391937
v -0.0987875908613205 0.17083436250686646 -0.1194467768073082
v -0.09424993395805359 0.19237208366394043 -0.11547261476516724
v -0.07060851156711578 0.2110196053981781 -0.11555550247430801
v -0.05224793404340744 0.2097855508327484 -0.10997447371482849
v -0.06975975632667542 0.19651082158088684 -0.018519341945648193
v -0.08577321469783783 0.19625380635261536 -0.019594833254814148
v -0.09974305331707001 0.19799959659576416 -0.02616281807422638
v -0.12038503587245941 0.20533069968223572 -0.05466632544994354
v -0.11637325584888458 0.21058869361877441 -0.07434479892253876
v -0.10409009456634521 0.21446359157562256 -0.0941179096698761
v -0.08945056796073914 0.21226787567138672 -0.10948403179645538
v -0.02623133361339569 0.2192416787147522 -0.046325549483299255
v -0.024235621094703674 0.19977599382400513 -0.05077819526195526
v -0.025006704032421112 0.2022399604320526 -0.06492040306329727
v -0.027539484202861786 0.2227063775062561 -0.060108184814453125
v -0.04087461903691292 0.214652419090271 -0.02096058428287506
v -0.05401279032230377 0.21218308806419373 -0.011338725686073303
v -0.0553305447101593 0.19828146696090698 -0.0235140323638916
v -0.04135846346616745 0.1989494264125824 -0.029566749930381775
v -0.07050446420907974 0.21144559979438782 -0.00772877037525177
v -0.08781453967094421 0.21237307786941528 -0.009458988904953003
v -0.10354294627904892 0.2142161726951599 -0.016317740082740784
v -0.12015223503112793 0.22711604833602905 -0.049795135855674744
v -0.11265701055526733 0.20018631219863892 -0.03758803755044937
v -0.1164165735244751 0.21993917226791382 -0.03032045066356659
v -0.11326368898153305 0.23442596197128296 -0.0724138543009758
v -0.09091522544622421 0.2639543116092682 -0.08329887688159943
v -0.09360232949256897 0.23841628432273865 -0.09041229635477066
v -0.11113999783992767 0.25975385308265686 -0.06748190522193909
v -0.0597531720995903 0.33955222368240356 -0.05347590148448944
v -0.08099228143692017 0.3412744104862213 -0.053125396370887756
v -0.07463204860687256 0.36702755093574524 -0.04167383909225464
v -0.055776551365852356 0.36571139097213745 -0.04188340902328491
v -0.026865944266319275 0.24434271454811096 -0.05198003351688385
v -0.023540116846561432 0.23979967832565308 -0.035864219069480896
v -0.03771118074655533 0.23261761665344238 -0.008032187819480896
v -0.053095076233148575 0.22975322604179382 0.002162635326385498
v -0.11707162857055664 0.27590492367744446 -0.03383374214172363
v -0.11803607642650604 0.2512644827365875 -0.04404972493648529
v -0.11674724519252777 0.24286267161369324 -0.022877708077430725
v -0.11509732156991959 0.26666197180747986 -0.012695759534835815
v -0.012876689434051514 0.3176778554916382 -0.020663127303123474
v -0.010067567229270935 0.31272226572036743 -0.004915311932563782
v -0.013139069080352783 0.28616616129875183 -0.014256864786148071
v -0.016522444784641266 0.2918575704097748 -0.030456766486167908
v -0.04884467273950577 0.25128352642059326 0.013476043939590454
v -0.032702893018722534 0.2539002001285553 0.0035319775342941284
v -0.029194939881563187 0.27829137444496155 0.013159915804862976
v -0.044760946184396744 0.27606135606765747 0.023236021399497986
v -0.10755574703216553 0.3298599421977997 -0.01627330482006073
v -0.11400164663791656 0.30200809240341187 -0.024367988109588623
v -0.11261254549026489 0.2930908799171448 -0.0033722370862960815
v -0.10684503614902496 0.32175227999687195 0.004758864641189575
v -0.0892825573682785 0.28947678208351135 -0.0740596130490303
v -0.1093660220503807 0.28464755415916443 -0.05768616497516632
v -0.10548718273639679 0.3098702132701874 -0.04790449142456055
v -0.0868108943104744 0.3154458701610565 -0.0638451874256134
v -0.06549776345491409 0.2874450087547302 -0.07493297010660172
v -0.06355072557926178 0.31280723214149475 -0.06442183256149292
v -0.011718161404132843 0.37107715010643005 0.009716957807540894
v -0.01088465005159378 0.3411388397216797 0.0033296793699264526
v -0.01304878294467926 0.34725725650787354 -0.011660754680633545
v -0.01402512937784195 0.3769901990890503 -0.002627149224281311
v -0.04254663735628128 0.30424943566322327 0.030877351760864258
v -0.026546534150838852 0.30551406741142273 0.022378981113433838
v -0.02581063285470009 0.33527329564094543 0.027888193726539612
v -0.0407138392329216 0.3345995247364044 0.03566111624240875
v -0.0890105590224266 0.38763317465782166 0.0011907964944839478
v -0.09956032782793045 0.35812315344810486 -0.006841704249382019
v -0.09751854836940765 0.3510807454586029 0.012836948037147522
v -0.08652874827384949 0.38046684861183167 0.019639596343040466
v -0.06848811358213425 0.3953109681606293 -0.030089884996414185
v -0.09228895604610443 0.36444130539894104 -0.028825297951698303
v -0.08400723338127136 0.39339664578437805 -0.018018409609794617
v -0.059038806706666946 0.4232935309410095 -0.021393343806266785
v -0.044456757605075836 0.42202264070510864 -0.022823497653007507
v -0.05081445723772049 0.3936631381511688 -0.030945852398872375
v -0.01637241244316101 0.40502986311912537 0.004589661955833435
v -0.012153975665569305 0.40059104561805725 0.014573022723197937
v -0.021830253303050995 0.39492398500442505 0.03506828844547272
v -0.03346728906035423 0.3931680917739868 0.04165555536746979
v -0.03808056563138962 0.36434853076934814 0.038241058588027954
v -0.025193776935338974 0.36564821004867554 0.031405970454216
v -0.06800772249698639 0.3706728518009186 0.04011133313179016
v -0.053328465670347214 0.3662344515323639 0.041432976722717285
v -0.047376181930303574 0.39476096630096436 0.044478535652160645
v -0.06019777059555054 0.3990570604801178 0.0430099219083786
v -0.07436378300189972 0.40728405117988586 0.024644479155540466
v -0.07942318916320801 0.3748741149902344 0.03277789056301117
v -0.06943710893392563 0.4026551842689514 0.03627754747867584
v -0.07859402149915695 0.41368362307548523 0.00835832953453064
v -0.07453884929418564 0.4209166467189789 -0.009497374296188354
v -0.005471447017043829 -0.06158718466758728 0.03100806474685669
v -0.0028847823850810528 -0.05918988585472107 0.01231248676776886
v -0.005441782996058464 -0.050812721252441406 0.014898985624313354
v -0.013000182807445526 -0.05503338575363159 0.03500565141439438
v -0.033551041036844254 0.033564865589141846 -0.0836959257721901
v -0.03340871259570122 0.006540447473526001 -0.07778001576662064
v -0.03211348503828049 0.08664196729660034 -0.09148335456848145
v -0.03413243219256401 0.060222357511520386 -0.09033789485692978
v -0.031322821974754333 0.11241379380226135 -0.09267104417085648
v -0.030378395691514015 0.1374134123325348 -0.09173176437616348
v -0.028124665841460228 0.16240796446800232 -0.08824053406715393
v -0.02950337342917919 0.1859300136566162 -0.08347178995609283
v -0.031808216124773026 0.2070346474647522 -0.07975133508443832
v -0.03300917521119118 0.2284104824066162 -0.07523041218519211
v -0.030671801418066025 0.27365660667419434 -0.059306442737579346
v -0.022171933203935623 0.26756784319877625 -0.041664257645606995
v -0.032974377274513245 0.25085222721099854 -0.06831327080726624
v -0.022858954966068268 0.32551419734954834 -0.039124250411987305
v -0.02683321014046669 0.29862433671951294 -0.04942026734352112
v -0.02121683955192566 0.35507720708847046 -0.028137147426605225
v -0.02105620503425598 0.38431164622306824 -0.01658913493156433
v -0.022085167467594147 0.4115711450576782 -0.007759615778923035
v -0.06506092101335526 -0.08462247252464294 -0.06976515054702759
v -0.04090991988778114 -0.07573369145393372 -0.05555497109889984
v -0.0433492586016655 -0.0884200930595398 -0.05022275447845459
v -0.06702933460474014 -0.1010977029800415 -0.06150141358375549
v -0.004055284895002842 -0.07448619604110718 -0.0019865408539772034
v -0.006456064060330391 -0.07928493618965149 -0.003735356032848358
v -0.008030070923268795 -0.07581999897956848 -0.0037777796387672424
v -0.004897239152342081 -0.07250291109085083 0.0010381564497947693
v -0.11861415952444077 0.14901426434516907 -0.09638271480798721
v -0.09788146615028381 0.1268540918827057 -0.011939451098442078
v -0.08110342174768448 0.12608012557029724 -0.006632566452026367
v -0.0640978068113327 0.12407812476158142 -0.006779365241527557
v -0.03984076529741287 0.13921049237251282 -0.11305423825979233
v -0.043494511395692825 0.11376860737800598 -0.11239288747310638
v -0.06294547021389008 0.1157020628452301 -0.12660907208919525
v -0.05710143223404884 0.14067798852920532 -0.13129931688308716
v -0.0667794719338417 0.2655102014541626 -0.08357811719179153
v -0.04600822925567627 0.28149446845054626 -0.06974098086357117
v -0.046848174184560776 0.25879165530204773 -0.07943867146968842
v -0.06844505667686462 0.2447180151939392 -0.09224572777748108
v -0.09065820276737213 0.23134911060333252 0.0024952292442321777
v -0.1069168895483017 0.23541706800460815 -0.006344854831695557
v -0.06906158477067947 0.25111743807792664 0.01727484166622162
v -0.08961107581853867 0.25376689434051514 0.014967292547225952
v -0.07180848717689514 0.22936034202575684 0.005996987223625183
v -0.052036210894584656 0.06176766753196716 -0.11085162311792374
v -0.0754111111164093 0.06332644820213318 -0.1214202493429184
v -0.0692225992679596 0.08949780464172363 -0.12479975819587708
v -0.047598399221897125 0.08714902400970459 -0.1128498986363411
v -0.08296878635883331 -0.32941460609436035 0.03132528439164162
v -0.07457932084798813 -0.3354470133781433 0.039232295006513596
v -0.10227092355489731 -0.398271769285202 -0.06996005773544312
v -0.09694188088178635 -0.3946220278739929 -0.05320712551474571
v -0.08873185515403748 -0.38714900612831116 -0.05709489434957504
v -0.09575596451759338 -0.3912668526172638 -0.07275338470935822
v -0.10442911088466644 -0.4031335413455963 -0.05308481305837631
v -0.1078423485159874 -0.4070599377155304 -0.06913968920707703
v -0.11217769980430603 -0.41863346099853516 -0.06832696497440338
v -0.11055656522512436 -0.4143344461917877 -0.05410325899720192
v -0.11994589120149612 -0.46238476037979126 -0.04827979952096939
v -0.12176619470119476 -0.46905264258384705 -0.04616943746805191
v -0.03158051520586014 -0.35973259806632996 -0.06991585344076157
v -0.018532462418079376 -0.3586116433143616 -0.07296011596918106
v -0.019107472151517868 -0.37476596236228943 -0.07205060124397278
v -0.051335714757442474 -0.21730467677116394 -0.06658317893743515
v -0.06182103976607323 -0.16004908084869385 -0.0503392368555069
v -0.0371386781334877 -0.14375698566436768 -0.047406233847141266
v -0.04253256693482399 -0.1584138125181198 -0.052057210355997086
v -0.004467355087399483 -0.10684648156166077 -0.020253464579582214
v -0.04549207538366318 -0.3936663269996643 0.05712036415934563
v -0.048897624015808105 -0.41488415002822876 0.05895528942346573
v -0.052778054028749466 -0.5680927038192749 0.026256494224071503
v -0.03325439989566803 -0.5661155581474304 0.025814438238739967
v -0.05318348854780197 -0.5868165493011475 0.016672715544700623
v -0.05241893231868744 -0.5958227515220642 0.012544824741780758
v -0.03497767448425293 -0.5930733680725098 0.011972209438681602
v -0.034286100417375565 -0.5848549604415894 0.01613846980035305
v -0.03704249858856201 -0.6384899616241455 -0.01169251836836338
v -0.03737150505185127 -0.6299456357955933 -0.005841911770403385
v -0.0018130159005522728 -0.0696362853050232 0.008524753153324127
v -0.0036639415193349123 -0.06949329376220703 0.003499738872051239
v -0.0016556577757000923 -0.067567378282547 0.014183446764945984
v -0.01999274455010891 -0.05503344535827637 -0.04078677296638489
v -0.008938937447965145 -0.051167845726013184 -0.02144545316696167
v -0.010305497795343399 -0.0628410279750824 -0.0196518674492836
v -0.022021997720003128 -0.06786313652992249 -0.03740495443344116
v -0.16603678464889526 -0.0720796287059784 -0.029258206486701965
v -0.17375318706035614 -0.06539291143417358 0.002294018864631653
v -0.07608689367771149 -0.02193427085876465 0.0771062821149826
v -0.14153440296649933 -0.3727015554904938 -0.029016226530075073
v -0.15067946910858154 -0.3700157105922699 -0.026036337018013
v -0.14615066349506378 -0.3918813467025757 -0.022201180458068848
v -0.13764813542366028 -0.39479050040245056 -0.025294087827205658
v -0.0663827583193779 -0.48888835310935974 0.06253791600465775
v -0.06726297736167908 -0.46354758739471436 0.06319396942853928
v -0.0881868228316307 -0.6000986099243164 -0.05430838465690613
v -0.14900395274162292 -0.5801228880882263 -0.06221351400017738
v -0.13922777771949768 -0.5664936304092407 -0.07417643070220947
v -0.1317252516746521 -0.5713900327682495 -0.06936683505773544
v -0.14087450504302979 -0.5862637758255005 -0.05864429101347923
v -0.14759744703769684 -0.5699442625045776 -0.0012203287333250046
v -0.15224196016788483 -0.5793120861053467 -0.012844253331422806
v -0.1435430347919464 -0.5861340165138245 -0.005432888865470886
v -0.1383225917816162 -0.5757020711898804 0.00680068414658308
v -0.02428160049021244 -0.16221743822097778 0.12788161635398865
v -0.052542660385370255 -0.16094820201396942 0.1305062621831894
v -0.027480605989694595 -0.3369147777557373 0.057977672666311264
v -0.04194352775812149 -0.33373382687568665 0.05713443085551262
v -0.041428323835134506 -0.35211870074272156 0.0567450188100338
v -0.027270464226603508 -0.35629966855049133 0.05638052150607109
v -0.09058526158332825 -0.47505906224250793 0.05886997655034065
v -0.09787600487470627 -0.45836687088012695 0.05391310900449753
v -0.03341837599873543 -0.425106406211853 -0.1210368201136589
v -0.03376949578523636 -0.4422939419746399 -0.12074054777622223
v -0.04581128805875778 -0.4444001019001007 -0.12033822387456894
v -0.04517623409628868 -0.4284088611602783 -0.12283966690301895
v -0.16325952112674713 -0.42212605476379395 -0.02126237004995346
v -0.1552773267030716 -0.4409105181694031 -0.016020290553569794
v -0.14775210618972778 -0.4351799786090851 -0.01578252762556076
v -0.15331387519836426 -0.4143109619617462 -0.018796198070049286
v -0.16603326797485352 -0.058831989765167236 0.0405685231089592
v -0.1439136266708374 -0.042557746171951294 0.06608127057552338
v -0.09888296574354172 -0.35953885316848755 0.02405441366136074
v -0.09106411784887314 -0.36651334166526794 0.035529520362615585
v -0.08679162710905075 -0.3482328951358795 0.03476816415786743
v -0.0942634865641594 -0.34153687953948975 0.02378820814192295
v -0.10782758891582489 -0.40059494972229004 0.010084589943289757
v -0.10396523028612137 -0.38876837491989136 0.01588943786919117
v -0.11404050141572952 -0.41182979941368103 0.00552723603323102
v -0.13903428614139557 -0.4814737141132355 -0.006842710077762604
v -0.13690944015979767 -0.4776937961578369 -0.011044768616557121
v -0.13849706947803497 -0.47881314158439636 -0.010793458670377731
v -0.03784264996647835 -0.05983343720436096 -0.06139497458934784
v -0.04415774717926979 -0.11144369840621948 -0.040329039096832275
v -0.03754408285021782 -0.12088888883590698 -0.04205331951379776
v -0.0017360339406877756 -0.07151690125465393 0.003980964422225952
v -0.07201813161373138 -0.6240602135658264 -0.061189837753772736
v -0.06558272242546082 -0.619635283946991 -0.07020069658756256
v -0.13208691775798798 -0.46396467089653015 -0.023249097168445587
v -0.13021045923233032 -0.45127612352371216 -0.02307608723640442
v -0.1300508826971054 -0.4603697657585144 -0.019353670999407768
v -0.12666644155979156 -0.46013519167900085 -0.027917038649320602
v -0.12872394919395447 -0.465660035610199 -0.025834888219833374
v -0.1318393349647522 -0.46607470512390137 -0.016913406550884247
v -0.1338699907064438 -0.46836939454078674 -0.01025342382490635
v -0.13201120495796204 -0.4628327190876007 -0.01160852238535881
v -0.10550524294376373 -0.4986651837825775 -0.08423563092947006
v -0.100335992872715 -0.5025756359100342 -0.08836822211742401
v -0.10397423803806305 -0.5206591486930847 -0.08599278330802917
v -0.1087104007601738 -0.5153720378875732 -0.08318711072206497
v -0.09206178784370422 -0.5046138167381287 -0.09136302024126053
v -0.08259405940771103 -0.5065377950668335 -0.09345117211341858
v -0.08616617321968079 -0.5249654650688171 -0.08872291445732117
v -0.09608759731054306 -0.5232427716255188 -0.08787316083908081
v -0.08315091580152512 -0.5840086936950684 -0.06777246296405792
v -0.06795927882194519 -0.5786235332489014 -0.07670945674180984
v -0.05319935828447342 -0.574925422668457 -0.08229948580265045
v -0.042597003281116486 -0.5711230039596558 -0.08545364439487457
v -0.03802763298153877 -0.6199827194213867 0.0001484910026192665
v -0.036491286009550095 -0.609810471534729 0.004477617330849171
v -0.05321342870593071 -0.6109381318092346 0.004258094821125269
v -0.05698220431804657 -0.620564341545105 -0.0010609598830342293
v -0.057462360709905624 -0.6067183613777161 -0.0731341689825058
v -0.047309618443250656 -0.6055437326431274 -0.07951927185058594
v -0.03904733434319496 -0.594054639339447 -0.08017558604478836
v -0.16369420289993286 -0.39243191480636597 -0.08566338568925858
v -0.16408567130565643 -0.4131138324737549 -0.08232396841049194
v -0.0755319595336914 -0.6395820379257202 -0.042330898344516754
v -0.07592862099409103 -0.6318346261978149 -0.05247315764427185
v -0.1752842664718628 -0.4115909934043884 -0.07467062026262283
v -0.17445990443229675 -0.39004766941070557 -0.07827824354171753
v -0.11292452365159988 -0.5594160556793213 -0.07668007910251617
v -0.12331876158714294 -0.576463520526886 -0.0680878534913063
v -0.1214858740568161 -0.5550955533981323 -0.07556772232055664
v -0.05721791461110115 -0.6168461441993713 -0.0785420686006546
v -0.04770204797387123 -0.6155814528465271 -0.08524060249328613
v -0.17207427322864532 -0.0954207181930542 0.0007712244987487793
v -0.16363584995269775 -0.10194012522697449 -0.028160832822322845
v -0.09809920191764832 -0.3075021207332611 -0.0139832254499197
v -0.10013514012098312 -0.3127296566963196 -0.001579719828441739
v -0.017133919522166252 -0.32422131299972534 -0.07039151340723038
v -0.016469793394207954 -0.3076680898666382 -0.06891516596078873
v -0.03323669359087944 -0.6239838004112244 -0.09810566902160645
v -0.03207160905003548 -0.2696622610092163 -0.06412962824106216
v -0.01890750415623188 -0.2648056745529175 -0.06733555346727371
v -0.01669868268072605 -0.28872382640838623 -0.06676081568002701
v -0.03029056265950203 -0.29035937786102295 -0.06493520736694336
v -0.015543146058917046 -0.23915629088878632 -0.07474267482757568
v -0.014932878315448761 -0.22852641344070435 -0.07738344371318817
v -0.01944686472415924 -0.13649940490722656 -0.04104999825358391
v -0.010008466430008411 -0.13963782787322998 -0.041624765843153
v -0.13808846473693848 -0.46426764130592346 -0.07577189058065414
v -0.13885405659675598 -0.47885847091674805 -0.07514125853776932
v -0.15189021825790405 -0.4855360984802246 -0.0773051530122757
v -0.15146160125732422 -0.46887415647506714 -0.07865893095731735
v -0.04358476772904396 -0.27213427424430847 -0.05944230034947395
v -0.05574194714426994 -0.2736671268939972 -0.05292481929063797
v -0.11328538507223129 -0.457245409488678 -0.06146498769521713
v -0.11832979321479797 -0.45359089970588684 -0.04986964911222458
v -0.02215053327381611 -0.38718196749687195 -0.0884992852807045
v -0.057363372296094894 -0.4317762851715088 -0.12306990474462509
v -0.05744612216949463 -0.44629013538360596 -0.11947882920503616
v -0.06846309453248978 -0.44753021001815796 -0.11734984815120697
v -0.06873440742492676 -0.43430519104003906 -0.12182171642780304
v -0.00030777230858802795 -0.07261571288108826 0.010576136410236359
v -0.17924907803535461 -0.4842056334018707 -0.026899687945842743
v -0.17760571837425232 -0.4959352910518646 -0.022613421082496643
v -0.17412413656711578 -0.4907851219177246 -0.017884455621242523
v -0.17646187543869019 -0.4792209267616272 -0.022619687020778656
v -0.0035846673417836428 -0.049252718687057495 -0.004165865480899811
v -0.0038942312821745872 -0.033241838216781616 -0.005315020680427551
v -0.015392023138701916 -0.05687820911407471 0.05582810193300247
v -0.004417743533849716 -0.06376153230667114 0.04660638049244881
v -0.05581974983215332 -0.01706448197364807 -0.09302213042974472
v -0.05936150625348091 -0.04171633720397949 -0.08697520196437836
v -0.05497941002249718 0.0072440505027771 -0.09986653923988342
v -0.05375752970576286 0.03464135527610779 -0.10587877780199051
v -0.04275989159941673 0.20927324891090393 -0.09342038631439209
v -0.047826725989580154 0.23403730988502502 -0.08955519646406174
v -0.04422998055815697 0.30657851696014404 -0.05911833047866821
v -0.0406784787774086 0.33336323499679565 -0.048632025718688965
v -0.037974826991558075 0.3615897297859192 -0.03633858263492584
v -0.03457458317279816 0.39047423005104065 -0.025409430265426636
v -0.0317811518907547 0.417959064245224 -0.017503738403320312
v -0.18059620261192322 -0.3857911229133606 -0.0685700997710228
v -0.18197767436504364 -0.40939587354660034 -0.0631735697388649
v -0.18354414403438568 -0.40329474210739136 -0.05245131999254227
v -0.18226933479309082 -0.3799012303352356 -0.05862896144390106
v -0.1255590319633484 -0.41884687542915344 -0.03208031505346298
v -0.12270762026309967 -0.4214972257614136 -0.04085054248571396
v -0.12403416633605957 -0.4020337462425232 -0.04280618578195572
v -0.12753616273403168 -0.39959248900413513 -0.03503977507352829
v -0.1295810043811798 -0.37927109003067017 -0.03816118836402893
v -0.13500942289829254 -0.37608787417411804 -0.03336448222398758
v -0.13149358332157135 -0.3975261449813843 -0.02964271605014801
v -0.1609424650669098 -0.36971113085746765 -0.026731528341770172
v -0.17075522243976593 -0.3706203103065491 -0.03183174133300781
v -0.16782353818416595 -0.39395785331726074 -0.02607124298810959
v -0.15737393498420715 -0.3908178210258484 -0.02215055376291275
v -0.1808244287967682 -0.3750399649143219 -0.049475908279418945
v -0.18128949403762817 -0.39758720993995667 -0.04331870377063751
v -0.17637528479099274 -0.3949032425880432 -0.034266695380210876
v -0.1773505061864853 -0.37204673886299133 -0.040225058794021606
v -0.12232968956232071 -0.38744837045669556 -0.06535294651985168
v -0.12214040756225586 -0.38526609539985657 -0.054476745426654816
v -0.12169089168310165 -0.4046217203140259 -0.05269858241081238
v -0.12243495881557465 -0.407260537147522 -0.06331094354391098
v -0.16674987971782684 -0.4907110631465912 -0.07502000778913498
v -0.1657061129808426 -0.4723820090293884 -0.07533834129571915
v -0.12135264277458191 -0.4816610813140869 -0.05399622768163681
v -0.12229934334754944 -0.48870792984962463 -0.06332345306873322
v -0.12303712218999863 -0.48393747210502625 -0.0599498525261879
v -0.12306712567806244 -0.4825238585472107 -0.049953676760196686
v -0.1496652513742447 -0.43383848667144775 -0.08147235959768295
v -0.1502591222524643 -0.4519621431827545 -0.07947845757007599
v -0.16419194638729095 -0.45305532217025757 -0.07708100229501724
v -0.16384507715702057 -0.4334104657173157 -0.07938098162412643
v -0.12329158186912537 -0.4273098111152649 -0.0610847994685173
v -0.12149054557085037 -0.42467647790908813 -0.05100175738334656
v -0.12061610817909241 -0.44371339678764343 -0.04863658547401428
v -0.12229178100824356 -0.44582295417785645 -0.05864672362804413
v -0.14241279661655426 -0.41388219594955444 -0.01921164244413376
v -0.13915905356407166 -0.43421223759651184 -0.017202049493789673
v -0.12904635071754456 -0.4732779562473297 -0.06657054275274277
v -0.12915100157260895 -0.4600411653518677 -0.06700527667999268
v -0.11377313733100891 -0.4481743574142456 -0.06255599111318588
v -0.12181353569030762 -0.4445766508579254 -0.028602972626686096
v -0.12421226501464844 -0.45278850197792053 -0.028665771707892418
v -0.09975569695234299 -0.3992619514465332 -0.08567914366722107
v -0.10225389897823334 -0.40948501229286194 -0.09349164366722107
v -0.1101091131567955 -0.41339996457099915 -0.03859556466341019
v -0.1153852567076683 -0.4239729642868042 -0.039856020361185074
v -0.10446061939001083 -0.40505024790763855 -0.08240456879138947
v -0.10492341965436935 -0.41085195541381836 -0.08902692049741745
v -0.055252667516469955 -0.3600725531578064 -0.05854341387748718
v -0.04033469408750534 -0.5832082629203796 -0.08089521527290344
v -0.13743631541728973 -0.44898563623428345 -0.07598613947629929
v -0.12809555232524872 -0.44688868522644043 -0.06817477196455002
v -0.15009750425815582 -0.45459601283073425 -0.012404128909111023
v -0.14674967527389526 -0.4670538306236267 -0.009539000689983368
v -0.14146485924720764 -0.465712308883667 -0.01031581312417984
v -0.143657848238945 -0.4522573947906494 -0.012979231774806976
v -0.11962930858135223 -0.48813968896865845 0.040473051369190216
v -0.10669934749603271 -0.4827699661254883 0.05124371126294136
v -0.11135625094175339 -0.46872666478157043 0.044910769909620285
v -0.12206313014030457 -0.4753899872303009 0.033836767077445984
v -0.18362432718276978 -0.4864547848701477 -0.038277655839920044
v -0.18497753143310547 -0.4836217164993286 -0.046331532299518585
v -0.18520821630954742 -0.4999799132347107 -0.04470139741897583
v -0.18317225575447083 -0.5002182722091675 -0.03574290871620178
v -0.18522515892982483 -0.4984462261199951 -0.055446721613407135
v -0.1844048649072647 -0.47967490553855896 -0.05662337690591812
v -0.17776226997375488 -0.47548142075538635 -0.06739575415849686
v -0.1794126331806183 -0.4947131276130676 -0.06675171852111816
v -0.15764109790325165 -0.12889453768730164 0.05298498272895813
v -0.16627788543701172 -0.1281505674123764 0.02643190696835518
v -0.10709284991025925 -0.24097634851932526 -0.030600322410464287
v -0.0959223136305809 -0.2344561517238617 -0.042360030114650726
v -0.08676549792289734 -0.16848866641521454 -0.04890917241573334
v -0.02477683126926422 -0.08491992950439453 -0.030417747795581818
v -0.011692913249135017 -0.07480993866920471 -0.01402873545885086
v -0.005292510613799095 -0.010698944330215454 -0.007920101284980774
v -0.16434714198112488 -0.12713290750980377 0.0003815479576587677
v -0.011565822176635265 0.015588939189910889 -0.013342216610908508
v -0.01779291406273842 0.04269421100616455 -0.02031967043876648
v -0.05396107956767082 0.059584975242614746 0.02318207174539566
v -0.07645707577466965 0.06391054391860962 0.025954633951187134
v -0.07485203444957733 0.03980165719985962 0.036662518978118896
v -0.04981325566768646 0.03478419780731201 0.03391219675540924
v -0.09920088946819305 0.06597363948822021 0.02029457688331604
v -0.09984264522790909 0.04350203275680542 0.03144001215696335
v -0.09570292383432388 0.09371104836463928 -0.12370362877845764
v -0.06510299444198608 0.27680137753486633 0.027986258268356323
v -0.0809197723865509 0.3091784417629242 0.03335404396057129
v -0.08643259108066559 0.2797330319881439 0.025565624237060547
v -0.06150917708873749 0.3056303560733795 0.03545770049095154
v -0.1029779314994812 0.28546592593193054 0.014663264155387878
v -0.10611283779144287 0.2587229907512665 0.004824116826057434
v -0.09930473566055298 0.3365301191806793 -0.038865625858306885
v -0.05825740098953247 0.3359348773956299 0.0391266793012619
v -0.0752546638250351 0.33966007828712463 0.03686319291591644
v -0.0974995493888855 0.3142690658569336 0.02203071117401123
v -0.08932757377624512 0.34452497959136963 0.027505844831466675
v -0.003680100664496422 -0.05987861752510071 -0.0043430328369140625
v -0.14863212406635284 -0.08127415180206299 -0.053170375525951385
v -0.14616195857524872 -0.10760390758514404 -0.05013354867696762
v -0.09287925809621811 -0.12565308809280396 -0.059855617582798004
v -0.0672089233994484 -0.11503162980079651 -0.054815031588077545
v -0.06812618672847748 -0.2930343449115753 -0.045322857797145844
v -0.0814991369843483 -0.296220600605011 -0.03791472315788269
v -0.07778515666723251 -0.33043432235717773 -0.037108514457941055
v -0.08788749575614929 -0.33452168107032776 -0.02759183570742607
v -0.08993328362703323 -0.31795734167099 -0.02632511407136917
v -0.08039934188127518 -0.3131236732006073 -0.03734612092375755
v -0.10273661464452744 -0.34597355127334595 -0.0032659145072102547
v -0.10371032357215881 -0.3531526029109955 0.011511215940117836
v -0.09955526888370514 -0.3350730538368225 0.011803283356130123
v -0.10034092515707016 -0.3291316330432892 -0.0016969263087958097
v -0.09729713946580887 -0.3180099427700043 0.009908230975270271
v -0.09104873985052109 -0.32386159896850586 0.021249955520033836
v -0.05650325492024422 -0.367380291223526 0.05529506504535675
v -0.06836666166782379 -0.3618496358394623 0.050836920738220215
v -0.07125119119882584 -0.3815685212612152 0.051599495112895966
v -0.05923299863934517 -0.38797831535339355 0.05518372729420662
v -0.02839130163192749 -0.1311134546995163 -0.04123309627175331
v -0.006455080583691597 -0.07151815295219421 -0.004452414810657501
v -0.06246338039636612 -0.06512433290481567 -0.07897626608610153
v -0.09320928156375885 -0.08933043479919434 -0.0755791887640953
v -0.12304633855819702 -0.08692923188209534 -0.0700303316116333
v -0.13067612051963806 -0.46604883670806885 -0.030385524034500122
v -0.13504047691822052 -0.495924174785614 0.015968937426805496
v -0.13404689729213715 -0.4862411618232727 0.011551585979759693
v -0.18254201114177704 -0.4598228335380554 -0.05698419362306595
v -0.17565730214118958 -0.4549134075641632 -0.06840714812278748
v -0.1220923513174057 -0.4598284959793091 -0.05790548026561737
v -0.15254861116409302 -0.5004490613937378 -0.0767526775598526
v -0.13919329643249512 -0.49254122376441956 -0.07395105063915253
v -0.13888101279735565 -0.5041151642799377 -0.07533980906009674
v -0.1126546636223793 -0.16074638068675995 -0.04536465182900429
v -0.13745097815990448 -0.14848893880844116 -0.039791472256183624
v -0.11600282043218613 -0.14593496918678284 -0.05046100914478302
v -0.0012960180174559355 -0.06598418951034546 0.034415677189826965
v -0.04512709751725197 -0.09921175241470337 -0.044929638504981995
v -0.02251485176384449 0.06863269209861755 -0.027282290160655975
v -0.024438228458166122 0.09322172403335571 -0.03211198002099991
v -0.02479604072868824 0.1163557767868042 -0.03489575535058975
v -0.024495050311088562 0.13868126273155212 -0.03566646948456764
v -0.024119557812809944 0.16112825274467468 -0.0353190042078495
v -0.02629624307155609 0.18199333548545837 -0.03605121001601219
v -0.03036106377840042 0.19910383224487305 -0.03818332403898239
v -0.03134910762310028 0.2169097363948822 -0.03223942220211029
v -0.01839306205511093 0.26197195053100586 -0.02445138990879059
v -0.02277020737528801 0.25751355290412903 -0.0091828852891922
v -0.027585916221141815 0.23600730299949646 -0.020488470792770386
v -0.018820669502019882 0.2817545235157013 0.0005953013896942139
v -0.016049399971961975 0.30876922607421875 0.010080993175506592
v -0.01618642359972 0.33745840191841125 0.01658250391483307
v -0.01656893640756607 0.3672022521495819 0.02129523456096649
v -0.014840327203273773 0.3969801366329193 0.025774061679840088
v -0.0004756744019687176 -0.06942182779312134 0.015074603259563446
v -0.0006748258601874113 -0.06804004311561584 0.023592762649059296
v -0.10309340804815292 -0.5631104707717896 -0.07630177587270737
v -0.12285657227039337 -0.4616756737232208 -0.037239328026771545
v -0.12498326599597931 -0.46757832169532776 -0.035332582890987396
v -0.12257766723632812 -0.47094523906707764 -0.05721881240606308
v -0.18003788590431213 -0.4194633960723877 -0.03711765259504318
v -0.1836957484483719 -0.4260004758834839 -0.045567698776721954
v -0.12119757384061813 -0.46005409955978394 -0.047536879777908325
v -0.1238747090101242 -0.4782369136810303 -0.04287930205464363
v -0.12706206738948822 -0.4840855896472931 -0.04043339192867279
v -0.12889759242534637 -0.2661711573600769 -0.15236473083496094
v -0.136395663022995 -0.2588445544242859 -0.14980757236480713
v -0.12581804394721985 -0.24902811646461487 -0.15995550155639648
v -0.1186646819114685 -0.2562802731990814 -0.16157904267311096
v -0.1200481727719307 -0.2716558873653412 -0.14998573064804077
v -0.11048963665962219 -0.26103276014328003 -0.158651202917099
v -0.09998827427625656 -0.25272101163864136 -0.11532548069953918
v -0.1000247448682785 -0.26128390431404114 -0.1210038959980011
v -0.09399410337209702 -0.24836504459381104 -0.13185304403305054
v -0.09442245215177536 -0.23993176221847534 -0.1268426477909088
v -0.09475158900022507 -0.25087010860443115 -0.16124379634857178
v -0.09097837656736374 -0.24794280529022217 -0.154570072889328
v -0.09871385991573334 -0.26022472977638245 -0.14536166191101074
v -0.10341998189687729 -0.2625120282173157 -0.15292507410049438
v -0.11022810637950897 -0.23654505610466003 -0.11057537794113159
v -0.11826487630605698 -0.23210632801055908 -0.11228007078170776
v -0.12340361624956131 -0.24343204498291016 -0.09957057237625122
v -0.11482855677604675 -0.2479836344718933 -0.09814229607582092
v -0.12164974957704544 -0.30835801362991333 -0.07751880586147308
v -0.12101180851459503 -0.2995178699493408 -0.07036888599395752
v -0.12357461452484131 -0.31054359674453735 -0.06618766486644745
v -0.12275370210409164 -0.31862494349479675 -0.07457028329372406
v -0.14893309772014618 -0.28777509927749634 -0.13288292288780212
v -0.1560480296611786 -0.2808369994163513 -0.12809565663337708
v -0.14651960134506226 -0.26959872245788574 -0.1391998529434204
v -0.13894349336624146 -0.2768804430961609 -0.14279991388320923
v -0.12269827723503113 -0.2967504858970642 -0.11823958158493042
v -0.11683043837547302 -0.29404187202453613 -0.1090836226940155
v -0.12512660026550293 -0.3063349723815918 -0.09994977712631226
v -0.13158737123012543 -0.3080732822418213 -0.10861465334892273
v -0.15814313292503357 -0.29859262704849243 -0.12205231189727783
v -0.16429424285888672 -0.29176902770996094 -0.11603200435638428
v -0.106169693171978 -0.272652804851532 -0.1368406116962433
v -0.10248900949954987 -0.2679864764213562 -0.12819641828536987
v -0.10908643156290054 -0.28103721141815186 -0.11879768967628479
v -0.1141713559627533 -0.284915030002594 -0.12797752022743225
v -0.09845683723688126 -0.21514752507209778 -0.13558006286621094
v -0.10593648999929428 -0.21188732981681824 -0.13773766160011292
v -0.11242754757404327 -0.22176188230514526 -0.12503910064697266
v -0.1046275794506073 -0.22542810440063477 -0.12326374650001526
v -0.08881073445081711 -0.24264982342720032 -0.1483239233493805
v -0.08756221830844879 -0.23578715324401855 -0.14287573099136353
v -0.09582287073135376 -0.2552189528942108 -0.13804364204406738
v -0.12304466962814331 -0.22446689009666443 -0.16228240728378296
v -0.12047940492630005 -0.2320474088191986 -0.1668449342250824
v -0.13064470887184143 -0.24168097972869873 -0.15620478987693787
v -0.13281404972076416 -0.23400622606277466 -0.15099123120307922
v -0.11153139173984528 -0.2801155149936676 -0.09372678399085999
v -0.11294850707054138 -0.2880164384841919 -0.10058683156967163
v -0.1061781793832779 -0.27441900968551636 -0.1105630099773407
v -0.1055794209241867 -0.266144722700119 -0.10433274507522583
v -0.13831834495067596 -0.29401373863220215 -0.13258278369903564
v -0.1292363405227661 -0.2828315794467926 -0.1413164734840393
v -0.14338429272174835 -0.2441888153553009 -0.13849729299545288
v -0.14054828882217407 -0.2516951262950897 -0.14508238434791565
v -0.15042251348495483 -0.26222896575927734 -0.13327735662460327
v -0.15160930156707764 -0.2543502748012543 -0.12666186690330505
v -0.15526893734931946 -0.25731605291366577 -0.10460090637207031
v -0.14709734916687012 -0.2539803981781006 -0.09601593017578125
v -0.14146113395690918 -0.24282559752464294 -0.110297292470932
v -0.14845490455627441 -0.24683931469917297 -0.11844807863235474
v -0.11728174984455109 -0.29509690403938293 -0.08396410942077637
v -0.11757908016443253 -0.28568321466445923 -0.07746627926826477
v -0.1194143071770668 -0.261225163936615 -0.08638057112693787
v -0.12803764641284943 -0.2558165490627289 -0.08702030777931213
v -0.13174384832382202 -0.26900577545166016 -0.07464233040809631
v -0.12261663377285004 -0.27564871311187744 -0.0742831826210022
v -0.15164686739444733 -0.32851511240005493 -0.10415773093700409
v -0.1646510362625122 -0.3254331350326538 -0.10368821024894714
v -0.15886251628398895 -0.31669145822525024 -0.1110464483499527
v -0.14800143241882324 -0.31997209787368774 -0.10768184065818787
v -0.1666068136692047 -0.30942392349243164 -0.10981449484825134
v -0.17222049832344055 -0.31872257590293884 -0.09982505440711975
v -0.1804191768169403 -0.3272993266582489 -0.07764892280101776
v -0.18002796173095703 -0.32190531492233276 -0.06932832300662994
v -0.17874401807785034 -0.3139742612838745 -0.07470524311065674
v -0.1793752908706665 -0.3196423053741455 -0.08353835344314575
v -0.16505280137062073 -0.2774711847305298 -0.07466496527194977
v -0.15504562854766846 -0.2772848606109619 -0.06650640070438385
v -0.1513187736272812 -0.2655178904533386 -0.08133599162101746
v -0.16086597740650177 -0.2676263451576233 -0.08990433812141418
v -0.14658518135547638 -0.2905544638633728 -0.05355668067932129
v -0.136556476354599 -0.29369521141052246 -0.05628405511379242
v -0.1345662623643875 -0.2820926606655121 -0.06352859735488892
v -0.1448034942150116 -0.27849507331848145 -0.06315949559211731
v -0.14152845740318298 -0.3390110433101654 -0.03878244757652283
v -0.1348082274198532 -0.3422815501689911 -0.04295100271701813
v -0.1356978416442871 -0.3286133110523224 -0.04523913562297821
v -0.14339177310466766 -0.3246897757053375 -0.04209887981414795
v -0.12456279247999191 -0.3404918611049652 -0.05958188325166702
v -0.12421019375324249 -0.35172802209854126 -0.05809955298900604
v -0.12415307760238647 -0.35504502058029175 -0.06835570931434631
v -0.12444546818733215 -0.3446996808052063 -0.06973648816347122
v -0.16288383305072784 -0.3566795885562897 -0.09192168712615967
v -0.1740865707397461 -0.35325250029563904 -0.08508662134408951
v -0.17311429977416992 -0.34587907791137695 -0.08905160427093506
v -0.16162273287773132 -0.3496571481227875 -0.09463652968406677
v -0.16807600855827332 -0.2872008681297302 -0.062170833349227905
v -0.15825533866882324 -0.2891902029514313 -0.0529911071062088
v -0.12425550818443298 -0.33083683252334595 -0.061634764075279236
v -0.123393714427948 -0.3362869620323181 -0.07177793979644775
v -0.122713103890419 -0.327511191368103 -0.07324351370334625
v -0.12395600974559784 -0.32057780027389526 -0.06383194029331207
v -0.13555382192134857 -0.3428833484649658 -0.08898614346981049
v -0.14583244919776917 -0.34380021691322327 -0.09577573835849762
v -0.14311464130878448 -0.3371134400367737 -0.09730710089206696
v -0.13306526839733124 -0.33546334505081177 -0.0907154232263565
v -0.15898475050926208 -0.3436974585056305 -0.09802480041980743
v -0.17146457731723785 -0.34004613757133484 -0.09393955767154694
v -0.1677262783050537 -0.33275091648101807 -0.09966208040714264
v -0.15530799329280853 -0.3366246223449707 -0.10193449258804321
v -0.16972146928310394 -0.29480499029159546 -0.05502961575984955
v -0.17461514472961426 -0.29902902245521545 -0.0637730211019516
v -0.17476370930671692 -0.3053876757621765 -0.057487428188323975
v -0.16942092776298523 -0.3019998371601105 -0.04997900128364563
v -0.1464197188615799 -0.30196088552474976 -0.048656150698661804
v -0.1371731013059616 -0.3046862483024597 -0.051289305090904236
v -0.13173438608646393 -0.32719165086746216 -0.09108270704746246
v -0.12524516880512238 -0.3240673542022705 -0.08338162302970886
v -0.12609855830669403 -0.3324470520019531 -0.08296999335289001
v -0.17537209391593933 -0.32623183727264404 -0.09287643432617188
v -0.1481293886899948 -0.33585506677627563 -0.03539765626192093
v -0.1563493013381958 -0.33356842398643494 -0.034593209624290466
v -0.15355053544044495 -0.3491109311580658 -0.030232548713684082
v -0.1451893299818039 -0.3515594005584717 -0.032475560903549194
v -0.13883860409259796 -0.3547297716140747 -0.03639218211174011
v -0.13277585804462433 -0.3581004738807678 -0.040895573794841766
v -0.12299194931983948 -0.3664916753768921 -0.05661019682884216
v -0.12280222773551941 -0.3693680465221405 -0.06701260060071945
v -0.12750296294689178 -0.3712645173072815 -0.07738064974546432
v -0.13660116493701935 -0.3729126751422882 -0.0853402242064476
v -0.1375090628862381 -0.3582042157649994 -0.08621571958065033
v -0.12814845144748688 -0.35713130235671997 -0.07815373688936234
v -0.16284091770648956 -0.3728199303150177 -0.08888761699199677
v -0.17393657565116882 -0.36966919898986816 -0.08199585229158401
v -0.17921233177185059 -0.3484508991241455 -0.07680602371692657
v -0.1795661896467209 -0.3640897870063782 -0.07305862754583359
v -0.12878812849521637 -0.32327693700790405 -0.05293165147304535
v -0.12856778502464294 -0.334502637386322 -0.050641968846321106
v -0.14047235250473022 -0.23696845769882202 -0.13189047574996948
v -0.13489866256713867 -0.23255640268325806 -0.12376976013183594
v -0.1272220015525818 -0.22274917364120483 -0.1368371844291687
v -0.13112546503543854 -0.22709333896636963 -0.14481747150421143
v -0.11309656500816345 -0.21170195937156677 -0.14260494709014893
v -0.12030351161956787 -0.22119292616844177 -0.1298556625843048
v -0.11231265962123871 -0.2738049626350403 -0.14453384280204773
v -0.12109421193599701 -0.285386860370636 -0.1358368694782257
v -0.10093040764331818 -0.25086745619773865 -0.16712594032287598
v -0.1409357786178589 -0.3285789489746094 -0.09814180433750153
v -0.13784494996070862 -0.31897562742233276 -0.10043047368526459
v -0.17813172936439514 -0.317081093788147 -0.060909539461135864
v -0.18060976266860962 -0.3301379978656769 -0.06429433822631836
v -0.17825934290885925 -0.32561662793159485 -0.05610780417919159
v -0.17413276433944702 -0.29287993907928467 -0.07295237481594086
v -0.1713777631521225 -0.2846718430519104 -0.08589044213294983
v -0.17195570468902588 -0.29417675733566284 -0.09555372595787048
v -0.17646633088588715 -0.30380746722221375 -0.08091126382350922
v -0.16843749582767487 -0.30983707308769226 -0.04603251814842224
v -0.17470616102218628 -0.3123782277107239 -0.0526261031627655
v -0.17426395416259766 -0.32190075516700745 -0.04834829270839691
v -0.167196124792099 -0.3201267123222351 -0.04214926064014435
v -0.1489999145269394 -0.3583056628704071 -0.0919850543141365
v -0.1478043794631958 -0.3503448963165283 -0.09349581599235535
v -0.1807372123003006 -0.35448896884918213 -0.054633356630802155
v -0.18051229417324066 -0.34060677886009216 -0.05975566804409027
v -0.18123549222946167 -0.3440871834754944 -0.06823722273111343
v -0.1813889741897583 -0.35796913504600525 -0.06405076384544373
v -0.18097127974033356 -0.3346126079559326 -0.07257029414176941
v -0.17814426124095917 -0.35205966234207153 -0.04599425196647644
v -0.17830219864845276 -0.33707621693611145 -0.05145587772130966
v -0.14920522272586823 -0.37384700775146484 -0.09009096771478653
v -0.1659667193889618 -0.33334431052207947 -0.03756057471036911
v -0.1737213432788849 -0.3345935642719269 -0.04360435903072357
v -0.17269468307495117 -0.3501427471637726 -0.03815615177154541
v -0.1638486683368683 -0.3491561710834503 -0.032279349863529205
v -0.12674885988235474 -0.23120370507240295 -0.11691856384277344
v -0.13255736231803894 -0.241979718208313 -0.10365414619445801
v -0.1278495043516159 -0.29996776580810547 -0.05945397913455963
v -0.12549901008605957 -0.288901150226593 -0.06502406299114227
v -0.12882034480571747 -0.31139153242111206 -0.05569934844970703
v -0.10368181020021439 -0.2433687150478363 -0.11154279112815857
v -0.09792549908161163 -0.23140108585357666 -0.12335154414176941
v -0.11329341679811478 -0.27032795548439026 -0.08854788541793823
v -0.10854681581258774 -0.25625669956207275 -0.09969782829284668
v -0.16031353175640106 -0.2652083933353424 -0.11305356025695801
v -0.15288046002388 -0.31027066707611084 -0.04320394992828369
v -0.14493250846862793 -0.3126886785030365 -0.045675426721572876
v -0.15488141775131226 -0.2999267280101776 -0.04629926383495331
v -0.12678955495357513 -0.3624027967453003 -0.04787525534629822
v -0.1279434710741043 -0.3469657897949219 -0.049044884741306305
v -0.1640811711549759 -0.29404908418655396 -0.04913049936294556
v -0.1256610006093979 -0.3824121356010437 -0.045665547251701355
v -0.17545078694820404 -0.3114684224128723 -0.0915488451719284
v -0.1780514270067215 -0.3337748050689697 -0.0862804502248764
v -0.17895878851413727 -0.3402722477912903 -0.08107553422451019
v -0.11559230834245682 -0.23970696330070496 -0.1698482632637024
v -0.12983888387680054 -0.29702532291412354 -0.12653395533561707
v -0.13052760064601898 -0.3171335756778717 -0.09311144053936005
v -0.12429417669773102 -0.31429004669189453 -0.08529481291770935
v -0.16043053567409515 -0.308891236782074 -0.04225468635559082
v -0.15851446986198425 -0.3198886215686798 -0.03888937830924988
v -0.1506466269493103 -0.3219676613807678 -0.03999628126621246
v -0.13700050115585327 -0.3496103286743164 -0.08699481189250946
v -0.12878364324569702 -0.34787631034851074 -0.07942885160446167
v -0.09211280941963196 -0.2203747034072876 -0.1354777216911316
v -0.12832719087600708 -0.34073930978775024 -0.08114469051361084
v -0.1726755052804947 -0.3024371266365051 -0.1016494631767273
v -0.03419718146324158 -0.5760940909385681 0.021067531779408455
v -0.10296564549207687 -0.4013316333293915 -0.035869013518095016
v -0.07249052077531815 -0.37909552454948425 -0.04809613153338432
v -0.08149790018796921 -0.3829716444015503 -0.041818417608737946
v -0.11972435563802719 -0.4439619779586792 -0.03939153254032135
v -0.1210411787033081 -0.4531666040420532 -0.038744326680898666
v -0.12718692421913147 -0.47433242201805115 -0.03439965844154358
v -0.12979473173618317 -0.48202115297317505 -0.03242534026503563
v -0.11437393724918365 -0.4246079623699188 -0.05305926874279976
v -0.10813415050506592 -0.7612549066543579 -0.06924086064100266
v -0.10484008491039276 -0.7556501030921936 -0.06745848804712296
v -0.11282321065664291 -0.7727173566818237 -0.0693097710609436
v -0.013466326519846916 -0.25229814648628235 -0.07072199136018753
v -0.10530304908752441 -0.7493785619735718 -0.0785747766494751
v -0.10173220932483673 -0.7426488399505615 -0.07630890607833862
v -0.10665994882583618 -0.7453280687332153 -0.07752075791358948
v -0.10507547110319138 -0.7504301071166992 -0.08004632592201233
v -0.10530272126197815 -0.7512511014938354 -0.08062905073165894
v -0.11536203324794769 -0.7733429670333862 -0.078473761677742
v -0.1012236475944519 -0.7487064003944397 -0.0667712539434433
v -0.09822145104408264 -0.7403514385223389 -0.06778010725975037
v -0.11183004826307297 -0.7607752084732056 -0.0832090824842453
v -0.03641878813505173 -0.27609530091285706 0.07484838366508484
v -0.018109023571014404 -0.2763657867908478 0.07771994918584824
v -0.020591067150235176 -0.2612383961677551 0.08641105890274048
v -0.04106978327035904 -0.2604005038738251 0.0841083973646164
v -0.023131519556045532 -0.2436242252588272 0.09500822424888611
v -0.12594878673553467 -0.20560014247894287 0.07980351895093918
v -0.1386284977197647 -0.20784175395965576 0.06108279526233673
v -0.13210409879684448 -0.22798901796340942 0.0562705472111702
v -0.11983996629714966 -0.22732359170913696 0.07303156703710556
v -0.13164852559566498 -0.2402733564376831 0.032755330204963684
v -0.12224188446998596 -0.2435043752193451 0.05053013563156128
v -0.13999052345752716 -0.22658763825893402 0.035849861800670624
v -0.14215505123138428 -0.22116008400917053 0.015994403511285782
v -0.13486826419830322 -0.23495662212371826 0.014109959825873375
v -0.13938549160957336 -0.21360044181346893 -0.0013930965214967728
v -0.13407675921916962 -0.22841893136501312 -0.0032041817903518677
v -0.13305217027664185 -0.20556852221488953 -0.01585099659860134
v -0.12246288359165192 -0.1990053802728653 -0.03034338355064392
v -0.1084408313035965 -0.1765703707933426 -0.043731991201639175
v -0.0847768560051918 -0.18563728034496307 -0.04990516975522041
v -0.10501760244369507 -0.19276155531406403 -0.04175320267677307
v -0.04658977687358856 -0.17526105046272278 -0.05983317270874977
v -0.06499023735523224 -0.17898976802825928 -0.05558246374130249
v -0.015540173277258873 -0.1730569303035736 -0.06731263548135757
v -0.03002028539776802 -0.17324063181877136 -0.06433813273906708
v -0.09289394319057465 -0.5449833273887634 -0.08260441571474075
v -0.10257541388273239 -0.6134325265884399 -0.02033570595085621
v -0.11250512301921844 -0.6086141467094421 -0.01995043456554413
v -0.1193784847855568 -0.6053763031959534 -0.035704419016838074
v -0.1252235621213913 -0.5791664123535156 0.014806882478296757
v -0.13071218132972717 -0.5893545150756836 0.002617030404508114
v -0.11133645474910736 -0.5901375412940979 0.01300894282758236
v -0.10805462300777435 -0.5795149207115173 0.022154392674565315
v -0.09298595041036606 -0.6136153340339661 -0.008989035151898861
v -0.08722562342882156 -0.6173425912857056 -0.010468307882547379
v -0.10010871291160583 -0.6096856594085693 -0.006384687963873148
v -0.06924661993980408 -0.6064223647117615 0.008005300536751747
v -0.08576633781194687 -0.6090361475944519 0.0031027370132505894
v -0.1549799144268036 -0.5876188278198242 -0.04507432132959366
v -0.1554735153913498 -0.5871084928512573 -0.027497880160808563
v -0.16356554627418518 -0.579963743686676 -0.03234049305319786
v -0.16359099745750427 -0.5800666213035583 -0.05031074583530426
v -0.14271533489227295 -0.5603195428848267 0.008381014689803123
v -0.13821832835674286 -0.5496549606323242 0.01546991802752018
v -0.1455385982990265 -0.5458647012710571 0.009511927142739296
v -0.1501166969537735 -0.5553497672080994 0.002308189868927002
v -0.17747341096401215 -0.5442525148391724 -0.06280332058668137
v -0.18018949031829834 -0.5472023487091064 -0.047312814742326736
v -0.18350733816623688 -0.532301127910614 -0.05078035220503807
v -0.17962980270385742 -0.5288190841674805 -0.06435312330722809
v -0.15506406128406525 -0.5641740560531616 -0.00648808479309082
v -0.08652690798044205 -0.4936339259147644 0.05952901393175125
v -0.10267457365989685 -0.4979892373085022 0.05269454047083855
v -0.11573711782693863 -0.5005752444267273 0.044202160090208054
v -0.13599035143852234 -0.5055092573165894 0.01947680115699768
v -0.1327907294034958 -0.5043639540672302 0.024307813495397568
v -0.1318238377571106 -0.4932890236377716 0.0211199838668108
v -0.1407334953546524 -0.5066560506820679 0.016409562900662422
v -0.14705270528793335 -0.5037294030189514 0.012062601745128632
v -0.12874136865139008 -0.4941954016685486 -0.06805980205535889
v -0.12609367072582245 -0.5009577870368958 -0.07201603055000305
v -0.1380229890346527 -0.5143491625785828 -0.07702779024839401
v -0.15252149105072021 -0.4921826720237732 -0.0010549947619438171
v -0.14988777041435242 -0.4976979196071625 0.004237804561853409
v -0.1476762890815735 -0.4932236969470978 0.0027494430541992188
v -0.15014693140983582 -0.4889841675758362 -0.0019112415611743927
v -0.1464887261390686 -0.5946071147918701 -0.0408896878361702
v -0.18172471225261688 -0.5309151411056519 -0.03859734907746315
v -0.17743366956710815 -0.5443746447563171 -0.03422274440526962
v -0.17367982864379883 -0.53914874792099 -0.023896977305412292
v -0.17857755720615387 -0.5266345739364624 -0.028927858918905258
v -0.17474627494812012 -0.523624062538147 -0.02022130787372589
v -0.1699274182319641 -0.5343431830406189 -0.014683715999126434
v -0.16610629856586456 -0.5290064811706543 -0.006615128368139267
v -0.1712176650762558 -0.5199252963066101 -0.012546218931674957
v -0.15599527955055237 -0.49564850330352783 -0.0011545754969120026
v -0.15194058418273926 -0.5030726194381714 0.005165677517652512
v -0.1677669882774353 -0.506651759147644 -0.07463967800140381
v -0.1615850031375885 -0.5627630352973938 -0.07120160013437271
v -0.14780627191066742 -0.550075352191925 -0.08004183322191238
v -0.14374156296253204 -0.5593889355659485 -0.07747147977352142
v -0.15598627924919128 -0.572601318359375 -0.06654112786054611
v -0.13455024361610413 -0.4742867648601532 -0.023454342037439346
v -0.1320648491382599 -0.475896418094635 -0.03138970583677292
v -0.13615594804286957 -0.4728453457355499 -0.016400448977947235
v -0.14175650477409363 -0.48549702763557434 -0.0027304552495479584
v -0.13790848851203918 -0.4727124273777008 -0.010610807687044144
v -0.12303151190280914 -0.4789612591266632 -0.05724826827645302
v -0.12937581539154053 -0.48438090085983276 -0.06664246320724487
v -0.13396595418453217 -0.5338907241821289 -0.07934361696243286
v -0.13080303370952606 -0.5427991151809692 -0.0790490210056305
v -0.17999760806560516 -0.5125730633735657 -0.06567075848579407
v -0.1852446049451828 -0.5158828496932983 -0.05353182926774025
v -0.15593579411506653 -0.48293834924697876 -0.005051858723163605
v -0.15249496698379517 -0.4804784655570984 -0.005282830446958542
v -0.15522415935993195 -0.4716360569000244 -0.008824117481708527
v -0.13921689987182617 -0.4844239354133606 0.00433177687227726
v -0.14507707953453064 -0.4896056354045868 0.0010289549827575684
v -0.16956105828285217 -0.5705522894859314 -0.054461490362882614
v -0.18436607718467712 -0.5159300565719604 -0.041848599910736084
v -0.18148282170295715 -0.5132629871368408 -0.032257601618766785
v -0.1639288067817688 -0.5430698990821838 -0.008692363277077675
v -0.16793055832386017 -0.5496915578842163 -0.01810888573527336
v -0.16169250011444092 -0.5578226447105408 -0.012517757713794708
v -0.15742965042591095 -0.549782395362854 -0.0029587186872959137
v -0.17519961297512054 -0.5094666481018066 -0.017564766108989716
v -0.17130793631076813 -0.5024769902229309 -0.012810621410608292
v -0.15372121334075928 -0.5411170125007629 0.004660803824663162
v -0.16046087443828583 -0.5357252359390259 -0.0005664248019456863
v -0.1597643792629242 -0.4858566224575043 -0.005630217492580414
v -0.12721087038516998 -0.5498568415641785 -0.07700251042842865
v -0.11675164848566055 -0.5328519344329834 -0.07999714463949203
v -0.11133105307817459 -0.5384299755096436 -0.0817340612411499
v -0.12255372107028961 -0.517169177532196 -0.07750914245843887
v -0.11993621289730072 -0.5258479118347168 -0.07806519418954849
v -0.12413540482521057 -0.5076667070388794 -0.07584516704082489
v -0.10289149731397629 -0.5416943430900574 -0.08361130952835083
v -0.16229881346225739 -0.3000645339488983 -0.04556189477443695
v -0.15158246457576752 -0.469072163105011 -0.00928507000207901
v -0.15496309101581573 -0.45835649967193604 -0.01202390342950821
v -0.1583700329065323 -0.46219396591186523 -0.01250891387462616
v -0.17400841414928436 -0.41789939999580383 -0.028867661952972412
v -0.04995526373386383 -0.681667685508728 -0.17617067694664001
v -0.05059845373034477 -0.6861617565155029 -0.18015815317630768
v -0.05353889986872673 -0.7030897736549377 -0.18530263006687164
v -0.053995050489902496 -0.7060835957527161 -0.18540284037590027
v -0.17784877121448517 -0.30990028381347656 -0.06612102687358856
v -0.1768309772014618 -0.30423808097839355 -0.07009740173816681
v -0.16653895378112793 -0.27526330947875977 -0.10008710622787476
v -0.1593485325574875 -0.2735148072242737 -0.12125453352928162
v -0.16692236065864563 -0.28430360555648804 -0.10837456583976746
v -0.14817169308662415 -0.3054984211921692 -0.12277153134346008
v -0.1381942480802536 -0.30876094102859497 -0.11704128980636597
v -0.12008890509605408 -0.30187976360321045 -0.09154632687568665
v -0.1411641240119934 -0.26603424549102783 -0.0762852132320404
v -0.08819445967674255 -0.22921878099441528 -0.18927434086799622
v -0.09537269175052643 -0.22277089953422546 -0.1902640163898468
v -0.0853002518415451 -0.21483734250068665 -0.20070955157279968
v -0.07798495143651962 -0.22056326270103455 -0.1986190378665924
v -0.0682339295744896 -0.2126104235649109 -0.20804402232170105
v -0.061960674822330475 -0.2121656835079193 -0.20249810814857483
v -0.07143797725439072 -0.221284419298172 -0.19406715035438538
v -0.059291623532772064 -0.20813456177711487 -0.19645947217941284
v -0.06790044903755188 -0.2180383801460266 -0.1881125569343567
v -0.058587439358234406 -0.2026793360710144 -0.19097691774368286
v -0.0584484338760376 -0.19721224904060364 -0.18720224499702454
v -0.0661616101861 -0.2075989842414856 -0.17844560742378235
v -0.06675021350383759 -0.21324467658996582 -0.1825588047504425
v -0.07394670695066452 -0.21258673071861267 -0.1646314561367035
v -0.06690356135368347 -0.20129716396331787 -0.17533355951309204
v -0.06897100061178207 -0.19524341821670532 -0.17277804017066956
v -0.07532167434692383 -0.2055751085281372 -0.16109824180603027
v -0.07231637090444565 -0.17733627557754517 -0.1827370822429657
v -0.07792612910270691 -0.1756613850593567 -0.18569189310073853
v -0.08508165925741196 -0.18402400612831116 -0.17449837923049927
v -0.07889822125434875 -0.1856430470943451 -0.17146426439285278
v -0.10277491807937622 -0.1953352391719818 -0.17369809746742249
v -0.09803946316242218 -0.19309788942337036 -0.16723859310150146
v -0.09084673225879669 -0.18438664078712463 -0.17945969104766846
v -0.09551261365413666 -0.18661120533943176 -0.18550649285316467
v -0.08991503715515137 -0.1783304214477539 -0.19672709703445435
v -0.09054594486951828 -0.18400338292121887 -0.20241430401802063
v -0.09706538915634155 -0.19123640656471252 -0.19091975688934326
v -0.10871093720197678 -0.24664464592933655 -0.17036795616149902
v -0.09840906411409378 -0.23778334259986877 -0.17993080615997314
v -0.0911654606461525 -0.24084699153900146 -0.17579254508018494
v -0.07471610605716705 -0.22460776567459106 -0.17336443066596985
v -0.0830928310751915 -0.2361084520816803 -0.16395923495292664
v -0.0862405002117157 -0.23994866013526917 -0.16997498273849487
v -0.07708718627691269 -0.22898566722869873 -0.17914468050003052
v -0.08824149519205093 -0.22784456610679626 -0.138295978307724
v -0.08100676536560059 -0.22401908040046692 -0.15380114316940308
v -0.08200017362833023 -0.21657079458236694 -0.14967510104179382
v -0.07402575016021729 -0.2189643681049347 -0.1687566637992859
v -0.0816669836640358 -0.23053854703903198 -0.15856745839118958
v -0.0792003720998764 -0.1992039680480957 -0.15893667936325073
v -0.07297888398170471 -0.18968090415000916 -0.17095184326171875
v -0.10046106576919556 -0.21431249380111694 -0.18835118412971497
v -0.10397298634052277 -0.20652112364768982 -0.18491867184638977
v -0.09512960910797119 -0.1984226107597351 -0.1957215964794159
v -0.09110724925994873 -0.20651209354400635 -0.19904720783233643
v -0.0857052206993103 -0.2098010778427124 -0.14725950360298157
v -0.1132785901427269 -0.215290367603302 -0.17391055822372437
v -0.11025334149599075 -0.22288581728935242 -0.17760559916496277
v -0.10475502908229828 -0.19977474212646484 -0.17979982495307922
v -0.11351092904806137 -0.20858997106552124 -0.16834890842437744
v -0.08230982720851898 -0.19954213500022888 -0.20964539051055908
v -0.07576446980237961 -0.20766791701316833 -0.21082669496536255
v -0.10520340502262115 -0.23092296719551086 -0.18038728833198547
v -0.08536110073328018 -0.19499924778938293 -0.15927404165267944
v -0.09212829917669296 -0.19276782870292664 -0.1621277928352356
v -0.09902740269899368 -0.20217809081077576 -0.15011978149414062
v -0.09201808273792267 -0.20485946536064148 -0.14753925800323486
v -0.118568554520607 -0.2133750021457672 -0.1495538055896759
v -0.10491444170475006 -0.20224681496620178 -0.15551996231079102
v -0.1102047711610794 -0.20423167943954468 -0.16187050938606262
v -0.08426620066165924 -0.17573216557502747 -0.19045135378837585
v -0.12272437661886215 -0.21772903203964233 -0.1562369167804718
v -0.027943871915340424 -0.16148680448532104 -0.2392248809337616
v -0.028367184102535248 -0.1659095585346222 -0.23239630460739136
v -0.02150724083185196 -0.16969409584999084 -0.23727446794509888
v -0.021969005465507507 -0.16529861092567444 -0.24385640025138855
v -0.019624851644039154 -0.18106767535209656 -0.22285312414169312
v -0.021595701575279236 -0.19037848711013794 -0.2216578722000122
v -0.015042029321193695 -0.19046950340270996 -0.23046481609344482
v -0.013496845960617065 -0.18315574526786804 -0.23144522309303284
v -0.01841679960489273 -0.16956555843353271 -0.24879488348960876
v -0.017074398696422577 -0.17315247654914856 -0.24212470650672913
v -0.018828347325325012 -0.17418447136878967 -0.2513699531555176
v -0.020717903971672058 -0.17070192098617554 -0.25919610261917114
v -0.01815575361251831 -0.16685903072357178 -0.25545889139175415
v -0.02035684883594513 -0.1675434708595276 -0.26540690660476685
v -0.03017815202474594 -0.17384979128837585 -0.2599124312400818
v -0.02810569852590561 -0.16711315512657166 -0.2675219178199768
v -0.04840143024921417 -0.16287007927894592 -0.2563364803791046
v -0.05376123636960983 -0.15716972947120667 -0.25258922576904297
v -0.048135317862033844 -0.15018698573112488 -0.2606390416622162
v -0.042035721242427826 -0.15633872151374817 -0.26394885778427124
v -0.054854437708854675 -0.1404980719089508 -0.24830734729766846
v -0.051216334104537964 -0.14481765031814575 -0.25510480999946594
v -0.056930333375930786 -0.15273544192314148 -0.2477734088897705
v -0.059921979904174805 -0.1484929323196411 -0.24202033877372742
v -0.03715275973081589 -0.15545260906219482 -0.23292005062103271
v -0.03920172154903412 -0.1590668261051178 -0.22574561834335327
v -0.03555630147457123 -0.1621062159538269 -0.22842341661453247
v -0.03405211120843887 -0.1581200659275055 -0.23524880409240723
v -0.016545750200748444 -0.18072491884231567 -0.25313276052474976
v -0.025573894381523132 -0.1809488832950592 -0.25303179025650024
v -0.02238144725561142 -0.17690658569335938 -0.25468531250953674
v -0.014684408903121948 -0.1785925328731537 -0.25221261382102966
v -0.04597633332014084 -0.1621907353401184 -0.2045285701751709
v -0.05014941841363907 -0.16880330443382263 -0.19827476143836975
v -0.04696674644947052 -0.17408576607704163 -0.20073777437210083
v -0.0437394380569458 -0.1671702265739441 -0.20607247948646545
v -0.033794939517974854 -0.18837511539459229 -0.20873615145683289
v -0.040148183703422546 -0.1865919530391693 -0.20490404963493347
v -0.04370448738336563 -0.1972426474094391 -0.2080363631248474
v -0.03856753557920456 -0.19719922542572021 -0.2136557400226593
v -0.027738139033317566 -0.1895710527896881 -0.2142685055732727
v -0.03359776735305786 -0.19736085832118988 -0.21901169419288635
v -0.02731175720691681 -0.1960614174604416 -0.2259325385093689
v -0.019384488463401794 -0.19484202563762665 -0.2342006266117096
v -0.056149162352085114 -0.16259479522705078 -0.19652366638183594
v -0.053763456642627716 -0.15645933151245117 -0.19983243942260742
v -0.0007172077894210815 -0.1406671404838562 -0.29064783453941345
v -0.0011090189218521118 -0.13653287291526794 -0.2886928915977478
v -0.0030635297298431396 -0.13946539163589478 -0.28569334745407104
v -0.0026707351207733154 -0.14362305402755737 -0.2875910997390747
v -0.06832138448953629 -0.15453290939331055 -0.2061138153076172
v -0.07252751290798187 -0.1572909653186798 -0.21242231130599976
v -0.07385463267564774 -0.16010189056396484 -0.2072860598564148
v -0.06881821155548096 -0.15817207098007202 -0.20135429501533508
v -0.06715654581785202 -0.1491946280002594 -0.21103715896606445
v -0.07074514031410217 -0.1532382369041443 -0.21832609176635742
v -0.007582038640975952 -0.14204156398773193 -0.2985900640487671
v -0.004290789365768433 -0.1436942219734192 -0.2963235378265381
v -0.007010608911514282 -0.14635643362998962 -0.2933587431907654
v -0.010601386427879333 -0.14455166459083557 -0.2954368591308594
v -0.0202111154794693 -0.1620931625366211 -0.2502899765968323
v -0.025608889758586884 -0.15803653001785278 -0.24577739834785461
v -0.014943942427635193 -0.15302929282188416 -0.26138758659362793
v -0.021185003221035004 -0.1544337272644043 -0.2529389262199402
v -0.016992852091789246 -0.16019406914710999 -0.25666356086730957
v -0.013919815421104431 -0.15829414129257202 -0.2629798650741577
v -0.03229978680610657 -0.1449415385723114 -0.24402523040771484
v -0.036171555519104004 -0.1495532989501953 -0.23786526918411255
v -0.03220000118017197 -0.15229958295822144 -0.24195098876953125
v -0.02790559083223343 -0.14791566133499146 -0.24826881289482117
v -0.03888344019651413 -0.14261680841445923 -0.23135286569595337
v -0.035927727818489075 -0.13786637783050537 -0.23748371005058289
v -0.03718208521604538 -0.1338297426700592 -0.2337569296360016
v -0.039625681936740875 -0.13855183124542236 -0.22858452796936035
v -0.02820432186126709 -0.1323632299900055 -0.2519810199737549
v -0.02678947150707245 -0.12838825583457947 -0.2583225965499878
v -0.029171109199523926 -0.12571120262145996 -0.25608575344085693
v -0.030103713274002075 -0.12922903895378113 -0.24946379661560059
v -0.07569551467895508 -0.16253113746643066 -0.20332956314086914
v -0.07039297372102737 -0.16198790073394775 -0.19747835397720337
v -0.0586223229765892 -0.13145366311073303 -0.23435109853744507
v -0.057501181960105896 -0.12890610098838806 -0.22668132185935974
v -0.05401739478111267 -0.12157905101776123 -0.23031839728355408
v -0.055499814450740814 -0.12469109892845154 -0.23814290761947632
v -0.0739097073674202 -0.16205009818077087 -0.21933987736701965
v -0.07640819251537323 -0.16489145159721375 -0.21442624926567078
v -0.010678127408027649 -0.13839715719223022 -0.29919448494911194
v -0.01381269097328186 -0.14095225930213928 -0.2960911989212036
v -0.03444328159093857 -0.19640322029590607 -0.2311452329158783
v -0.025006987154483795 -0.19521848857402802 -0.23918992280960083
v -0.041466303169727325 -0.19772584736347198 -0.22454401850700378
v -0.04591219127178192 -0.1988978087902069 -0.21984082460403442
v -0.04989957809448242 -0.20162883400917053 -0.2150324285030365
v -0.021171286702156067 -0.14928117394447327 -0.2549628019332886
v -0.031255871057510376 -0.1557709276676178 -0.24077600240707397
v -0.03876873850822449 -0.15351539850234985 -0.23061636090278625
v -0.04540973901748657 -0.13576608896255493 -0.21684005856513977
v -0.04802809655666351 -0.13952410221099854 -0.21224480867385864
v -0.04311706870794296 -0.1441504955291748 -0.21687841415405273
v -0.04242611676454544 -0.139664888381958 -0.22071033716201782
v -0.05270438641309738 -0.12739840149879456 -0.22087788581848145
v -0.04705306142568588 -0.1284102499485016 -0.22044327855110168
v -0.04430334270000458 -0.12327316403388977 -0.22505471110343933
v -0.04943469166755676 -0.12124818563461304 -0.22522351145744324
v -0.017180293798446655 -0.1843550205230713 -0.2543509304523468
v -0.026252135634422302 -0.18617525696754456 -0.2506736218929291
v -0.06202549487352371 -0.1535915732383728 -0.20088469982147217
v -0.06277217715978622 -0.15892082452774048 -0.19743114709854126
v -0.06427180767059326 -0.1641799509525299 -0.19432896375656128
v -0.04144398123025894 -0.16264647245407104 -0.2153300642967224
v -0.04226325452327728 -0.17004674673080444 -0.2069796323776245
v -0.03890717029571533 -0.17291712760925293 -0.20833584666252136
v -0.03964754939079285 -0.16462138295173645 -0.21716386079788208
v -0.02720268815755844 -0.17063161730766296 -0.2235812246799469
v -0.02673833817243576 -0.1784263551235199 -0.21562981605529785
v -0.019952930510044098 -0.17405277490615845 -0.22968393564224243
v -0.04413619637489319 -0.1790410280227661 -0.20203116536140442
v -0.050766721367836 -0.17932704091072083 -0.19677913188934326
v -0.04797627031803131 -0.18483886122703552 -0.19877281785011292
v -0.054471030831336975 -0.17359599471092224 -0.1948941946029663
v -0.058934397995471954 -0.16811037063598633 -0.19364431500434875
v -0.05457372963428497 -0.18370288610458374 -0.19188296794891357
v -0.05229280889034271 -0.1895049810409546 -0.19392210245132446
v -0.058531761169433594 -0.17809617519378662 -0.19075900316238403
v -0.06249392777681351 -0.17341718077659607 -0.18986788392066956
v -0.08501451462507248 -0.17274188995361328 -0.2044050395488739
v -0.08022221177816391 -0.1684378981590271 -0.19798624515533447
v -0.0797320082783699 -0.1679219901561737 -0.20961225032806396
v -0.0507093220949173 -0.20161369442939758 -0.20297014713287354
v -0.045754723250865936 -0.1910143792629242 -0.2021263837814331
v -0.051333919167518616 -0.19498643279075623 -0.19779986143112183
v -0.054483167827129364 -0.20594671368598938 -0.20946964621543884
v -0.009517118334770203 -0.18383491039276123 -0.23712489008903503
v -0.005264580249786377 -0.18356096744537354 -0.24202904105186462
v -0.006979204714298248 -0.1788678765296936 -0.24457654356956482
v -0.011499576270580292 -0.17913386225700378 -0.24088826775550842
v -0.019177719950675964 -0.1635252833366394 -0.27091801166534424
v -0.014835327863693237 -0.16238847374916077 -0.26694872975349426
v -0.01660541445016861 -0.16505441069602966 -0.2611466944217682
v -0.04534776508808136 -0.1544405221939087 -0.20818904042243958
v -0.05216614156961441 -0.1495215892791748 -0.20366594195365906
v -0.01606115698814392 -0.14843693375587463 -0.26169687509536743
v -0.01370246708393097 -0.14784222841262817 -0.2913777530193329
v -0.009705081582069397 -0.1495996117591858 -0.2893145978450775
v -0.01411406695842743 -0.15557652711868286 -0.2813781201839447
v -0.018611162900924683 -0.15350914001464844 -0.2840457558631897
v -0.0169048011302948 -0.14297258853912354 -0.26848360896110535
v -0.0140046626329422 -0.14695203304290771 -0.26702797412872314
v -0.011172980070114136 -0.14376342296600342 -0.2722088396549225
v -0.014695689082145691 -0.1404314935207367 -0.2744542062282562
v -0.03139925003051758 -0.12275215983390808 -0.25090670585632324
v -0.03206451237201691 -0.1255377233028412 -0.24548649787902832
v -0.033610910177230835 -0.1486489474773407 -0.26949137449264526
v -0.031415730714797974 -0.15703478455543518 -0.27283433079719543
v -0.03658996522426605 -0.16325643658638 -0.2668537199497223
v -0.034640468657016754 -0.1413196623325348 -0.24061760306358337
v -0.031170979142189026 -0.13670983910560608 -0.2462109923362732
v -0.032687000930309296 -0.1332828402519226 -0.24347403645515442
v -0.021004483103752136 -0.1464816927909851 -0.2565126121044159
v -0.018079951405525208 -0.14510101079940796 -0.26152944564819336
v -0.02157469093799591 -0.14232590794563293 -0.2583063542842865
v -0.024584606289863586 -0.14475268125534058 -0.25289177894592285
v -0.061543673276901245 -0.13658609986305237 -0.22213926911354065
v -0.05527520179748535 -0.1341240406036377 -0.21460872888565063
v -0.0019846111536026 -0.1431388258934021 -0.29342761635780334
v -0.004152864217758179 -0.1460391879081726 -0.2905290722846985
v -0.07308612763881683 -0.16779503226280212 -0.19267535209655762
v -0.06703914701938629 -0.16986915469169617 -0.19037890434265137
v -0.03789858520030975 -0.14653366804122925 -0.23452427983283997
v -0.04166703671216965 -0.16938331723213196 -0.259013295173645
v -0.03989019989967346 -0.15118810534477234 -0.22785523533821106
v -0.04598870873451233 -0.1246359646320343 -0.250519335269928
v -0.04379405081272125 -0.12142154574394226 -0.2459941804409027
v -0.04011842608451843 -0.11926713585853577 -0.2508234679698944
v -0.0435907244682312 -0.12100934982299805 -0.2546662390232086
v -0.011650919914245605 -0.1356598436832428 -0.2827182412147522
v -0.007490530610084534 -0.13871899247169495 -0.28093719482421875
v -0.005743175745010376 -0.13528406620025635 -0.28571367263793945
v -0.00969696044921875 -0.13258662819862366 -0.28745222091674805
v -0.012635499238967896 -0.15133506059646606 -0.2668236792087555
v -0.012055471539497375 -0.155877023935318 -0.2683197557926178
v -0.009061828255653381 -0.15224426984786987 -0.27432072162628174
v -0.009328007698059082 -0.14793270826339722 -0.2723104953765869
v -0.013638406991958618 -0.15886622667312622 -0.27194371819496155
v -0.010829120874404907 -0.15509459376335144 -0.2778575122356415
v -0.016129299998283386 -0.13527676463127136 -0.2863606810569763
v -0.01842936873435974 -0.13894924521446228 -0.2900266647338867
v -0.023106500506401062 -0.14382493495941162 -0.282328337430954
v -0.01946716010570526 -0.1400381326675415 -0.27873918414115906
v -0.06439323723316193 -0.15597566962242126 -0.23540154099464417
v -0.06663239747285843 -0.1514570415019989 -0.23013189435005188
v -0.061904244124889374 -0.14342379570007324 -0.23585245013237
v -0.056851089000701904 -0.13542070984840393 -0.24107015132904053
v -0.0506533682346344 -0.1283162534236908 -0.24518772959709167
v -0.04964694380760193 -0.13343355059623718 -0.253791868686676
v -0.06296316534280777 -0.1398630142211914 -0.2300117015838623
v -0.02526251971721649 -0.14142072200775146 -0.27019959688186646
v -0.026390954852104187 -0.14648908376693726 -0.27459830045700073
v -0.029790788888931274 -0.14192631840705872 -0.2719278931617737
v -0.04106414318084717 -0.14687633514404297 -0.2239532172679901
v -0.006562128663063049 -0.1493750810623169 -0.28639650344848633
v -0.05974883586168289 -0.1927497386932373 -0.22837921977043152
v -0.06693029403686523 -0.18577536940574646 -0.22846466302871704
v -0.06305760145187378 -0.18044495582580566 -0.23385781049728394
v -0.05583362281322479 -0.18920224905014038 -0.23332557082176208
v -0.005151048302650452 -0.1426830291748047 -0.28109052777290344
v -0.0046149492263793945 -0.14670222997665405 -0.2831393778324127
v -0.03479929268360138 -0.12160682678222656 -0.24324959516525269
v -0.03394448757171631 -0.11985993385314941 -0.24849987030029297
v -0.03664800524711609 -0.11765658855438232 -0.24819934368133545
v -0.0383220911026001 -0.11859706044197083 -0.24378949403762817
v -0.0674389898777008 -0.1476222574710846 -0.22467824816703796
v -0.051334768533706665 -0.11664313077926636 -0.23324114084243774
v -0.053947173058986664 -0.11994767189025879 -0.24042102694511414
v -0.07087352871894836 -0.1579715609550476 -0.22449806332588196
v -0.06859929114580154 -0.16292458772659302 -0.22974207997322083
v -0.07187474519014359 -0.16833806037902832 -0.2253047227859497
v -0.04309186339378357 -0.13658788800239563 -0.2617592513561249
v -0.06175105273723602 -0.16006559133529663 -0.24035125970840454
v -0.06599705666303635 -0.16698840260505676 -0.23391124606132507
v -0.06904414296150208 -0.17374393343925476 -0.22948983311653137
v -0.07192656397819519 -0.17856544256210327 -0.22545751929283142
v -0.07491617649793625 -0.17222577333450317 -0.22129663825035095
v -0.017128393054008484 -0.14401531219482422 -0.2920227646827698
v -0.015184551477432251 -0.13604798913002014 -0.2943045496940613
v -0.07897838205099106 -0.17605751752853394 -0.21636506915092468
v -0.08466324955224991 -0.1797645390033722 -0.21081137657165527
v -0.08081827312707901 -0.18675124645233154 -0.21426767110824585
v -0.07613818347454071 -0.18266290426254272 -0.22025319933891296
v -0.062195830047130585 -0.17164885997772217 -0.23816901445388794
v -0.05765359848737717 -0.17642658948898315 -0.24105706810951233
v -0.05841599404811859 -0.16419824957847595 -0.24476394057273865
v -0.05343528836965561 -0.16916745901107788 -0.24835872650146484
v -0.04137200117111206 -0.1434864103794098 -0.2669767439365387
v -0.006838411092758179 -0.12701725959777832 -0.29961010813713074
v -0.01055765151977539 -0.13045993447303772 -0.29446178674697876
v -0.007586166262626648 -0.12971261143684387 -0.2912023067474365
v -0.004507705569267273 -0.12601658701896667 -0.29672008752822876
v -0.013400688767433167 -0.1327618956565857 -0.29071852564811707
v -0.012049734592437744 -0.1336337924003601 -0.29761946201324463
v -0.04634477198123932 -0.17571616172790527 -0.2506837546825409
v -0.020442098379135132 -0.1398930549621582 -0.26460006833076477
v -0.04932478070259094 -0.1847480833530426 -0.24126899242401123
v -0.036406010389328 -0.18009215593338013 -0.25347989797592163
v -0.03747716546058655 -0.18690183758735657 -0.2469809651374817
v -0.04873522371053696 -0.19539785385131836 -0.22996416687965393
v -0.042475953698158264 -0.1939489096403122 -0.23574340343475342
v -0.05665174871683121 -0.2010517418384552 -0.2204287052154541
v -0.052740685641765594 -0.19759047031402588 -0.22497713565826416
v -0.06123426556587219 -0.2056986391544342 -0.21494540572166443
v -0.0322648286819458 -0.19282007217407227 -0.2430429756641388
v 0.0027041733264923096 -0.1362794041633606 -0.2947372496128082
v 0.001683160662651062 -0.13203558325767517 -0.29285627603530884
v -0.06373405456542969 -0.1965380609035492 -0.22360607981681824
v -0.06849697977304459 -0.20154863595962524 -0.2182362675666809
v -0.014750495553016663 -0.17710161209106445 -0.23613208532333374
v -0.04219941794872284 -0.15268823504447937 -0.2181273102760315
v -0.04134459048509598 -0.1556212604045868 -0.22130897641181946
v -0.05019134283065796 -0.14355120062828064 -0.2080705463886261
v -0.0439562126994133 -0.14860859513282776 -0.21295905113220215
v -0.07558872550725937 -0.1944839060306549 -0.21750417351722717
v -0.05976448208093643 -0.19120976328849792 -0.1847672462463379
v -0.06338022649288177 -0.18582135438919067 -0.1831260323524475
v -0.08741256594657898 -0.19114723801612854 -0.2062959372997284
v 0.0017281174659729004 -0.13887783885002136 -0.29763665795326233
v -0.029936254024505615 -0.12686681747436523 -0.2624756395816803
v -0.031580373644828796 -0.12645366787910461 -0.2615450322628021
v -0.01008789986371994 -0.19014008343219757 -0.23683786392211914
v -0.0056838467717170715 -0.1886250078678131 -0.24284666776657104
v -0.011287227272987366 -0.1911366730928421 -0.2500516176223755
v -0.007939435541629791 -0.19078032672405243 -0.2460935413837433
v -0.013315834105014801 -0.19342902302742004 -0.24048981070518494
v -0.017770200967788696 -0.1936936229467392 -0.24494266510009766
v -0.0422980859875679 -0.16086959838867188 -0.21390262246131897
v -0.04331173002719879 -0.15798205137252808 -0.21204233169555664
v -0.06473219394683838 -0.14332827925682068 -0.21661224961280823
v -0.05885098874568939 -0.14081275463104248 -0.20978254079818726
v -0.017372876405715942 -0.15951299667358398 -0.27538272738456726
v -0.025297105312347412 -0.16151496767997742 -0.27295470237731934
v -0.022446170449256897 -0.15733936429023743 -0.27771276235580444
v -0.022480547428131104 -0.1493949592113495 -0.28434017300605774
v -0.021835193037986755 -0.1406162679195404 -0.26923713088035583
v -0.02105553448200226 -0.1424117088317871 -0.27275708317756653
v -0.03357429802417755 -0.17568093538284302 -0.2110685408115387
v -0.03480774909257889 -0.16737309098243713 -0.21982717514038086
v -0.014705829322338104 -0.17630788683891296 -0.24547603726387024
v -0.011838577687740326 -0.17734748125076294 -0.2488372027873993
v -0.02850942313671112 -0.1411237120628357 -0.24910125136375427
v -0.0373925119638443 -0.13292992115020752 -0.268548846244812
v -0.03638710081577301 -0.13878050446510315 -0.27206069231033325
v -0.025564193725585938 -0.1376689374446869 -0.25456780195236206
v -0.0034659504890441895 -0.13781729340553284 -0.3029698431491852
v -0.00024662911891937256 -0.13934442400932312 -0.30063989758491516
v -0.026853367686271667 -0.15288755297660828 -0.27808713912963867
v -0.03440479934215546 -0.12928041815757751 -0.23958280682563782
v -0.039103731513023376 -0.13041073083877563 -0.26242491602897644
v -0.03420238196849823 -0.129126638174057 -0.2657906711101532
v -0.047422781586647034 -0.11761307716369629 -0.2286422848701477
v -0.07070139795541763 -0.19003811478614807 -0.22348856925964355
v -0.003808066248893738 -0.13201677799224854 -0.28872671723365784
v -0.001122206449508667 -0.12773048877716064 -0.29333117604255676
v -0.00788852572441101 -0.12999731302261353 -0.3018839657306671
v -0.006719306111335754 -0.13437044620513916 -0.3033888041973114
v -0.06109847128391266 -0.14720430970191956 -0.2052847146987915
v -0.04054490476846695 -0.15740543603897095 -0.22362974286079407
v -0.06767245382070541 -0.18070054054260254 -0.18203291296958923
v -0.023152530193328857 -0.19125185906887054 -0.24848759174346924
v -0.015021458268165588 -0.18856748938560486 -0.25331464409828186
v -0.023481324315071106 -0.13434994220733643 -0.25994065403938293
v -0.04921305179595947 -0.12218132615089417 -0.2442227005958557
v -0.046309202909469604 -0.128362774848938 -0.2575172483921051
v -0.04434706270694733 -0.12462705373764038 -0.2605745196342468
v -0.039564311504364014 -0.1275319755077362 -0.2642439901828766
v -0.034647136926651 -0.126449316740036 -0.26421841979026794
v -0.00495012104511261 -0.1270461082458496 -0.30530020594596863
v -0.0036715716123580933 -0.13120004534721375 -0.3069044053554535
v -0.000551074743270874 -0.13445943593978882 -0.30684521794319153
v 0.0024432241916656494 -0.13603654503822327 -0.3041943907737732
v 0.004069969058036804 -0.13570570945739746 -0.30078673362731934
v -0.004051491618156433 -0.12442171573638916 -0.30321967601776123
v -0.0019858330488204956 -0.12363925576210022 -0.30027496814727783
v 0.0010149776935577393 -0.12536391615867615 -0.29687511920928955
v -0.0016075223684310913 -0.12183600664138794 -0.3060005307197571
v -0.0019393563270568848 -0.1239270269870758 -0.3088158071041107
v 0.006001010537147522 -0.12861624360084534 -0.3131900131702423
v 0.00238075852394104 -0.1309165060520172 -0.3108349144458771
v 0.0024128109216690063 -0.12801960110664368 -0.3124242424964905
v 0.004334583878517151 -0.12651798129081726 -0.3142894208431244
v 0.006282508373260498 -0.12431332468986511 -0.3164941370487213
v 0.00831875205039978 -0.12575113773345947 -0.31513845920562744
v 0.00042879581451416016 -0.126595139503479 -0.3115907311439514
v 0.002027064561843872 -0.12420982122421265 -0.31412357091903687
v 0.0009933561086654663 -0.12158825993537903 -0.31234845519065857
v 0.002788364887237549 -0.11915689706802368 -0.31509533524513245
v 0.0038747936487197876 -0.12167975306510925 -0.31674841046333313
v -0.00029955804347991943 -0.12403672933578491 -0.31082409620285034
v -0.0011253207921981812 -0.128566712141037 -0.3096948266029358
v 0.009251266717910767 -0.12246611714363098 -0.317013144493103
v 0.0073687732219696045 -0.12240773439407349 -0.3179297149181366
v 0.005858615040779114 -0.11972174048423767 -0.3183742165565491
v 0.007954537868499756 -0.11870557069778442 -0.3173961043357849
v 0.004724100232124329 -0.13318675756454468 -0.3073570728302002
v 0.007594212889671326 -0.12946978211402893 -0.31062519550323486
v 0.009850829839706421 -0.1256846785545349 -0.3129596412181854
v 0.01060706377029419 -0.12206026911735535 -0.3146829605102539
v 0.00894901156425476 -0.12836337089538574 -0.30808839201927185
v 0.010515570640563965 -0.12441030144691467 -0.31082385778427124
v 0.010864421725273132 -0.1212678849697113 -0.3123581111431122
v 0.009481355547904968 -0.12581968307495117 -0.30580049753189087
v 0.010508477687835693 -0.12241795659065247 -0.30938321352005005
v 0.00667475163936615 -0.13046568632125854 -0.3009614944458008
v 0.006084740161895752 -0.13285380601882935 -0.30399182438850403
v 0.010590344667434692 -0.120638906955719 -0.3110811412334442
v 0.009238108992576599 -0.11830499768257141 -0.3152962327003479
v 0.00046747922897338867 -0.12010523676872253 -0.3104933202266693
v 0.002757921814918518 -0.11757835745811462 -0.3129785358905792
v 0.0010987073183059692 -0.11890283226966858 -0.3086811602115631
v 0.003664538264274597 -0.1165841817855835 -0.3112654983997345
v 0.005173876881599426 -0.11637842655181885 -0.3156377971172333
v 0.004206478595733643 -0.11770382523536682 -0.31679248809814453
v 0.004702389240264893 -0.13323312997817993 -0.2977762222290039
v 0.0033722370862960815 -0.12912654876708984 -0.29614976048469543
v 0.005599349737167358 -0.126448392868042 -0.2994157671928406
v 0.008384957909584045 -0.12218332290649414 -0.30434656143188477
v 0.002947092056274414 -0.12304028868675232 -0.3000328838825226
v 0.0002711564302444458 -0.12129345536231995 -0.30316177010536194
v 0.0026771873235702515 -0.11856567859649658 -0.30660492181777954
v 0.005251407623291016 -0.11946520209312439 -0.3045250177383423
v 0.005139589309692383 -0.11659696698188782 -0.30939236283302307
v 0.007101893424987793 -0.11763930320739746 -0.3081997036933899
v 0.009294271469116211 -0.11990192532539368 -0.3082370162010193
v 0.007465764880180359 -0.11640587449073792 -0.3115886151790619
v 0.006420060992240906 -0.11600682139396667 -0.31362226605415344
v 0.00956350564956665 -0.11845049262046814 -0.31260809302330017
v 0.008125409483909607 -0.11731842160224915 -0.3102361559867859
v 0.009505704045295715 -0.11893710494041443 -0.31060460209846497
v -0.01097811758518219 -0.11677998304367065 -0.2864965796470642
v -0.012092381715774536 -0.1131143569946289 -0.284166544675827
v -0.014971867203712463 -0.1176278293132782 -0.28102171421051025
v -0.013619855046272278 -0.12107539176940918 -0.28310760855674744
v -0.01744672656059265 -0.12060493230819702 -0.29370471835136414
v -0.013228952884674072 -0.12092483043670654 -0.2914085388183594
v -0.01603616774082184 -0.1250784993171692 -0.28854864835739136
v -0.020391985774040222 -0.12456625699996948 -0.2907094955444336
v -0.02147446572780609 -0.117409348487854 -0.2930908501148224
v -0.024654388427734375 -0.12103888392448425 -0.2900516390800476
v -0.02320718765258789 -0.1291734278202057 -0.286673903465271
v -0.018723681569099426 -0.12961018085479736 -0.2845483720302582
v -0.022714272141456604 -0.1365537941455841 -0.2756897509098053
v -0.027084991335868835 -0.13676267862319946 -0.2781877815723419
v -0.02378407120704651 -0.12559497356414795 -0.26540449261665344
v -0.02723430097103119 -0.12359747290611267 -0.2672755718231201
v -0.011119052767753601 -0.11940118670463562 -0.28894856572151184
v -0.013806462287902832 -0.12357932329177856 -0.2856900095939636
v -0.023182734847068787 -0.11699944734573364 -0.2762453556060791
v -0.01960568130016327 -0.11882278323173523 -0.27517077326774597
v -0.01725330948829651 -0.11445745825767517 -0.2799803614616394
v -0.02051529288291931 -0.11249342560768127 -0.28087183833122253
v -0.01946769654750824 -0.13382089138031006 -0.26944175362586975
v -0.021224230527877808 -0.1297454535961151 -0.26660987734794617
v -0.020283013582229614 -0.13560855388641357 -0.2727873921394348
v -0.02697780728340149 -0.11702746152877808 -0.27899155020713806
v -0.02914617955684662 -0.11991161108016968 -0.28273510932922363
v -0.03397698700428009 -0.1277959644794464 -0.27506566047668457
v -0.031399890780448914 -0.12427094578742981 -0.27113181352615356
v -0.016325578093528748 -0.12819847464561462 -0.2815049886703491
v -0.017154112458229065 -0.1222940981388092 -0.27624523639678955
v -0.01580958068370819 -0.1257239580154419 -0.27854955196380615
v -0.027817636728286743 -0.12541690468788147 -0.28610002994537354
v -0.025758013129234314 -0.1155785620212555 -0.28657206892967224
v -0.017309099435806274 -0.10443854331970215 -0.29246270656585693
v -0.02097572386264801 -0.10923591256141663 -0.2870645523071289
v -0.0180274099111557 -0.10827785730361938 -0.28448644280433655
v -0.014546841382980347 -0.10301569104194641 -0.29008954763412476
v -0.023580342531204224 -0.11287504434585571 -0.28325533866882324
v -0.022753611207008362 -0.11226770281791687 -0.2901201546192169
v -0.00693221390247345 -0.11040592193603516 -0.2918439507484436
v -0.008322879672050476 -0.10670128464698792 -0.2896660566329956
v -0.007213592529296875 -0.11316564679145813 -0.2941340506076813
v -0.032743990421295166 -0.13337492942810059 -0.2784496545791626
v -0.013252407312393188 -0.11478531360626221 -0.2982531189918518
v -0.009270235896110535 -0.1146775484085083 -0.2962054908275604
v -0.014484435319900513 -0.10978344082832336 -0.28318923711776733
v -0.01100856065750122 -0.10381484031677246 -0.2885822355747223
v -0.018756121397018433 -0.10745435953140259 -0.29524505138397217
v -0.01739610731601715 -0.11217531561851501 -0.297759085893631
v -0.015457123517990112 -0.10320693254470825 -0.2990652024745941
v -0.013997867703437805 -0.10740417242050171 -0.30146124958992004
v -0.01024731993675232 -0.1100473403930664 -0.3023451864719391
v -0.006735578179359436 -0.11034008860588074 -0.30002081394195557
v -0.005150139331817627 -0.10916557908058167 -0.29758551716804504
v -0.014481872320175171 -0.1006268858909607 -0.29650503396987915
v -0.012396886944770813 -0.09968799352645874 -0.2940739393234253
v -0.00924171507358551 -0.10062253475189209 -0.29210564494132996
v -0.012070819735527039 -0.09665104746818542 -0.3001530170440674
v -0.012663513422012329 -0.09843429923057556 -0.30312374234199524
v -0.003067687153816223 -0.0980747640132904 -0.31095775961875916
v -0.004851445555686951 -0.1019199788570404 -0.3085864186286926
v -0.006764456629753113 -0.09987854957580566 -0.3095143437385559
v -0.00521928071975708 -0.09720227122306824 -0.31241023540496826
v -0.00787334144115448 -0.1050671935081482 -0.30638381838798523
v -0.008431315422058105 -0.10177701711654663 -0.30773937702178955
v -0.010257735848426819 -0.10018786787986755 -0.3067854642868042
v -0.009246855974197388 -0.09752315282821655 -0.30931156873703003
v -0.01015251874923706 -0.09498372673988342 -0.3071494400501251
v -0.008908599615097046 -0.0921127200126648 -0.30971336364746094
v -0.00798104703426361 -0.09459656476974487 -0.31238627433776855
v -0.011236608028411865 -0.09777852892875671 -0.3055742681026459
v -0.004321545362472534 -0.09465306997299194 -0.3144693374633789
v -0.0027424097061157227 -0.0939408540725708 -0.3131350874900818
v -0.011634841561317444 -0.10299968719482422 -0.3048174977302551
v -0.0049926042556762695 -0.1067190170288086 -0.30333411693573
v -0.002843320369720459 -0.10234835743904114 -0.30653709173202515
v -0.0015031695365905762 -0.09767642617225647 -0.309055358171463
v -0.0015555024147033691 -0.09320831298828125 -0.3107566833496094
v -0.0012599825859069824 -0.10111942887306213 -0.30409151315689087
v -0.0003565549850463867 -0.0964561402797699 -0.30699408054351807
v -0.0009654462337493896 -0.09273102879524231 -0.3087617754936218
v -0.0008950233459472656 -0.09863123297691345 -0.3014627993106842
v -0.00037504732608795166 -0.09456521272659302 -0.3050788640975952
v -0.0034133493900299072 -0.10378754138946533 -0.2974280118942261
v -0.003608807921409607 -0.10597893595695496 -0.30021247267723083
v -0.0010584890842437744 -0.09250059723854065 -0.3070327043533325
v -0.004444405436515808 -0.09016445279121399 -0.3139564096927643
v -0.0031923800706863403 -0.08978256583213806 -0.31131598353385925
v -0.006390929222106934 -0.0917794406414032 -0.31547707319259644
v -0.010005399584770203 -0.09388038516044617 -0.30528053641319275
v -0.00847575068473816 -0.09087714552879333 -0.30794864892959595
v -0.010051771998405457 -0.09268063306808472 -0.3035311996936798
v -0.008213654160499573 -0.08958208560943604 -0.3065968155860901
v -0.007087498903274536 -0.08892390131950378 -0.31127336621284485
v -0.007941126823425293 -0.09008115530014038 -0.3123781979084015
v -0.005047127604484558 -0.10682407021522522 -0.29500776529312134
v -0.006544172763824463 -0.10351872444152832 -0.292711466550827
v -0.004714339971542358 -0.10034695267677307 -0.29523035883903503
v -0.0024510622024536133 -0.09527051448822021 -0.29935333132743835
v -0.007702812552452087 -0.097738116979599 -0.29470187425613403
v -0.010482341051101685 -0.0962909460067749 -0.29736748337745667
v -0.008386760950088501 -0.09234932065010071 -0.3013721704483032
v -0.005621612071990967 -0.09292730689048767 -0.29936912655830383
v -0.006638005375862122 -0.08954179286956787 -0.3049267530441284
v -0.004342123866081238 -0.09024196863174438 -0.3033910095691681
v -0.0018671751022338867 -0.09212595224380493 -0.3037126958370209
v -0.004653766751289368 -0.08855178952217102 -0.30750131607055664
v -0.0059882402420043945 -0.08814015984535217 -0.30954062938690186
v -0.0023732632398605347 -0.08999437093734741 -0.3088826537132263
v -0.00354650616645813 -0.08941176533699036 -0.30592694878578186
v -0.002055749297142029 -0.09069189429283142 -0.306647926568985
v -0.02300049364566803 -0.10596364736557007 -0.2726294696331024
v -0.023504212498664856 -0.10308367013931274 -0.2691229283809662
v -0.02589055895805359 -0.10687175393104553 -0.26675519347190857
v -0.02498789131641388 -0.10968318581581116 -0.27019891142845154
v -0.030264005064964294 -0.10711231827735901 -0.2782863974571228
v -0.027435854077339172 -0.10765710473060608 -0.2778239846229553
v -0.029103577136993408 -0.11203005909919739 -0.27529290318489075
v -0.032619595527648926 -0.11194431781768799 -0.27576664090156555
v -0.03331904113292694 -0.10459735989570618 -0.2767014503479004
v -0.03618010878562927 -0.10918936133384705 -0.2737034559249878
v -0.034819185733795166 -0.11643907427787781 -0.2730569541454315
v -0.030470967292785645 -0.11633819341659546 -0.2723580598831177
v -0.0329948365688324 -0.12257879972457886 -0.2666720151901245
v -0.037772417068481445 -0.12292236089706421 -0.26780906319618225
v -0.024726539850234985 -0.10722506046295166 -0.27588951587677
v -0.02641947567462921 -0.11127111315727234 -0.27325183153152466
v -0.03190191090106964 -0.10688033699989319 -0.26016971468925476
v -0.029241755604743958 -0.10837370157241821 -0.26073041558265686
v -0.02781158685684204 -0.10425671935081482 -0.26449936628341675
v -0.030287832021713257 -0.10296100378036499 -0.2641402781009674
v -0.02914521098136902 -0.12070825695991516 -0.2597367465496063
v -0.030187830328941345 -0.11827579140663147 -0.255889892578125
v -0.030147075653076172 -0.12184882164001465 -0.26365724205970764
v -0.035772889852523804 -0.10690850019454956 -0.26239442825317383
v -0.039268359541893005 -0.10917091369628906 -0.2661498188972473
v -0.041898906230926514 -0.11587032675743103 -0.25978031754493713
v -0.03821149468421936 -0.11414745450019836 -0.25575804710388184
v -0.027527272701263428 -0.11530765891075134 -0.27021104097366333
v -0.02709256112575531 -0.11093589663505554 -0.26298654079437256
v -0.0262497216463089 -0.11371186375617981 -0.26678258180618286
v -0.03874126076698303 -0.11352065205574036 -0.2703668177127838
v -0.03675484657287598 -0.10524991154670715 -0.26953554153442383
v -0.02853451669216156 -0.09290614724159241 -0.2749015986919403
v -0.03177066147327423 -0.09919548034667969 -0.26914873719215393
v -0.028436720371246338 -0.09868982434272766 -0.2667759358882904
v -0.025749996304512024 -0.09225678443908691 -0.2725362777709961
v -0.033828407526016235 -0.10295078158378601 -0.26584023237228394
v -0.03415289521217346 -0.10112747550010681 -0.27304723858833313
v -0.019785866141319275 -0.09950730204582214 -0.27693939208984375
v -0.02051892876625061 -0.09660601615905762 -0.2736462950706482
v -0.021456405520439148 -0.10071003437042236 -0.27996790409088135
v -0.041955530643463135 -0.11989039182662964 -0.26490455865859985
v -0.034408241510391235 -0.1138877272605896 -0.2528802156448364
v -0.026471450924873352 -0.10039171576499939 -0.28274714946746826
v -0.023885026574134827 -0.1010095477104187 -0.28206825256347656
v -0.025590837001800537 -0.10017997026443481 -0.266652911901474
v -0.02278687059879303 -0.09362560510635376 -0.27159199118614197
v -0.030444800853729248 -0.09481358528137207 -0.2782304286956787
v -0.0296008437871933 -0.09824547171592712 -0.28152337670326233
v -0.028181567788124084 -0.09055095911026001 -0.2815486788749695
v -0.027048826217651367 -0.0938393771648407 -0.2846846878528595
v -0.024114206433296204 -0.0959363579750061 -0.286201536655426
v -0.021414920687675476 -0.09661838412284851 -0.2849888801574707
v -0.019354403018951416 -0.09652358293533325 -0.2825435698032379
v -0.02639913558959961 -0.08866256475448608 -0.2785155475139618
v -0.02401319146156311 -0.0885428786277771 -0.27631890773773193
v -0.021266281604766846 -0.09028232097625732 -0.2748057544231415
v -0.02487717568874359 -0.085508793592453 -0.2809026837348938
v -0.025917738676071167 -0.08695438504219055 -0.28444311022758484
v -0.017446041107177734 -0.08525612950325012 -0.294064998626709
v -0.018906816840171814 -0.08844637870788574 -0.2918601632118225
v -0.020377427339553833 -0.08711913228034973 -0.2916051149368286
v -0.01923319697380066 -0.08449482917785645 -0.2941513657569885
v -0.021957874298095703 -0.09168422222137451 -0.2892262637615204
v -0.022047176957130432 -0.08914941549301147 -0.2900008261203766
v -0.024024978280067444 -0.08799377083778381 -0.28872185945510864
v -0.022976264357566833 -0.08538559079170227 -0.2909669280052185
v -0.023708060383796692 -0.08369195461273193 -0.2879212498664856
v -0.02244389057159424 -0.08103179931640625 -0.290201872587204
v -0.02164679765701294 -0.08266273140907288 -0.29330337047576904
v -0.02494172751903534 -0.08613774180412292 -0.2869279086589813
v -0.018726423382759094 -0.08248579502105713 -0.29585617780685425
v -0.017063915729522705 -0.08228695392608643 -0.29555970430374146
v -0.025162532925605774 -0.0903274416923523 -0.2870990037918091
v -0.019249796867370605 -0.09313955903053284 -0.28761720657348633
v -0.016934022307395935 -0.08935701847076416 -0.29034391045570374
v -0.015535563230514526 -0.08549341559410095 -0.2926306128501892
v -0.015416890382766724 -0.08230814337730408 -0.2935580909252167
v -0.015433698892593384 -0.08915126323699951 -0.28762638568878174
v -0.014146268367767334 -0.0852973461151123 -0.29006248712539673
v -0.014274299144744873 -0.08240431547164917 -0.2909671664237976
v -0.014924153685569763 -0.08812353014945984 -0.2846915125846863
v -0.013909801840782166 -0.08438560366630554 -0.28756359219551086
v -0.017076939344406128 -0.09237676858901978 -0.2815532386302948
v -0.01759345829486847 -0.09321486949920654 -0.28476449847221375
v -0.014152675867080688 -0.08251309394836426 -0.28907322883605957
v -0.01854965090751648 -0.07941627502441406 -0.2944640517234802
v -0.016832172870635986 -0.07933610677719116 -0.2922917604446411
v -0.020441949367523193 -0.08034244179725647 -0.2952958941459656
v -0.02373899519443512 -0.08292600512504578 -0.28573712706565857
v -0.022066891193389893 -0.08023110032081604 -0.28817421197891235
v -0.022728458046913147 -0.08238446712493896 -0.2835628390312195
v -0.020896077156066895 -0.07970494031906128 -0.2865488529205322
v -0.020630747079849243 -0.07870939373970032 -0.29114484786987305
v -0.021472275257110596 -0.07941064238548279 -0.2923041582107544
v -0.018463417887687683 -0.09549468755722046 -0.2795143723487854
v -0.019301265478134155 -0.09324249625205994 -0.2764205038547516
v -0.017956063151359558 -0.09037959575653076 -0.2787477672100067
v -0.015786737203598022 -0.08596816658973694 -0.28206777572631836
v -0.01990187168121338 -0.08772739768028259 -0.2771831452846527
v -0.022472351789474487 -0.08584737777709961 -0.27872422337532043
v -0.02077527344226837 -0.08248195052146912 -0.28174811601638794
v -0.01814134418964386 -0.08365792036056519 -0.28070706129074097
v -0.019212231040000916 -0.07984042167663574 -0.2850152254104614
v -0.016987502574920654 -0.08069944381713867 -0.28428488969802856
v -0.014876186847686768 -0.08261272311210632 -0.28552189469337463
v -0.01767188310623169 -0.07885661721229553 -0.28783899545669556
v -0.019188687205314636 -0.0784720778465271 -0.28941071033477783
v -0.015690863132476807 -0.07994738221168518 -0.2900126576423645
v -0.016537651419639587 -0.07974731922149658 -0.2866405248641968
v -0.015037968754768372 -0.08098959922790527 -0.2880246937274933
v -0.03232799470424652 -0.11589714884757996 -0.25359928607940674
v -0.03919212520122528 -0.1000291109085083 -0.24932259321212769
v -0.0395912230014801 -0.09878396987915039 -0.2461523711681366
v -0.04050217568874359 -0.10232707858085632 -0.2447015345096588
v -0.040189191699028015 -0.10348096489906311 -0.24757376313209534
v -0.04647280275821686 -0.09944254159927368 -0.2541464567184448
v -0.043132439255714417 -0.10054224729537964 -0.2544560730457306
v -0.043916016817092896 -0.10449260473251343 -0.25277262926101685
v -0.04760591685771942 -0.10353472828865051 -0.25264039635658264
v -0.04907996952533722 -0.0973290205001831 -0.25094473361968994
v -0.050400421023368835 -0.1013442873954773 -0.24930432438850403
v -0.04817667603492737 -0.10821732878684998 -0.25066161155700684
v -0.04413001239299774 -0.10905009508132935 -0.25082042813301086
v -0.044800594449043274 -0.11613774299621582 -0.24672189354896545
v -0.04902680218219757 -0.11628970503807068 -0.24689993262290955
v -0.0459769070148468 -0.11491987109184265 -0.23125895857810974
v -0.042714059352874756 -0.11644646525382996 -0.23222672939300537
v -0.04220177233219147 -0.11153855919837952 -0.23546430468559265
v -0.04504244029521942 -0.11023670434951782 -0.23376670479774475
v -0.04055897891521454 -0.10055947303771973 -0.2523818910121918
v -0.04125986993312836 -0.10433512926101685 -0.25062474608421326
v -0.0441121906042099 -0.10321202874183655 -0.23817461729049683
v -0.04156842827796936 -0.10453450679779053 -0.23996448516845703
v -0.04176013171672821 -0.10087230801582336 -0.24215391278266907
v -0.043956443667411804 -0.0994492769241333 -0.24052584171295166
v -0.04020208120346069 -0.1179039478302002 -0.23487216234207153
v -0.038433849811553955 -0.1186443567276001 -0.2387630045413971
v -0.04025556147098541 -0.11446431279182434 -0.24138402938842773
v -0.04052311182022095 -0.11295565962791443 -0.23826703429222107
v -0.041661038994789124 -0.11511042714118958 -0.2441697120666504
v -0.047504544258117676 -0.10280853509902954 -0.23878178000450134
v -0.05038389563560486 -0.1037357747554779 -0.2423594892024994
v -0.05183584988117218 -0.11133301258087158 -0.23756331205368042
v -0.048494353890419006 -0.11013549566268921 -0.2345675826072693
v -0.04137331247329712 -0.10834735631942749 -0.24854490160942078
v -0.04043206572532654 -0.10605442523956299 -0.24264851212501526
v -0.04006935656070709 -0.10737878084182739 -0.24577656388282776
v -0.05124156177043915 -0.10604169964790344 -0.24736416339874268
v -0.04970681667327881 -0.09931725263595581 -0.24463990330696106
v -0.045065879821777344 -0.08962589502334595 -0.24540045857429504
v -0.04659965634346008 -0.0949728786945343 -0.2427121102809906
v -0.04361243546009064 -0.09565812349319458 -0.2416498363018036
v -0.04249429702758789 -0.09034553170204163 -0.24415919184684753
v -0.047059446573257446 -0.09875944256782532 -0.24127480387687683
v -0.04881957173347473 -0.09551331400871277 -0.246247798204422
v -0.037693798542022705 -0.09497901797294617 -0.2520071864128113
v -0.038066551089286804 -0.09382244944572449 -0.2484624981880188
v -0.03911137580871582 -0.09542635083198547 -0.25484591722488403
v -0.05294564366340637 -0.1142798662185669 -0.2438184916973114
v -0.04456251859664917 -0.09413620829582214 -0.2566697299480438
v -0.0414300411939621 -0.09519174695014954 -0.25677162408828735
v -0.04102863371372223 -0.09723415970802307 -0.24342381954193115
v -0.0399630069732666 -0.09202435612678528 -0.24564632773399353
v -0.04704467952251434 -0.09022632241249084 -0.24887657165527344
v -0.04708215594291687 -0.09219029545783997 -0.25348493456840515
v -0.04588918387889862 -0.08613359928131104 -0.25128957629203796
v -0.04598890244960785 -0.0881318747997284 -0.2557978630065918
v -0.04321059584617615 -0.0902622640132904 -0.2587612569332123
v -0.04018722474575043 -0.09160706400871277 -0.25872862339019775
v -0.03816808760166168 -0.09202688932418823 -0.25669175386428833
v -0.04386936128139496 -0.08572220802307129 -0.2480057179927826
v -0.04147760570049286 -0.0867508053779602 -0.24689799547195435
v -0.03934413194656372 -0.08870261907577515 -0.24791234731674194
v -0.04254482686519623 -0.0829668641090393 -0.2506594657897949
v -0.04430560767650604 -0.08290690183639526 -0.25431227684020996
v -0.03748127818107605 -0.08080676198005676 -0.2645472586154938
v -0.038860172033309937 -0.08374786376953125 -0.26288390159606934
v -0.040323615074157715 -0.08264234662055969 -0.2623026669025421
v -0.039139509201049805 -0.080304354429245 -0.2642965316772461
v -0.04164634644985199 -0.08658573031425476 -0.2606399953365326
v -0.04186756908893585 -0.0845942497253418 -0.26077157258987427
v -0.04345262050628662 -0.0837426483631134 -0.25886061787605286
v -0.04252609610557556 -0.08143123984336853 -0.26081159710884094
v -0.042767852544784546 -0.08010280132293701 -0.2575172781944275
v -0.0416288822889328 -0.07745105028152466 -0.2594742476940155
v -0.041638702154159546 -0.07889750599861145 -0.26265013217926025
v -0.043997734785079956 -0.08211910724639893 -0.2570209205150604
v -0.03892610967159271 -0.07843136787414551 -0.2653176188468933
v -0.03728249669075012 -0.07807400822639465 -0.26521849632263184
v -0.04456008970737457 -0.08536359667778015 -0.25772416591644287
v -0.03923293948173523 -0.08829253911972046 -0.2603050470352173
v -0.037289783358573914 -0.08460971713066101 -0.2624457776546478
v -0.03585392236709595 -0.0809280276298523 -0.2641671299934387
v -0.03558054566383362 -0.07793724536895752 -0.26399609446525574
v -0.0361139178276062 -0.08512702584266663 -0.26060187816619873
v -0.03481127321720123 -0.08113536238670349 -0.2624092996120453
v -0.03475441038608551 -0.07827833294868469 -0.26239925622940063
v -0.03561599552631378 -0.08512362837791443 -0.25766757130622864
v -0.034455880522727966 -0.08112570643424988 -0.2599983811378479
v -0.03674188256263733 -0.08885067701339722 -0.2551419734954834
v -0.03758472204208374 -0.08894932270050049 -0.2582000494003296
v -0.03446072340011597 -0.07882079482078552 -0.2609221339225769
v -0.038414135575294495 -0.07577300071716309 -0.26336485147476196
v -0.0365174263715744 -0.07602158188819885 -0.26219162344932556
v -0.040627121925354004 -0.0766076147556305 -0.26396507024765015
v -0.04242236912250519 -0.07958504557609558 -0.2555263936519623
v -0.040659695863723755 -0.07665717601776123 -0.2576615810394287
v -0.041011467576026917 -0.07996529340744019 -0.2532709836959839
v -0.03903336822986603 -0.07690498232841492 -0.25622761249542236
v -0.03948540985584259 -0.07537075877189636 -0.26032447814941406
v -0.04096658527851105 -0.07584545016288757 -0.26107344031333923
v -0.03711327910423279 -0.09176504611968994 -0.25381454825401306
v -0.0376182496547699 -0.09056439995765686 -0.25028762221336365
v -0.037031009793281555 -0.08783474564552307 -0.2520286738872528
v -0.03588320314884186 -0.08414983749389648 -0.2549157738685608
v -0.03855815529823303 -0.08598846197128296 -0.2499971091747284
v -0.04036818444728851 -0.084130197763443 -0.2493230402469635
v -0.038996681571006775 -0.08068463206291199 -0.25236156582832336
v -0.03711685538291931 -0.08234310150146484 -0.2528451085090637
v -0.03729969263076782 -0.0777517557144165 -0.25579172372817993
v -0.03587260842323303 -0.07899665832519531 -0.25615447759628296
v -0.034871697425842285 -0.08039897680282593 -0.2576400339603424
v -0.03620046377182007 -0.07658270001411438 -0.25887152552604675
v -0.037611961364746094 -0.07564908266067505 -0.25946325063705444
v -0.03534036874771118 -0.07689613103866577 -0.26096659898757935
v -0.03539228439331055 -0.07758346199989319 -0.25847333669662476
v -0.034791067242622375 -0.07809403538703918 -0.25977009534835815
v -0.04870854318141937 -0.11407142877578735 -0.23241069912910461
v -0.009898409247398376 -0.18222340941429138 -0.2605569362640381
v -0.009289972484111786 -0.17852547764778137 -0.2593073844909668
v -0.0006797835230827332 -0.177720308303833 -0.24928522109985352
v -0.0038784220814704895 -0.1757144331932068 -0.2531059682369232
v 0.0010813698172569275 -0.18221810460090637 -0.24776875972747803
v -0.00106019526720047 -0.18876315653324127 -0.2521003782749176
v 0.0007984936237335205 -0.18632787466049194 -0.2494700849056244
v -0.007196463644504547 -0.1761835515499115 -0.2570773959159851
v -0.008003205060958862 -0.18645429611206055 -0.25948670506477356
v -0.00443490594625473 -0.18921060860157013 -0.2559416592121124
v -0.001868225634098053 -0.18444973230361938 -0.26531895995140076
v 0.002054452896118164 -0.1873437464237213 -0.2619960904121399
v 0.005705706775188446 -0.18714234232902527 -0.2575184106826782
v 0.006846517324447632 -0.1845863163471222 -0.2539275288581848
v 0.006166696548461914 -0.18065866827964783 -0.2516816258430481
v -0.004490025341510773 -0.18057483434677124 -0.266034871339798
v -0.004618383944034576 -0.17677348852157593 -0.2641531527042389
v -0.0025871247053146362 -0.17454352974891663 -0.2602580785751343
v 0.0011131912469863892 -0.1788138747215271 -0.2711874544620514
v 0.0053337737917900085 -0.18203255534172058 -0.27269595861434937
v 0.019692309200763702 -0.18281131982803345 -0.2697596549987793
v 0.016386836767196655 -0.18337783217430115 -0.26661786437034607
v 0.01505296677350998 -0.18415996432304382 -0.2695913314819336
v 0.01787232607603073 -0.18465405702590942 -0.27203723788261414
v 0.012110278010368347 -0.18456387519836426 -0.264215886592865
v 0.012754030525684357 -0.18430769443511963 -0.26847192645072937
v 0.01073455810546875 -0.18377768993377686 -0.2715570032596588
v 0.012412436306476593 -0.18432492017745972 -0.2735194265842438
v 0.008813448250293732 -0.1827390193939209 -0.27418142557144165
v 0.009736999869346619 -0.18266618251800537 -0.2766939401626587
v 0.015040315687656403 -0.18516218662261963 -0.2759268879890442
v 0.019708462059497833 -0.18459686636924744 -0.27452516555786133
v 0.017708174884319305 -0.18449071049690247 -0.2777075469493866
v 0.021357163786888123 -0.18245217204093933 -0.2736225426197052
v 0.00825527310371399 -0.18440446257591248 -0.26856863498687744
v 0.012051500380039215 -0.18281173706054688 -0.2588494122028351
v 0.01692124456167221 -0.18141716718673706 -0.2635926902294159
v 0.020590253174304962 -0.1800936460494995 -0.26814568042755127
v 0.021667689085006714 -0.17903012037277222 -0.2725936472415924
v 0.016034379601478577 -0.17764142155647278 -0.2618008255958557
v 0.01943512260913849 -0.1764656901359558 -0.26748302578926086
v 0.020111553370952606 -0.17611393332481384 -0.27180930972099304
v 0.013659201562404633 -0.1740128993988037 -0.26246175169944763
v 0.017048843204975128 -0.17403092980384827 -0.2682589590549469
v 0.008047565817832947 -0.17527371644973755 -0.2558077275753021
v 0.010914981365203857 -0.17922911047935486 -0.25583815574645996
v 0.018317565321922302 -0.17445436120033264 -0.27130556106567383
v 0.01967470347881317 -0.181478351354599 -0.2781085669994354
v 0.019510067999362946 -0.17781558632850647 -0.27684587240219116
v 0.007749766111373901 -0.1800938844680786 -0.2771647870540619
v 0.012081354856491089 -0.18254876136779785 -0.2787920832633972
v 0.01113136112689972 -0.17939570546150208 -0.27928754687309265
v 0.0060713812708854675 -0.1770651638507843 -0.2758949100971222
v 0.010875053703784943 -0.17632538080215454 -0.2783460319042206
v 0.015017077326774597 -0.17992612719535828 -0.28021201491355896
v 0.014740586280822754 -0.18300393223762512 -0.2798423171043396
v 0.00389070063829422 -0.17679768800735474 -0.2522152066230774
v 0.0006891414523124695 -0.1746157705783844 -0.2558208107948303
v 0.0045752450823783875 -0.17310938239097595 -0.25934621691703796
v 0.010178208351135254 -0.17203375697135925 -0.26524895429611206
v 0.001330837607383728 -0.17332115769386292 -0.26412349939346313
v -7.779151201248169e-05 -0.1752568483352661 -0.26854538917541504
v 0.005951419472694397 -0.17392465472221375 -0.2734387516975403
v 0.007295846939086914 -0.1720484495162964 -0.26969051361083984
v 0.011280298233032227 -0.1737915277481079 -0.27624136209487915
v 0.01240132749080658 -0.1727008819580078 -0.27326640486717224
v 0.014560706913471222 -0.1728573441505432 -0.2704165577888489
v 0.015276961028575897 -0.17452269792556763 -0.2765725553035736
v 0.015360526740550995 -0.17668405175209045 -0.27885547280311584
v 0.018386177718639374 -0.17542067170143127 -0.27497807145118713
v 0.015101276338100433 -0.17354461550712585 -0.27462518215179443
v 0.016881346702575684 -0.17395585775375366 -0.27310869097709656
v -0.042959630489349365 -0.11947530508041382 -0.22870802879333496
v -0.039535507559776306 -0.12174513936042786 -0.23174473643302917
v -0.04111362248659134 -0.12598592042922974 -0.2275179624557495
v -0.043294720351696014 -0.13096851110458374 -0.2222062051296234
v -0.04889628291130066 -0.13242849707603455 -0.2162865400314331
v -0.04086130112409592 -0.13468340039253235 -0.22542783617973328
v -0.0388149693608284 -0.12947219610214233 -0.2307228446006775
v -0.03674151748418808 -0.12393617630004883 -0.23667579889297485
v -0.04088696837425232 -0.1418687403202057 -0.22425779700279236
v -0.09545806050300598 -0.7558503150939941 -0.16689318418502808
v -0.09295918792486191 -0.7566829919815063 -0.16936135292053223
v -0.09304267168045044 -0.7501131892204285 -0.1657751351594925
v -0.09514833986759186 -0.7504819631576538 -0.1636921763420105
v -0.08713523298501968 -0.7500181198120117 -0.16940082609653473
v -0.0900205597281456 -0.7500590085983276 -0.16764947772026062
v -0.08906026184558868 -0.7574055194854736 -0.17167456448078156
v -0.08390823006629944 -0.757343053817749 -0.17241856455802917
v -0.07545442134141922 -0.7542321681976318 -0.170246884226799
v -0.07365015894174576 -0.7528724074363708 -0.17043115198612213
v -0.07422742992639542 -0.751926064491272 -0.17050914466381073
v -0.07636778056621552 -0.7518198490142822 -0.17027798295021057
v -0.07991214096546173 -0.7511593699455261 -0.17060154676437378
v -0.09814456105232239 -0.7530633807182312 -0.16128049790859222
v -0.0978182926774025 -0.7541123628616333 -0.16255953907966614
v -0.09678731113672256 -0.7551590204238892 -0.16452465951442719
v -0.0835718959569931 -0.7505002617835999 -0.17048394680023193
v -0.09666278213262558 -0.7511364221572876 -0.16198047995567322
v -0.09768390655517578 -0.7520128488540649 -0.16105324029922485
v -0.07906259596347809 -0.7564178109169006 -0.17135858535766602
v -0.08783070743083954 -0.7521255016326904 -0.1700063794851303
v -0.09118658304214478 -0.7519221305847168 -0.16822800040245056
v -0.08858595043420792 -0.7547550201416016 -0.17078475654125214
v -0.08425594866275787 -0.7550218105316162 -0.1716766208410263
v -0.07819206267595291 -0.752808690071106 -0.17060613632202148
v -0.08066018670797348 -0.752779483795166 -0.17095927894115448
v -0.0936134085059166 -0.7519131898880005 -0.1660771667957306
v -0.0841992050409317 -0.7526110410690308 -0.17103061079978943
v -0.09205407649278641 -0.7543432116508484 -0.16851872205734253
v -0.08031244575977325 -0.7546731233596802 -0.17139564454555511
v -0.07783778011798859 -0.7538095712661743 -0.17072978615760803
v -0.09746048599481583 -0.752729058265686 -0.1619269847869873
v -0.09726262092590332 -0.7522666454315186 -0.16186225414276123
v -0.03221840038895607 -0.534601628780365 -0.08861461281776428
v -0.03171999379992485 -0.5152872800827026 -0.09125290811061859
v -0.09431129693984985 -0.7537552118301392 -0.1663586050271988
v -0.09652776271104813 -0.7520920038223267 -0.16275033354759216
v -0.0952887237071991 -0.7519345879554749 -0.16419818997383118
v -0.09590988606214523 -0.7534527778625488 -0.16436398029327393
v -0.09691476821899414 -0.7531110048294067 -0.16283360123634338
v -0.12809188663959503 -0.4298165738582611 -0.07058966159820557
v -0.13705185055732727 -0.432283878326416 -0.07782527059316635
v -0.17599554359912872 -0.43387091159820557 -0.07081196457147598
v -0.1834917515516281 -0.43721383810043335 -0.05620535463094711
v -0.042395345866680145 -0.2918550670146942 -0.05950991436839104
v -0.07806546986103058 -0.3551729619503021 0.04397933557629585
v -0.08152678608894348 -0.37428832054138184 0.04528253525495529
v -0.02876954898238182 -0.3771739602088928 0.0579037070274353
v -0.04312702268362045 -0.372749000787735 0.057754311710596085
v -0.09744816273450851 -0.32368719577789307 -0.014683026820421219
v -0.0967431515455246 -0.33966055512428284 -0.016391661018133163
v -0.06795335561037064 -0.30970633029937744 -0.04522567614912987
v -0.06711031496524811 -0.327401340007782 -0.04553395137190819
v -0.09196018427610397 -0.3017362058162689 -0.02677846886217594
v -0.05505717918276787 -0.32958000898361206 0.05348172411322594
v -0.06630750745534897 -0.3242201507091522 0.04744889959692955
v -0.06534601747989655 -0.34219351410865784 0.04736233502626419
v -0.054613322019577026 -0.34753698110580444 0.0534740686416626
v -0.014527039602398872 -0.3784516155719757 0.05475518852472305
v -0.014295347966253757 -0.3592936098575592 0.052416056394577026
v -0.10454155504703522 -0.3631048798561096 -0.00717240059748292
v -0.10595250874757767 -0.36892834305763245 0.008025291375815868
v -0.0932244136929512 -0.382345050573349 0.032402463257312775
v -0.08450932055711746 -0.39062267541885376 0.04211411252617836
v -0.07522547990083694 -0.39922502636909485 0.05022735521197319
v -0.06359978020191193 -0.40726447105407715 0.05593900382518768
v -0.056056421250104904 -0.34351181983947754 -0.05654570460319519
v -0.04428442195057869 -0.359943151473999 -0.06528480350971222
v -0.09729457646608353 -0.35689422488212585 -0.020926687866449356
v -0.018131058663129807 -0.34149545431137085 -0.07214165478944778
v -0.055964395403862 -0.4384702444076538 0.06193827837705612
v -0.03624751791357994 -0.4426458477973938 0.06301967054605484
v -0.10142192989587784 -0.37520888447761536 0.02102203480899334
v -0.03680279850959778 -0.4723640978336334 -0.10897618532180786
v -0.048145800828933716 -0.474422812461853 -0.10793272405862808
v -0.0463571771979332 -0.45955953001976013 -0.11452960968017578
v -0.0350864976644516 -0.4570677876472473 -0.11533166468143463
v -0.057544052600860596 -0.46070826053619385 -0.11369086802005768
v -0.06838463991880417 -0.4609619975090027 -0.11197822540998459
v -0.07810980826616287 -0.46053367853164673 -0.10889225453138351
v -0.0983499214053154 -0.4568127989768982 -0.09413710236549377
v -0.09311684221029282 -0.4581148624420166 -0.09955684840679169
v -0.10553481429815292 -0.4517838954925537 -0.08306843787431717
v -0.10221255570650101 -0.45514237880706787 -0.08879012614488602
v -0.1099056676030159 -0.44525831937789917 -0.07523500919342041
v -0.11464015394449234 -0.4391818046569824 -0.06455224752426147
v -0.11726344376802444 -0.4444005489349365 -0.050523024052381516
v -0.11674012243747711 -0.43432432413101196 -0.0520172081887722
v -0.11452407389879227 -0.4293642044067383 -0.06653349101543427
v -0.11186166852712631 -0.4359130263328552 -0.0778340995311737
v -0.1073247492313385 -0.4417133927345276 -0.08588757365942001
v -0.02258564904332161 -0.4021402895450592 -0.10865090787410736
v -0.022572940215468407 -0.4219267964363098 -0.12095800042152405
v -0.03246946632862091 -0.5531914234161377 -0.08667850494384766
v -0.13720308244228363 -0.25385838747024536 -0.09005871415138245
v -0.08149538189172745 -0.23118984699249268 -0.18469813466072083
v -0.03524978086352348 -0.6011021137237549 0.008041299879550934
v -0.053055595606565475 -0.6035493016242981 0.008924723602831364
v -0.10842607915401459 -0.6062537431716919 -0.0035255644470453262
v -0.12179064005613327 -0.6053640842437744 -0.01833941414952278
v -0.08919582515954971 -0.604992151260376 0.007933344691991806
v -0.07109168916940689 -0.6006476879119873 0.0125201977789402
v -0.08470020443201065 -0.3693236708641052 -0.035697538405656815
v -0.054089587181806564 -0.5784034729003906 0.020360752940177917
v -0.07233577221632004 -0.5926854610443115 0.01771583966910839
v -0.09213334321975708 -0.5981578826904297 0.014313551597297192
v -0.11301835626363754 -0.5993841886520386 0.0036077480763196945
v -0.13337956368923187 -0.5996348857879639 -0.01438739150762558
v -0.14661423861980438 -0.5941803455352783 -0.02160010300576687
v -0.1591777354478836 -0.5732806921005249 -0.01832873933017254
v -0.16570131480693817 -0.5654354691505432 -0.023587871342897415
v -0.17170798778533936 -0.5557186603546143 -0.02898733876645565
v -0.17576195299625397 -0.5600106120109558 -0.04282855987548828
v -0.17011502385139465 -0.5707730054855347 -0.03757213428616524
v -0.18408909440040588 -0.46753567457199097 -0.046890221536159515
v -0.18378198146820068 -0.45331472158432007 -0.04464501142501831
v -0.18263795971870422 -0.44349145889282227 -0.03862539678812027
v -0.17902526259422302 -0.43748772144317627 -0.032171204686164856
v -0.17265689373016357 -0.436422199010849 -0.025724075734615326
v -0.16561833024024963 -0.4401315450668335 -0.02046363800764084
v -0.15958300232887268 -0.44782817363739014 -0.015566937625408173
v -0.14878857135772705 -0.4783756136894226 -0.006582252681255341
v -0.14725862443447113 -0.4863697290420532 -0.0037077702581882477
v -0.13545334339141846 -0.4812625050544739 0.004141233861446381
v -0.13286954164505005 -0.4770192503929138 0.006690901704132557
v -0.12313347309827805 -0.463784396648407 0.02574159763753414
v -0.11535266786813736 -0.45584455132484436 0.03510022163391113
v -0.10607870668172836 -0.4447709321975708 0.04513203352689743
v -0.07979007065296173 -0.24454337358474731 0.0840768814086914
v -0.09529240429401398 -0.2444337159395218 0.07741036266088486
v -0.08704014122486115 -0.2588595151901245 0.06879903376102448
v -0.07220011204481125 -0.26051974296569824 0.0758114904165268
v -0.03264846280217171 -0.2936936020851135 0.06380508095026016
v -0.016136998310685158 -0.2933870255947113 0.06416711211204529
v -0.12025308609008789 -0.25208187103271484 0.02785809338092804
v -0.12462874501943588 -0.24653755128383636 0.011363509111106396
v -0.09983989596366882 -0.2574695348739624 0.05791294947266579
v -0.11164528876543045 -0.2556442618370056 0.04413404315710068
v -0.1251499056816101 -0.2411441206932068 -0.003953386098146439
v -0.08377739042043686 -0.21543534100055695 -0.053036995232105255
v -0.06757259368896484 -0.2090310901403427 -0.06117474287748337
v -0.03536023944616318 -0.19913189113140106 -0.07414358109235764
v -0.018904786556959152 -0.19740739464759827 -0.07795005291700363
v -0.12255974113941193 -0.23505377769470215 -0.017978621646761894
v -0.051451925188302994 -0.2033233791589737 -0.06849398463964462
v -0.11399034410715103 -0.22798685729503632 -0.03129822015762329
v -0.10040102899074554 -0.22159750759601593 -0.04257078096270561
v -0.04726477339863777 -0.29361996054649353 0.06067316606640816
v -0.05168239027261734 -0.2763108015060425 0.07078337669372559
v -0.06574584543704987 -0.2757188081741333 0.06637724488973618
v -0.046738769859075546 -0.5074853897094727 0.06264106184244156
v -0.06484493613243103 -0.508840024471283 0.06076786294579506
v -0.08329246938228607 -0.5104109048843384 0.05778193473815918
v -0.09955409169197083 -0.5279541015625 0.04835141450166702
v -0.09915324300527573 -0.5128985643386841 0.05231102555990219
v -0.11361066997051239 -0.514348566532135 0.044084273278713226
v -0.1136111244559288 -0.5286949276924133 0.042102109640836716
v -0.13281215727329254 -0.5270383358001709 0.02559596672654152
v -0.13327817618846893 -0.5155537128448486 0.026295695453882217
v -0.13710758090019226 -0.5158677101135254 0.02097044698894024
v -0.13856586813926697 -0.5261061191558838 0.018924305215477943
v -0.14214962720870972 -0.5155004262924194 0.016349967569112778
v -0.1491553634405136 -0.5127681493759155 0.01175963506102562
v -0.15431618690490723 -0.5087964534759521 0.004153478890657425
v -0.159347265958786 -0.5008575916290283 -0.0019518882036209106
v -0.1674010008573532 -0.5139058232307434 -0.006702102720737457
v -0.16244247555732727 -0.5227754712104797 -0.0004643090069293976
v -0.13487602770328522 -0.5389030575752258 0.021283287554979324
v -0.12520872056484222 -0.5407766699790955 0.030496908351778984
v -0.04917110875248909 -0.530549168586731 0.04387088119983673
v -0.029741710051894188 -0.5273149609565735 0.042855989187955856
v -0.11793595552444458 -0.4340137839317322 -0.03992052748799324
v -0.1194140687584877 -0.4354449510574341 -0.027826249599456787
v -0.12226361781358719 -0.4386790990829468 -0.017083313316106796
v -0.12432433664798737 -0.4439840316772461 -0.006870023440569639
v -0.12610875070095062 -0.45019078254699707 0.0015404359437525272
v -0.12735264003276825 -0.4583970904350281 0.010407257825136185
v -0.1309371292591095 -0.4727066159248352 0.011766592040657997
v -0.1277092546224594 -0.4684876799583435 0.01803632080554962
v -0.13144993782043457 -0.4829075038433075 0.017162520438432693
v -0.1278720498085022 -0.4794955849647522 0.02445985935628414
v -0.1274254471063614 -0.49069899320602417 0.030055422335863113
v -0.12659691274166107 -0.5020500421524048 0.03402550891041756
v -0.126206636428833 -0.5155150294303894 0.035031914710998535
v -0.12532909214496613 -0.5282329320907593 0.034066613763570786
v -0.1148209348320961 -0.5423722267150879 0.03802016004920006
v -0.10160599648952484 -0.5416960716247559 0.04301805794239044
v -0.08712154626846313 -0.5537205338478088 0.041328199207782745
v -0.08896880596876144 -0.5665264129638672 0.034756265580654144
v -0.08583439141511917 -0.5403228998184204 0.04692847654223442
v -0.08427304029464722 -0.5264122486114502 0.05370882526040077
v -0.09021145850419998 -0.6210072040557861 -0.018430029973387718
v -0.07358050346374512 -0.6234009265899658 -0.008322558365762234
v -0.16686615347862244 -0.4594717025756836 -0.017401941120624542
v -0.16362236440181732 -0.4596075117588043 -0.01563374698162079
v -0.16234278678894043 -0.4548238515853882 -0.01595292240381241
v -0.16665448248386383 -0.4507412314414978 -0.019013769924640656
v -0.17198291420936584 -0.4500807821750641 -0.022680342197418213
v -0.1753518283367157 -0.4642590880393982 -0.023347117006778717
v -0.17110969126224518 -0.4603006839752197 -0.020132362842559814
v -0.17706100642681122 -0.45209312438964844 -0.027286343276500702
v -0.1808314174413681 -0.45760172605514526 -0.03220203518867493
v -0.17888714373111725 -0.46908214688301086 -0.02725796401500702
v -0.18288622796535492 -0.46508562564849854 -0.03663133084774017
v -0.18121351301670074 -0.47460782527923584 -0.03122880309820175
v -0.1833152174949646 -0.4744734466075897 -0.03916800767183304
v -0.18214701116085052 -0.4791250228881836 -0.03420086205005646
v -0.17835481464862823 -0.5125288367271423 -0.024304896593093872
v -0.18084101378917694 -0.500589907169342 -0.028217840939760208
v -0.18204692006111145 -0.4885683059692383 -0.03175660967826843
v -0.16348148882389069 -0.49069371819496155 -0.0070779696106910706
v -0.16656382381916046 -0.4806009829044342 -0.012380637228488922
v -0.16882087290287018 -0.47052842378616333 -0.01688206195831299
v -0.17317000031471252 -0.47561898827552795 -0.019169457256793976
v -0.17026928067207336 -0.4856352210044861 -0.014733504503965378
v -0.16744519770145416 -0.49650540947914124 -0.009274400770664215
v -0.04832366481423378 -0.518027663230896 0.053816016763448715
v -0.06604078412055969 -0.5226470232009888 0.05603491887450218
v -0.14510749280452728 -0.5242018699645996 0.014245891943573952
v -0.15167957544326782 -0.52125483751297 0.009469261392951012
v -0.15755514800548553 -0.5157884359359741 0.0031288787722587585
v -0.163068950176239 -0.5071947574615479 -0.0036935918033123016
v -0.15604184567928314 -0.5287975072860718 0.004930600523948669
v -0.14908763766288757 -0.5329406261444092 0.010164478793740273
v -0.1416173130273819 -0.5361801981925964 0.015118813142180443
v -0.06783678382635117 -0.5356160402297974 0.04756815358996391
v -0.028753580525517464 -0.5149022340774536 0.05212322995066643
v -0.13648730516433716 -0.5244842171669006 -0.0779886543750763
v -0.1508132815361023 -0.538237452507019 -0.07971331477165222
v -0.1653003990650177 -0.5500575304031372 -0.07394319772720337
v -0.17462441325187683 -0.5582456588745117 -0.059845246374607086
v -0.13611090183258057 -0.3163660168647766 -0.047707438468933105
v -0.01352531649172306 -0.3399096727371216 0.055232275277376175
v -0.014504121616482735 -0.3193732500076294 0.05800306424498558
v -0.02939462661743164 -0.31768545508384705 0.06081670522689819
v -0.017674412578344345 -0.44445571303367615 0.06513287872076035
v -0.026917612180113792 -0.5071316957473755 0.06380558758974075
v -0.08767831325531006 -0.434546560049057 -0.11402659118175507
v -0.07912307977676392 -0.4350716769695282 -0.11881200224161148
v -0.07855913043022156 -0.4474852383136749 -0.11402471363544464
v -0.08701517432928085 -0.4468679428100586 -0.10969509184360504
v -0.10006368905305862 -0.433456689119339 -0.10216961055994034
v -0.0947391614317894 -0.4337725043296814 -0.10839305818080902
v -0.09382915496826172 -0.4459829330444336 -0.10417257994413376
v -0.09905184060335159 -0.4451451897621155 -0.0985853374004364
v -0.10431868582963943 -0.4325029253959656 -0.09563780575990677
v -0.1033315360546112 -0.44441816210746765 -0.09259988367557526
v -0.09391229599714279 -0.4205997884273529 -0.10960178077220917
v -0.08637109398841858 -0.42106249928474426 -0.11539167910814285
v -0.07819220423698425 -0.4216976761817932 -0.12069033086299896
v -0.10394122451543808 -0.42041000723838806 -0.09631338715553284
v -0.09970318526029587 -0.4207589626312256 -0.10272491723299026
v -0.04307404160499573 -0.656517744064331 -0.14415311813354492
v -0.046536870300769806 -0.6556302309036255 -0.159483402967453
v -0.05106747895479202 -0.6902016997337341 -0.18168513476848602
v -0.05132284015417099 -0.6941154599189758 -0.18087410926818848
v -0.03206981346011162 -0.5817745327949524 -0.07888641208410263
v -0.03201261907815933 -0.5942968130111694 -0.07852622121572495
v -0.024089638143777847 -0.4383528530597687 -0.12188805639743805
v -0.02673700451850891 -0.46789413690567017 -0.11041907966136932
v -0.029214318841695786 -0.47914206981658936 -0.09772920608520508
v -0.03065614402294159 -0.4961414635181427 -0.09270379692316055
v -0.03259136155247688 -0.5687520503997803 -0.0833134725689888
v -0.025815589353442192 -0.45295509696006775 -0.117385134100914
v -0.15162234008312225 -0.07538622617721558 0.06906537711620331
v -0.1344512552022934 -0.05941608548164368 0.08331184834241867
v -0.13877783715724945 -0.08632677793502808 0.08720657974481583
v -0.12523305416107178 -0.07489579916000366 0.09686753153800964
v -0.146281898021698 -0.15574899315834045 0.07005119323730469
v -0.145644873380661 -0.12897667288780212 0.07507345080375671
v -0.1431509405374527 -0.18265753984451294 0.06595173478126526
v -0.10575598478317261 -0.069607675075531 0.10831628739833832
v -0.08077309280633926 -0.06907492876052856 0.1176207959651947
v -0.07829269021749496 -0.0888984203338623 0.12538696825504303
v -0.13021019101142883 -0.18094052374362946 0.0839410200715065
v -0.131606325507164 -0.15495942533016205 0.08860549330711365
v -0.12949562072753906 -0.09331727027893066 0.09672561287879944
v -0.14446446299552917 -0.10503727197647095 0.08077023923397064
v -0.13115540146827698 -0.10720297694206238 0.0955580547451973
v -0.10190633684396744 -0.0875900387763977 0.1153281182050705
v -0.11892735213041306 -0.08932745456695557 0.10477488487958908
v -0.046104952692985535 -0.24307450652122498 0.09227960556745529
v -0.02772441692650318 -0.22615894675254822 0.10282030701637268
v -0.05134154483675957 -0.22445759177207947 0.10088351368904114
v -0.11031194776296616 -0.2448607236146927 0.0656263530254364
v -0.10416887700557709 -0.22693099081516266 0.0847351923584938
v -0.11740732938051224 -0.1068083643913269 0.10770194232463837
v -0.09934337437152863 -0.10778498649597168 0.11908300966024399
v -0.07701662927865982 -0.11046755313873291 0.12897196412086487
v -0.07859206944704056 -0.18147438764572144 0.11782076954841614
v -0.07759973406791687 -0.15865401923656464 0.1254235804080963
v -0.09802667051553726 -0.15553221106529236 0.11612311005592346
v -0.09842399507761002 -0.1803390383720398 0.10952743887901306
v -0.11115271598100662 -0.20422399044036865 0.09266108274459839
v -0.114927738904953 -0.18018828332424164 0.09845633804798126
v -0.07569769024848938 -0.20403742790222168 0.10842356830835342
v -0.09461963176727295 -0.2038414180278778 0.1021353006362915
v -0.08783921599388123 -0.22579751908779144 0.09307821094989777
v -0.11606908589601517 -0.15372058749198914 0.10359562188386917
v -0.04935521259903908 -0.13745298981666565 0.13558973371982574
v -0.07645026594400406 -0.1339893341064453 0.12943057715892792
v -0.021559296175837517 -0.14090023934841156 0.13198222219944
v -0.07037847489118576 -0.22509753704071045 0.09800532460212708
v -0.06321394443511963 -0.24385395646095276 0.08840806037187576
v -0.056783389300107956 -0.26092419028282166 0.08002744615077972
v -0.04432409629225731 -0.315321683883667 0.05848396569490433
v -0.10247991234064102 0.0678880512714386 -0.11849336326122284
v -0.002442724071443081 -0.06545764207839966 0.00688527524471283
v -0.0023908456787467003 -0.06496155261993408 0.022325605154037476
v -0.1587996631860733 -0.1291780322790146 -0.025236524641513824
v -0.17120778560638428 -0.09706977009773254 0.0326080322265625
v -0.15967527031898499 -0.1009816825389862 0.059627652168273926
v -0.023577945306897163 -0.07765111327171326 -0.03394874930381775
v -0.010772950947284698 -0.06970193982124329 -0.017628274857997894
v -0.14323005080223083 -0.12956741452217102 -0.046322137117385864
v -0.09381041675806046 -0.10985848307609558 -0.06792230904102325
v -0.004585627466440201 -0.06711220741271973 -0.005059830844402313
v -0.13185356557369232 -0.12940439581871033 0.09272906184196472
v -0.1163782998919487 -0.1287345588207245 0.10647936910390854
v -0.09803705662488937 -0.13050875067710876 0.11869006603956223
v -0.05032522976398468 -0.11416420340538025 0.1356476992368698
v -0.021043283864855766 -0.12124112248420715 0.13257214426994324
v -0.017573561519384384 -0.1223020851612091 -0.03368669003248215
v -0.015678010880947113 -0.13060325384140015 -0.03751209378242493
v -0.007827870547771454 -0.13063636422157288 -0.035569898784160614
v -0.006514503620564938 -0.1192653477191925 -0.029436573386192322
v -0.08504825830459595 -0.20100505650043488 -0.052191853523254395
v -0.067216657102108 -0.1944495141506195 -0.059816740453243256
v -0.03286837786436081 -0.18624579906463623 -0.07252828031778336
v -0.01691030152142048 -0.18549001216888428 -0.07571366429328918
v -0.128809854388237 -0.22129298746585846 -0.01727083884179592
v -0.04978577420115471 -0.18964901566505432 -0.06734073162078857
v -0.11877842247486115 -0.21438869833946228 -0.03093652054667473
v -0.10322803258895874 -0.20782019197940826 -0.04195895045995712
v -0.016785934567451477 0.4306700825691223 0.008941546082496643
v -0.01686258614063263 0.4530852437019348 0.010543107986450195
v -0.017158351838588715 0.44873499870300293 0.023124784231185913
v -0.015194371342658997 0.4262908697128296 0.021056130528450012
v -0.028924472630023956 0.41884636878967285 0.044417232275009155
v -0.01875382661819458 0.420915424823761 0.03769633173942566
v -0.04108435660600662 0.4197750389575958 0.04754649102687836
v -0.035475462675094604 0.4429723620414734 0.04926328361034393
v -0.044926054775714874 0.446500688791275 0.046251073479652405
v -0.05248836800456047 0.423291951417923 0.045455753803253174
v -0.059844255447387695 0.42708197236061096 0.03811134397983551
v -0.05693984776735306 0.45397597551345825 0.030589967966079712
v -0.06048263609409332 0.45874643325805664 0.0160207599401474
v -0.06856733560562134 0.43754664063453674 0.0128898024559021
v -0.06422102451324463 0.43133243918418884 0.02781534194946289
v -0.06426595151424408 0.44448989629745483 -0.003215402364730835
v -0.057156287133693695 0.4648602306842804 -3.7044286727905273e-05
v -0.051096320152282715 0.44675490260124207 -0.014204487204551697
v -0.021897979080677032 0.43628165125846863 -0.004097253084182739
v -0.01904837042093277 0.4576411843299866 -0.0038264840841293335
v -0.025046147406101227 0.44209033250808716 0.04571501910686493
v -0.017635948956012726 0.4442729353904724 0.03900778293609619
v -0.013869106769561768 0.42394042015075684 0.029340937733650208
v -0.0172661691904068 0.44626834988594055 0.031547993421554565
v -0.01298639178276062 0.4702037274837494 0.023031190037727356
v -0.010105624794960022 0.47206050157546997 0.009738460183143616
v -0.020455271005630493 0.46336573362350464 0.05072256922721863
v -0.01580868661403656 0.46602723002433777 0.04089304804801941
v -0.03963370621204376 0.4675498306751251 0.048011332750320435
v -0.0313279926776886 0.46391111612319946 0.05401530861854553
v -0.05487917363643646 0.4755982458591461 0.03451785445213318
v -0.051286742091178894 0.44996219873428345 0.038783833384513855
v -0.04746547341346741 0.4716797173023224 0.04117864370346069
v -0.05669669806957245 0.4786306619644165 0.019918367266654968
v -0.052009016275405884 0.48286688327789307 0.001094043254852295
v -0.014347612857818604 0.47643420100212097 -0.005017384886741638
v -0.014999419450759888 0.4680240750312805 0.031979262828826904
v -0.058110032230615616 0.5809593200683594 -0.1089852899312973
v -0.053162962198257446 0.5802503824234009 -0.11218481510877609
v -0.05526695400476456 0.5761831998825073 -0.11149517446756363
v -0.058523401618003845 0.5775655508041382 -0.10905791074037552
v -0.03414488583803177 0.5704607963562012 -0.12840938568115234
v -0.022850211709737778 0.5695714354515076 -0.1305057406425476
v -0.02824120596051216 0.5602883696556091 -0.13327835500240326
v -0.036505937576293945 0.5615272521972656 -0.13159707188606262
v -0.046674277633428574 0.5769689083099365 -0.12290598452091217
v -0.05288861691951752 0.5791352391242981 -0.11981381475925446
v -0.048847854137420654 0.5813376903533936 -0.11726127564907074
v -0.04485340416431427 0.5796648263931274 -0.11941088736057281
v -0.06454195827245712 0.5806399583816528 -0.08067012578248978
v -0.06831851601600647 0.5831249356269836 -0.07604005187749863
v -0.06493494659662247 0.5845839977264404 -0.07543221116065979
v -0.06224069371819496 0.5846819877624512 -0.07810580730438232
v -0.06004463508725166 0.5815850496292114 -0.09856031090021133
v -0.06315073370933533 0.5831795930862427 -0.09390656650066376
v -0.06023446470499039 0.5851030349731445 -0.09329769015312195
v -0.05772922933101654 0.5846104621887207 -0.09572675824165344
v -0.03163790702819824 0.5562435388565063 -0.11236634850502014
v -0.036140333861112595 0.5589144229888916 -0.12368001788854599
v -0.02448597177863121 0.5567044615745544 -0.12609528005123138
v -0.019772320985794067 0.550452470779419 -0.11560840904712677
v -0.014658989384770393 0.561393141746521 -0.12432500720024109
v -0.01845470815896988 0.5676119327545166 -0.11984246969223022
v -0.012252279557287693 0.5649151802062988 -0.10929889976978302
v -0.00956335011869669 0.5571504831314087 -0.11280815303325653
v -0.02950381673872471 0.5721213817596436 -0.11728451400995255
v -0.024153217673301697 0.5697644352912903 -0.10713852196931839
v -0.03413721174001694 0.566953182220459 -0.10753650218248367
v -0.041220083832740784 0.5688228011131287 -0.11941306293010712
v -0.04881591349840164 0.5725399255752563 -0.10310551524162292
v -0.055091492831707 0.5775344371795654 -0.11167199909687042
v -0.05237318202853203 0.5703059434890747 -0.11496441066265106
v -0.04680578038096428 0.5647903680801392 -0.1062399372458458
v -0.04586132615804672 0.5681647658348083 -0.11861889809370041
v -0.0382685512304306 0.5620402097702026 -0.11127476394176483
v -0.032257650047540665 0.5688122510910034 -0.1104499101638794
v -0.03897964209318161 0.5720881819725037 -0.1209668517112732
v -0.03953295201063156 0.5771418809890747 -0.11549557745456696
v -0.03299475088715553 0.5741027593612671 -0.10568737983703613
v -0.04036740958690643 0.5767114162445068 -0.10290846228599548
v -0.046843476593494415 0.5799455642700195 -0.11155114322900772
v -0.05597734823822975 0.5701854228973389 -0.09593316167593002
v -0.05777193605899811 0.5757243633270264 -0.10418643057346344
v -0.05220700055360794 0.5736660957336426 -0.1075194776058197
v -0.04864732176065445 0.5677796602249146 -0.10096457600593567
v -0.0464828759431839 0.5781629085540771 -0.10908368229866028
v -0.04895886033773422 0.5818015933036804 -0.10517740249633789
v -0.044220007956027985 0.5784231424331665 -0.09795884788036346
v -0.04290952533483505 0.5745086669921875 -0.10151469707489014
v -0.051178671419620514 0.5802122354507446 -0.09397884458303452
v -0.05417187511920929 0.5842058062553406 -0.102028027176857
v -0.057800278067588806 0.5761126279830933 -0.0947439894080162
v -0.05962654948234558 0.5812925696372986 -0.10200758278369904
v -0.06389942765235901 0.5778611898422241 -0.07978140562772751
v -0.06443257629871368 0.5830960869789124 -0.0875079333782196
v -0.0641666129231453 0.5781728029251099 -0.0897739976644516
v -0.06373652070760727 0.572534441947937 -0.08146870881319046
v -0.06058833748102188 0.5759832262992859 -0.09320789575576782
v -0.0588834322988987 0.5712667107582092 -0.08688904345035553
v -0.05610550940036774 0.5778186321258545 -0.09532509744167328
v -0.05450724810361862 0.5829809904098511 -0.09186846017837524
v -0.052992746233940125 0.5803916454315186 -0.08522263914346695
v -0.05523981153964996 0.575077474117279 -0.08967140316963196
v -0.058923594653606415 0.5846879482269287 -0.08811506628990173
v -0.057654548436403275 0.581713080406189 -0.07996691763401031
v -0.06846281886100769 0.5727806687355042 -0.06481483578681946
v -0.06757724285125732 0.5774860382080078 -0.06202384829521179
v -0.06833533942699432 0.5801792144775391 -0.06986136734485626
v -0.0686308816075325 0.5756953358650208 -0.07180866599082947
v -0.06625743210315704 0.5750770568847656 -0.07547850906848907
v -0.06536265462636948 0.5715462565422058 -0.07047007977962494
v -0.061326608061790466 0.5771560668945312 -0.07707661390304565
v -0.058874357491731644 0.5830336213111877 -0.07451258599758148
v -0.058021433651447296 0.5810494422912598 -0.06949882954359055
v -0.061716228723526 0.5752220153808594 -0.0723932534456253
v -0.06360508501529694 0.5840834975242615 -0.07073982805013657
v -0.06214514747262001 0.5807613134384155 -0.06429903954267502
v -0.015521714463829994 0.5463172793388367 -0.10500364005565643
v -0.028868883848190308 0.5550985336303711 -0.10076453536748886
v -0.02365259639918804 0.5697790384292603 -0.1260591596364975
v -0.005073195323348045 0.5548123717308044 -0.10167805105447769
v -0.029703300446271896 0.5723655223846436 -0.12468381971120834
v -0.022616053000092506 0.5689590573310852 -0.09703032672405243
v -0.00845237448811531 0.5630518794059753 -0.0978458896279335
v -0.029613547027111053 0.5659635066986084 -0.10327306389808655
v -0.05353047698736191 0.5738439559936523 -0.11992427706718445
v -0.041722699999809265 0.5717520713806152 -0.09691905230283737
v -0.03654303774237633 0.5746676325798035 -0.09013482928276062
v -0.049641624093055725 0.5723451375961304 -0.12178590148687363
v -0.041970185935497284 0.5606761574745178 -0.09390415251255035
v -0.05160735175013542 0.5646415948867798 -0.08222413063049316
v -0.052173007279634476 0.5829021334648132 -0.10938268899917603
v -0.054722290486097336 0.5839794874191284 -0.1075502559542656
v -0.0479249507188797 0.5778729915618896 -0.07993192970752716
v -0.05562363564968109 0.5744718313217163 -0.08714167773723602
v -0.06411916017532349 0.580582857131958 -0.09408947825431824
v -0.06271747499704361 0.5759176015853882 -0.07186876237392426
v -0.05559787154197693 0.5794414281845093 -0.06740228831768036
v -0.06211572512984276 0.5784684419631958 -0.09663022309541702
v -0.06079869344830513 0.5661656856536865 -0.0690464973449707
v -0.06819051504135132 0.5794949531555176 -0.0757051557302475
v -0.06689631193876266 0.5721060037612915 -0.053938958793878555
v -0.06068171560764313 0.5785560607910156 -0.05614335462450981
v -0.06699040532112122 0.5783281326293945 -0.07825202494859695
v -0.06744442880153656 0.5670679211616516 -0.057545896619558334
v -0.028536908328533173 0.4421117901802063 -0.014638781547546387
v -0.024911999702453613 0.46200278401374817 -0.013590514659881592
v -0.038235925137996674 0.44627392292022705 -0.017436087131500244
v -0.044980667531490326 0.46661925315856934 -0.01133592426776886
v -0.034182921051979065 0.4658546447753906 -0.015768244862556458
v -0.022415131330490112 0.480010062456131 -0.015460088849067688
v -0.04127492010593414 0.48450735211372375 -0.011298850178718567
v -0.032040610909461975 0.4830735921859741 -0.01649335026741028
v -0.053319886326789856 0.4906798005104065 0.040645599365234375
v -0.05587996542453766 0.49451765418052673 0.02417115867137909
v -0.044429779052734375 0.48684367537498474 0.0472184419631958
v -0.027489855885505676 0.47965678572654724 0.061036258935928345
v -0.03708924353122711 0.482810914516449 0.054646581411361694
v -0.019328400492668152 0.4953807294368744 -0.022140100598335266
v -0.011827215552330017 0.493697851896286 -0.007034212350845337
v -0.030694812536239624 0.49790358543395996 -0.02518664300441742
v -0.04234592616558075 0.49996471405029297 -0.017636120319366455
v -0.008388426154851913 0.5396401286125183 -0.09365443885326385
v -0.0055029988288879395 0.5364123582839966 -0.0762452483177185
v -0.019643377512693405 0.5317696332931519 -0.07679656147956848
v -0.023145701736211777 0.54315185546875 -0.08924143761396408
v -0.03266751021146774 0.5362393856048584 -0.06835345178842545
v -0.03520046919584274 0.5493477582931519 -0.08056318759918213
v -0.043677955865859985 0.5410938858985901 -0.05801473185420036
v -0.046255629509687424 0.5535881519317627 -0.06983687728643417
v -0.053840264678001404 0.5456818342208862 -0.04761931300163269
v -0.05599791556596756 0.5570238828659058 -0.05826311558485031
v -0.06277484446763992 0.55173659324646 -0.037960246205329895
v -0.06548871845006943 0.559386670589447 -0.04882661625742912
v -0.06731810420751572 0.5605928897857666 -0.03254301846027374
v -0.06867115199565887 0.5669029951095581 -0.044194139540195465
v 0.0011675730347633362 0.550734281539917 -0.08932075649499893
v 0.002660810947418213 0.547037661075592 -0.07227428257465363
v -0.003179483115673065 0.5611493587493896 -0.0839756652712822
v -0.0007259845733642578 0.5585042238235474 -0.06658466160297394
v -0.015111153945326805 0.5650656223297119 -0.07881520688533783
v -0.012150503695011139 0.5621298551559448 -0.061374399811029434
v -0.05900789797306061 0.570000171661377 -0.032989174127578735
v -0.05898411199450493 0.5751425623893738 -0.04569074511528015
v -0.028020229190587997 0.5696563720703125 -0.07024408131837845
v -0.02519279718399048 0.5650267601013184 -0.05390486866235733
v -0.039068467915058136 0.5737212300300598 -0.06072999909520149
v -0.03666534274816513 0.5685589909553528 -0.04547780752182007
v -0.048890795558691025 0.5758793354034424 -0.05209716036915779
v -0.04767964035272598 0.5706924200057983 -0.038164250552654266
v -0.01610150933265686 0.5221866369247437 -0.058768659830093384
v -0.03139251470565796 0.5220402479171753 -0.054825104773044586
v -0.043436408042907715 0.5267088413238525 -0.044379688799381256
v -0.05226624757051468 0.5340007543563843 -0.03292345255613327
v -0.05937342345714569 0.5433320999145508 -0.022634953260421753
v -0.06429809331893921 0.5522129535675049 -0.01748153567314148
v -0.05319604277610779 0.5199874043464661 -0.012373462319374084
v -0.0554347038269043 0.535965621471405 -0.00300656259059906
v -0.0587683767080307 0.5461660623550415 0.0007242709398269653
v -0.053085729479789734 0.5285940170288086 0.018274173140525818
v -0.05321507155895233 0.5398901700973511 0.01982128620147705
v -0.044397011399269104 0.5193643569946289 0.052337825298309326
v -0.04519367218017578 0.5323521494865417 0.05592368543148041
v -0.049012839794158936 0.5344289541244507 0.03946252167224884
v -0.048425525426864624 0.5225105285644531 0.03741677105426788
v -0.05120334029197693 0.5143436193466187 0.010826006531715393
v -0.049237191677093506 0.5072580575942993 0.03131780028343201
v -0.0460435152053833 0.5035558342933655 0.045437514781951904
v -0.03225038945674896 0.526511549949646 0.07432545721530914
v -0.04065604507923126 0.529888927936554 0.06710432469844818
v -0.03970146179199219 0.5168628096580505 0.06266820430755615
v -0.033258646726608276 0.5130500793457031 0.07106383144855499
v -0.02018037438392639 0.5098986625671387 0.07666033506393433
v -0.018332064151763916 0.5243346691131592 0.07655099034309387
v -0.007232263684272766 0.5110640525817871 0.06743419170379639
v -0.005528554320335388 0.5242778062820435 0.06944893300533295
v -0.03451062738895416 0.4973333477973938 0.06270022690296173
v -0.040584683418273926 0.5008795261383057 0.05478911101818085
v -0.02397073805332184 0.4937889575958252 0.06921711564064026
v -0.012379556894302368 0.49485453963279724 0.0608258992433548
v -0.011976554989814758 0.49918901920318604 0.046514272689819336
v -0.00664086639881134 0.515497088432312 0.05158574879169464
v -0.0016409754753112793 0.5271978974342346 0.05461101233959198
v -0.004826411604881287 0.5319362878799438 -0.05553452670574188
v -0.001111358404159546 0.5412677526473999 -0.05071842670440674
v -0.0446513295173645 0.5125272870063782 -0.030183866620063782
v -0.030669718980789185 0.5080738067626953 -0.040265150368213654
v -0.014637947082519531 0.5101265907287598 -0.03527407348155975
v -0.004171356558799744 0.5257573127746582 -0.03206035494804382
v -0.004585281014442444 0.537365198135376 -0.0260847806930542
v -0.006296470761299133 0.5340598821640015 -0.004035770893096924
v -0.004197016358375549 0.523302435874939 -0.008402720093727112
v -0.004427582025527954 0.5505050420761108 -0.04540237784385681
v -0.009428754448890686 0.5439599752426147 -0.022054284811019897
v -0.010387122631072998 0.5400823354721069 -0.0004973113536834717
v -0.004046902060508728 0.5317767858505249 0.014585345983505249
v -0.0032505840063095093 0.5209786891937256 0.010728791356086731
v -0.002561599016189575 0.5299550294876099 0.029036149382591248
v -0.005033746361732483 0.5188218951225281 0.02537904679775238
v -0.00598067045211792 0.5172202587127686 0.03749954700469971
v -0.0014137178659439087 0.5284683704376221 0.04115886986255646
v -0.008350372314453125 0.5035748481750488 0.023280426859855652
v -0.009924173355102539 0.5012485980987549 0.03416818380355835
v -0.006719499826431274 0.506487250328064 0.008810535073280334
v -0.007901370525360107 0.5085663795471191 -0.01084175705909729
v -0.057887881994247437 0.5615694522857666 -0.01737198233604431
v -0.05472509562969208 0.5541595220565796 0.0006354153156280518
v -0.04988253116607666 0.5474509000778198 0.019859150052070618
v -0.045279115438461304 0.5434033274650574 0.039464741945266724
v -0.03952895104885101 0.5412264466285706 0.05489242076873779
v -0.03429703414440155 0.5387645363807678 0.06395663321018219
v -0.016821488738059998 0.5333163142204285 0.07187519967556
v -0.02759253978729248 0.5359312295913696 0.07063031196594238
v -0.007806792855262756 0.5331219434738159 0.06648106873035431
v -0.0036507844924926758 0.5356610417366028 0.054856494069099426
v -0.003536611795425415 0.5379906296730042 0.043354615569114685
v -0.007125377655029297 0.539301872253418 0.01809006929397583
v -0.004797354340553284 0.5393036007881165 0.03228433430194855
v -0.006706535816192627 0.4902852475643158 0.009296387434005737
v -0.008488178253173828 0.48713263869285583 0.023961052298545837
v -0.011473983526229858 0.4848278760910034 0.03375224769115448
v -0.016254648566246033 0.4791128635406494 0.055312156677246094
v -0.013006657361984253 0.4822380244731903 0.04303719103336334
v -0.013601541519165039 0.5557451248168945 -0.04059495031833649
v -0.02606324851512909 0.5584084987640381 -0.0343037024140358
v -0.03748588263988495 0.5618005990982056 -0.02711978554725647
v -0.048062101006507874 0.5635040998458862 -0.021134182810783386
v -0.04700958728790283 0.5566802024841309 -0.002077266573905945
v -0.03748221695423126 0.5557227730751038 -0.00626017153263092
v -0.0266139954328537 0.5532000660896301 -0.011649027466773987
v -0.016367971897125244 0.5489888191223145 -0.01765429973602295
v -0.04260365664958954 0.550851583480835 0.017111212015151978
v -0.034052103757858276 0.5508357882499695 0.013338223099708557
v -0.02438656985759735 0.5492907762527466 0.009736597537994385
v -0.016105353832244873 0.5455453991889954 0.003942415118217468
v -0.012342527508735657 0.5447001457214355 0.022300124168395996
v -0.01983526349067688 0.5467178821563721 0.027849018573760986
v -0.028658360242843628 0.5475221872329712 0.031107261776924133
v -0.03696112334728241 0.5466830730438232 0.03576599061489105
v -0.031901776790618896 0.5434260964393616 0.049996793270111084
v -0.024355009198188782 0.5441117286682129 0.044819608330726624
v -0.016161367297172546 0.5436023473739624 0.04144833981990814
v -0.010045722126960754 0.5427969694137573 0.03628440201282501
v -0.027876392006874084 0.5412518978118896 0.05770166218280792
v -0.016972094774246216 0.5372793078422546 0.06585603952407837
v -0.023263975977897644 0.53885817527771 0.06305176019668579
v -0.01081855595111847 0.5374117493629456 0.06284062564373016
v -0.008671551942825317 0.5391817092895508 0.05447578430175781
v -0.008915990591049194 0.541130781173706 0.045865580439567566
v -0.014636963605880737 0.5416980385780334 0.04895178973674774
v -0.013671517372131348 0.5399153828620911 0.05509383976459503
v -0.021741315722465515 0.5418241024017334 0.05281786620616913
v -0.019335612654685974 0.539840817451477 0.05782262980937958
v -0.013786688446998596 0.5385123491287231 0.059879690408706665
v -0.01659458875656128 0.5385420322418213 0.06122201681137085
v -0.05004580318927765 0.5004961490631104 0.0002133399248123169
v -0.06937830150127411 0.22693148255348206 -0.10218571126461029
v -0.05741972103714943 0.223272442817688 -0.10041563212871552
v -0.08347851783037186 0.22638025879859924 -0.10146919637918472
v -0.11985112726688385 -0.12889158725738525 -0.05695020407438278
v -0.05477389320731163 -0.2923746705055237 -0.05202237144112587
v -0.05603615939617157 -0.32574164867401123 -0.054096098989248276
v -0.05503276735544205 -0.3086911141872406 -0.05257813632488251
v -0.1219426691532135 -0.10959488153457642 -0.06379058212041855
v -0.08711051195859909 -0.3516351580619812 -0.03162943571805954
v -0.08639845997095108 -0.45948243141174316 -0.10444054007530212
v -0.11030369251966476 -0.7492260932922363 -0.0861370861530304
v -0.10753833502531052 -0.7469911575317383 -0.08549943566322327
v -0.10552570223808289 -0.7448551654815674 -0.08379599452018738
v -0.10453362762928009 -0.7425965666770935 -0.08189259469509125
v -0.10337026417255402 -0.7409392595291138 -0.07956364750862122
v -0.10109015554189682 -0.741370677947998 -0.07695000618696213
v -0.10725291818380356 -0.7457093000411987 -0.0815797820687294
v -0.10503488779067993 -0.747852623462677 -0.08015108853578568
v -0.10549388825893402 -0.7494575381278992 -0.08124475181102753
v -0.10800433158874512 -0.7475428581237793 -0.08290617167949677
f 2 3 1
f 1 3 4
f 3 2 5
f 5 2 6
f 3 7 4
f 4 7 8
f 10 11 9
f 9 11 12
f 14 15 13
f 13 15 16
f 18 19 17
f 17 19 20
f 22 23 21
f 21 23 24
f 26 18 25
f 25 18 17
f 27 28 17
f 17 28 25
f 30 31 29
f 29 31 32
f 34 35 33
f 33 35 36
f 21 24 37
f 37 24 38
f 40 31 39
f 39 31 38
f 34 33 28
f 28 33 25
f 41 42 44
f 44 42 43
f 36 45 33
f 33 45 25
f 46 47 49
f 49 47 48
f 51 52 50
f 50 52 53
f 55 53 54
f 54 53 52
f 57 58 56
f 56 58 59
f 61 62 60
f 60 62 63
f 65 66 64
f 64 66 67
f 69 70 68
f 68 70 71
f 65 73 72
f 72 73 74
f 64 75 65
f 65 75 73
f 77 78 76
f 76 78 79
f 80 81 83
f 83 81 82
f 81 85 84
f 84 85 86
f 88 89 87
f 87 89 69
f 88 87 90
f 90 87 91
f 93 94 92
f 92 94 95
f 96 84 43
f 43 84 44
f 51 98 97
f 97 98 86
f 97 99 51
f 51 99 52
f 54 52 100
f 100 52 99
f 58 101 59
f 59 101 102
f 62 103 63
f 63 103 104
f 105 106 6
f 6 106 5
f 108 109 107
f 107 109 110
f 112 113 111
f 111 113 114
f 116 117 115
f 115 117 118
f 120 121 119
f 119 121 122
f 124 125 123
f 123 125 126
f 128 129 127
f 127 129 130
f 130 131 127
f 127 131 132
f 134 1 133
f 133 1 135
f 1 4 135
f 135 4 136
f 4 8 136
f 136 8 137
f 138 139 15
f 15 139 140
f 140 139 141
f 141 139 142
f 144 57 143
f 143 57 56
f 145 146 141
f 141 146 147
f 146 149 148
f 148 149 150
f 152 153 151
f 151 153 154
f 141 147 140
f 140 147 155
f 157 11 156
f 156 11 158
f 160 161 159
f 159 161 162
f 164 165 163
f 163 165 166
f 165 160 166
f 166 160 159
f 168 169 167
f 167 169 170
f 169 171 170
f 170 171 172
f 149 173 150
f 150 173 174
f 175 176 149
f 149 176 173
f 178 172 177
f 177 172 171
f 180 181 179
f 179 181 182
f 184 180 183
f 183 180 179
f 186 187 185
f 185 187 188
f 190 191 189
f 189 191 192
f 7 193 8
f 8 193 194
f 196 162 195
f 195 162 161
f 197 168 198
f 198 168 167
f 181 199 182
f 182 199 200
f 202 203 201
f 201 203 204
f 187 186 205
f 205 186 206
f 208 209 207
f 207 209 210
f 212 213 211
f 211 213 214
f 215 216 218
f 218 216 217
f 220 209 219
f 219 209 208
f 204 186 221
f 221 186 185
f 201 204 222
f 222 204 221
f 223 211 220
f 220 211 209
f 224 225 214
f 214 225 210
f 203 206 204
f 204 206 186
f 227 187 226
f 226 187 205
f 27 228 21
f 21 228 22
f 230 231 229
f 229 231 232
f 234 235 233
f 233 235 236
f 238 239 237
f 237 239 240
f 119 122 118
f 118 122 115
f 112 242 241
f 241 242 243
f 98 51 244
f 244 51 50
f 245 138 14
f 14 138 15
f 11 10 158
f 158 10 246
f 89 85 69
f 69 85 70
f 11 157 12
f 12 157 247
f 249 164 248
f 248 164 163
f 177 250 178
f 178 250 251
f 253 254 252
f 252 254 255
f 187 227 188
f 188 227 256
f 212 257 213
f 213 257 258
f 260 134 259
f 259 134 133
f 165 164 135
f 135 164 133
f 160 165 136
f 136 165 135
f 136 137 160
f 160 137 161
f 137 261 161
f 161 261 195
f 263 264 262
f 262 264 265
f 13 16 266
f 266 16 267
f 268 267 155
f 155 267 16
f 147 269 155
f 155 269 268
f 162 196 167
f 167 196 198
f 167 170 162
f 162 170 159
f 170 172 159
f 159 172 166
f 172 178 166
f 166 178 163
f 178 251 163
f 163 251 248
f 168 270 169
f 169 270 271
f 272 273 171
f 171 273 177
f 271 272 169
f 169 272 171
f 168 197 270
f 270 197 274
f 250 177 275
f 275 177 273
f 277 45 276
f 276 45 278
f 280 281 279
f 279 281 282
f 284 104 283
f 283 104 103
f 285 215 286
f 286 215 218
f 288 289 287
f 287 289 290
f 291 80 66
f 66 80 83
f 293 294 292
f 292 294 295
f 73 91 74
f 74 91 87
f 91 73 92
f 92 73 75
f 279 77 280
f 280 77 76
f 80 291 70
f 70 291 71
f 277 47 96
f 96 47 82
f 297 175 296
f 296 175 149
f 299 154 298
f 298 154 153
f 225 300 210
f 210 300 207
f 224 301 206
f 206 301 205
f 210 209 214
f 214 209 211
f 226 205 302
f 302 205 301
f 304 305 303
f 303 305 306
f 308 309 307
f 307 309 310
f 72 291 65
f 65 291 66
f 66 83 67
f 67 83 46
f 312 313 311
f 311 313 314
f 316 317 315
f 315 317 36
f 29 318 35
f 35 318 319
f 321 32 320
f 320 32 322
f 311 314 323
f 323 314 324
f 315 325 316
f 316 325 326
f 318 287 319
f 319 287 290
f 328 321 327
f 327 321 320
f 329 330 39
f 39 330 331
f 332 333 40
f 40 333 322
f 309 334 285
f 285 334 335
f 236 2 134
f 134 2 1
f 260 336 233
f 233 336 337
f 237 14 265
f 265 14 13
f 84 86 44
f 44 86 98
f 189 192 7
f 7 192 193
f 44 98 41
f 41 98 244
f 237 240 14
f 14 240 245
f 7 3 189
f 189 3 5
f 338 71 72
f 72 71 291
f 262 265 266
f 266 265 13
f 124 123 339
f 339 123 105
f 123 109 105
f 105 109 106
f 189 5 190
f 190 5 106
f 111 114 12
f 12 114 9
f 264 340 265
f 265 340 237
f 342 343 341
f 341 343 344
f 6 235 105
f 105 235 339
f 234 346 345
f 345 346 347
f 349 350 348
f 348 350 351
f 107 352 108
f 108 352 353
f 355 356 354
f 354 356 357
f 237 340 238
f 238 340 358
f 12 247 111
f 111 247 359
f 264 263 116
f 116 263 360
f 361 362 222
f 222 362 201
f 364 365 363
f 363 365 366
f 368 369 367
f 367 369 370
f 372 373 371
f 371 373 374
f 375 376 372
f 372 376 377
f 378 379 381
f 381 379 380
f 382 383 269
f 269 383 268
f 150 174 365
f 365 174 384
f 380 377 381
f 381 377 376
f 271 270 180
f 180 270 181
f 273 272 252
f 252 272 184
f 272 271 184
f 184 271 180
f 181 270 274
f 252 255 273
f 273 255 275
f 254 385 255
f 255 385 386
f 387 388 179
f 179 388 183
f 389 387 182
f 182 387 179
f 182 200 389
f 389 200 390
f 388 391 183
f 183 391 253
f 391 392 253
f 253 392 254
f 394 379 393
f 393 379 378
f 185 188 395
f 395 188 396
f 221 185 397
f 397 185 395
f 222 221 398
f 398 221 397
f 188 256 396
f 396 256 399
f 400 401 256
f 256 401 399
f 402 403 405
f 405 403 404
f 148 150 364
f 364 150 365
f 393 406 394
f 394 406 407
f 158 246 393
f 393 246 406
f 342 19 238
f 238 19 239
f 23 22 350
f 350 22 354
f 244 50 245
f 245 50 138
f 55 142 53
f 53 142 139
f 145 144 296
f 296 144 143
f 355 228 341
f 341 228 20
f 41 240 42
f 42 240 239
f 283 308 284
f 284 308 307
f 349 409 408
f 408 409 410
f 244 245 41
f 41 245 240
f 268 383 406
f 406 383 407
f 346 411 349
f 349 411 409
f 251 412 248
f 248 412 413
f 275 414 250
f 250 414 415
f 25 45 26
f 26 45 277
f 43 26 96
f 96 26 277
f 416 417 61
f 61 417 62
f 329 24 408
f 408 24 23
f 31 40 32
f 32 40 322
f 39 38 329
f 329 38 24
f 37 38 30
f 30 38 31
f 418 419 421
f 421 419 420
f 78 295 79
f 79 295 294
f 124 339 422
f 422 339 345
f 232 131 357
f 357 131 351
f 2 236 6
f 6 236 235
f 252 184 253
f 253 184 183
f 227 423 256
f 256 423 400
f 423 227 305
f 305 227 226
f 424 258 425
f 425 258 257
f 426 427 212
f 212 427 257
f 259 133 249
f 249 133 164
f 419 418 428
f 428 418 429
f 327 430 328
f 328 430 288
f 49 431 46
f 46 431 67
f 306 302 424
f 424 302 258
f 313 432 314
f 314 432 433
f 32 321 29
f 29 321 318
f 324 314 433
f 287 318 328
f 328 318 321
f 134 260 236
f 236 260 233
f 345 339 234
f 234 339 235
f 357 351 354
f 354 351 350
f 408 23 349
f 349 23 350
f 317 278 36
f 36 278 45
f 432 313 429
f 429 313 428
f 435 428 434
f 434 428 313
f 42 239 18
f 18 239 19
f 43 42 26
f 26 42 18
f 121 120 436
f 436 120 437
f 302 301 258
f 258 301 213
f 110 109 126
f 126 109 123
f 238 358 342
f 342 358 343
f 341 20 342
f 342 20 19
f 322 438 320
f 320 438 439
f 320 439 327
f 327 439 430
f 333 440 322
f 322 440 438
f 289 288 323
f 323 288 430
f 115 340 116
f 116 340 264
f 146 145 149
f 149 145 296
f 15 140 16
f 16 140 155
f 441 442 152
f 152 442 153
f 225 224 203
f 203 224 206
f 175 297 154
f 154 297 151
f 293 443 294
f 294 443 444
f 248 413 249
f 249 413 445
f 446 447 400
f 400 447 401
f 388 387 396
f 396 387 395
f 387 389 395
f 395 389 397
f 391 388 399
f 399 388 396
f 401 392 399
f 399 392 391
f 255 386 275
f 275 386 414
f 449 450 448
f 448 450 451
f 335 452 285
f 285 452 215
f 453 298 442
f 442 298 153
f 211 223 212
f 212 223 426
f 425 257 454
f 454 257 427
f 266 10 262
f 262 10 9
f 360 113 456
f 456 113 455
f 8 194 137
f 137 194 261
f 10 266 246
f 246 266 267
f 203 202 225
f 225 202 300
f 262 9 263
f 263 9 114
f 108 353 190
f 190 353 191
f 389 390 397
f 397 390 398
f 457 422 128
f 128 422 129
f 156 158 378
f 378 158 393
f 347 346 348
f 348 346 349
f 447 458 401
f 401 458 392
f 364 382 148
f 148 382 269
f 55 54 57
f 57 54 58
f 75 64 459
f 459 64 460
f 100 90 101
f 101 90 95
f 101 58 100
f 100 58 54
f 142 55 144
f 144 55 57
f 147 146 269
f 269 146 148
f 459 93 75
f 75 93 92
f 144 145 142
f 142 145 141
f 228 27 20
f 20 27 17
f 154 299 175
f 175 299 176
f 214 213 224
f 224 213 301
f 424 461 306
f 306 461 303
f 285 286 309
f 309 286 310
f 462 334 308
f 308 334 309
f 302 306 226
f 226 306 305
f 37 28 21
f 21 28 27
f 29 35 30
f 30 35 34
f 30 34 37
f 37 34 28
f 344 436 356
f 356 436 229
f 325 290 326
f 326 290 289
f 311 439 312
f 312 439 438
f 35 319 36
f 36 319 315
f 439 311 430
f 430 311 323
f 315 319 325
f 325 319 290
f 440 463 438
f 438 463 312
f 341 344 355
f 355 344 356
f 360 456 116
f 116 456 117
f 354 22 355
f 355 22 228
f 326 289 324
f 324 289 323
f 74 87 68
f 68 87 69
f 50 53 138
f 138 53 139
f 268 406 267
f 267 406 246
f 190 106 108
f 108 106 109
f 241 455 112
f 112 455 113
f 358 122 343
f 343 122 121
f 129 347 130
f 130 347 348
f 348 351 130
f 130 351 131
f 229 232 356
f 356 232 357
f 340 115 358
f 358 115 122
f 111 359 112
f 112 359 242
f 125 124 457
f 457 124 422
f 231 132 232
f 232 132 131
f 343 121 344
f 344 121 436
f 263 114 360
f 360 114 113
f 347 129 345
f 345 129 422
f 230 229 437
f 437 229 436
f 464 446 423
f 423 446 400
f 465 466 468
f 468 466 467
f 470 471 469
f 469 471 472
f 469 472 373
f 373 472 374
f 474 469 473
f 473 469 373
f 471 475 472
f 472 475 476
f 472 477 374
f 374 477 478
f 477 472 476
f 479 480 476
f 476 480 477
f 473 373 377
f 377 373 372
f 481 482 479
f 479 482 480
f 483 484 481
f 481 484 482
f 403 402 485
f 485 402 486
f 487 488 483
f 483 488 484
f 487 489 488
f 488 489 490
f 489 491 490
f 490 491 492
f 491 493 492
f 492 493 494
f 493 495 494
f 494 495 496
f 497 498 481
f 481 498 483
f 484 499 482
f 482 499 367
f 370 480 367
f 367 480 482
f 480 370 477
f 477 370 478
f 500 497 479
f 479 497 481
f 451 473 380
f 380 473 377
f 448 451 379
f 379 451 380
f 501 502 504
f 504 502 503
f 449 505 507
f 507 505 506
f 486 508 505
f 505 508 506
f 508 509 506
f 506 509 510
f 511 507 510
f 510 507 506
f 509 508 512
f 512 508 513
f 515 509 514
f 514 509 512
f 509 515 510
f 510 515 516
f 510 516 511
f 511 516 517
f 486 505 485
f 485 505 518
f 505 449 518
f 518 449 448
f 383 382 403
f 403 382 404
f 363 404 364
f 364 404 382
f 403 485 383
f 383 485 407
f 519 520 361
f 361 520 362
f 522 496 521
f 521 496 495
f 450 474 451
f 451 474 473
f 363 366 523
f 523 366 524
f 525 499 488
f 488 499 484
f 488 490 525
f 525 490 526
f 496 522 520
f 520 522 527
f 494 496 519
f 519 496 520
f 492 494 528
f 528 494 519
f 529 530 495
f 495 530 521
f 490 492 526
f 526 492 528
f 529 495 531
f 531 495 493
f 533 534 532
f 532 534 535
f 523 524 533
f 533 524 534
f 486 402 532
f 532 402 533
f 529 536 530
f 530 536 537
f 536 538 537
f 537 538 539
f 540 541 539
f 539 541 537
f 530 537 535
f 535 537 541
f 542 539 543
f 543 539 538
f 539 542 540
f 540 542 544
f 541 540 513
f 513 540 512
f 540 544 512
f 512 544 514
f 546 547 545
f 545 547 548
f 549 550 531
f 531 550 551
f 550 549 552
f 552 549 553
f 546 550 554
f 554 550 552
f 547 546 555
f 555 546 554
f 498 556 558
f 558 556 557
f 559 557 560
f 560 557 556
f 561 562 560
f 560 562 559
f 557 559 552
f 552 559 554
f 559 562 554
f 554 562 555
f 558 557 553
f 553 557 552
f 475 471 563
f 563 471 564
f 565 563 567
f 567 563 566
f 471 470 564
f 564 470 466
f 564 466 568
f 568 466 465
f 568 465 569
f 569 465 570
f 572 573 571
f 571 573 574
f 569 575 567
f 567 575 576
f 577 565 576
f 576 565 567
f 578 579 581
f 581 579 580
f 575 561 576
f 576 561 560
f 556 577 560
f 560 577 576
f 577 556 497
f 497 556 498
f 565 577 500
f 500 577 497
f 563 565 475
f 475 565 500
f 553 489 558
f 558 489 487
f 531 493 549
f 549 493 491
f 489 553 491
f 491 553 549
f 394 407 518
f 518 407 485
f 518 448 394
f 394 448 379
f 545 548 538
f 538 548 543
f 551 545 536
f 536 545 538
f 536 529 551
f 551 529 531
f 507 582 449
f 449 582 450
f 511 583 507
f 507 583 582
f 511 517 583
f 583 517 584
f 585 586 588
f 588 586 587
f 590 591 589
f 589 591 592
f 591 590 593
f 593 590 594
f 596 597 595
f 595 597 598
f 599 600 602
f 602 600 601
f 604 605 603
f 603 605 606
f 608 609 607
f 607 609 610
f 612 613 611
f 611 613 614
f 615 616 618
f 618 616 617
f 620 621 619
f 619 621 622
f 624 625 623
f 623 625 626
f 628 629 627
f 627 629 630
f 632 633 631
f 631 633 634
f 635 636 638
f 638 636 637
f 639 640 642
f 642 640 641
f 644 645 643
f 643 645 646
f 619 622 647
f 647 622 648
f 650 651 649
f 649 651 652
f 601 653 602
f 602 653 654
f 656 657 655
f 655 657 658
f 660 661 659
f 659 661 662
f 664 665 663
f 663 665 666
f 593 594 667
f 667 594 668
f 669 670 672
f 672 670 671
f 673 674 676
f 676 674 675
f 633 632 677
f 677 632 678
f 663 666 679
f 679 666 680
f 681 682 684
f 684 682 683
f 686 687 685
f 685 687 688
f 690 661 689
f 689 661 691
f 693 686 692
f 692 686 685
f 695 597 694
f 694 597 668
f 594 696 668
f 668 696 694
f 697 698 696
f 696 698 699
f 700 701 697
f 697 701 698
f 702 585 703
f 703 585 588
f 671 690 672
f 672 690 689
f 640 639 704
f 704 639 705
f 679 706 663
f 663 706 658
f 708 709 707
f 707 709 710
f 711 712 610
f 610 712 607
f 713 714 716
f 716 714 715
f 717 718 720
f 720 718 719
f 722 634 721
f 721 634 633
f 724 725 723
f 723 725 726
f 728 729 727
f 727 729 730
f 732 733 731
f 731 733 734
f 707 710 735
f 735 710 736
f 643 737 644
f 644 737 738
f 740 741 739
f 739 741 742
f 608 744 743
f 743 744 745
f 747 748 746
f 746 748 749
f 751 752 750
f 750 752 753
f 754 755 757
f 757 755 756
f 758 759 761
f 761 759 760
f 763 764 762
f 762 764 765
f 767 768 766
f 766 768 769
f 771 772 770
f 770 772 773
f 775 776 774
f 774 776 777
f 779 780 778
f 778 780 781
f 783 712 782
f 782 712 784
f 785 786 788
f 788 786 787
f 790 628 789
f 789 628 627
f 792 793 791
f 791 793 794
f 795 796 726
f 726 796 723
f 798 799 797
f 797 799 800
f 721 633 801
f 801 633 677
f 797 800 802
f 802 800 803
f 805 806 804
f 804 806 807
f 809 810 808
f 808 810 811
f 813 814 812
f 812 814 815
f 809 808 817
f 817 808 816
f 818 819 804
f 804 819 805
f 820 821 818
f 818 821 819
f 821 820 587
f 587 820 822
f 809 823 810
f 810 823 824
f 814 807 815
f 815 807 806
f 826 426 825
f 825 426 223
f 426 826 427
f 427 826 827
f 828 829 454
f 454 829 830
f 831 832 677
f 677 832 801
f 834 835 833
f 833 835 836
f 838 839 837
f 837 839 840
f 841 842 844
f 844 842 843
f 845 846 803
f 803 846 802
f 847 831 678
f 678 831 677
f 848 849 851
f 851 849 850
f 853 854 852
f 852 854 855
f 857 858 856
f 856 858 680
f 860 861 859
f 859 861 862
f 864 865 863
f 863 865 866
f 868 869 867
f 867 869 870
f 839 871 840
f 840 871 872
f 849 848 874
f 874 848 873
f 876 877 875
f 875 877 878
f 880 881 879
f 879 881 882
f 883 884 886
f 886 884 885
f 846 887 802
f 802 887 888
f 890 891 889
f 889 891 888
f 893 894 892
f 892 894 895
f 896 897 728
f 728 897 729
f 899 900 898
f 898 900 901
f 902 852 904
f 904 852 903
f 849 905 850
f 850 905 906
f 875 878 907
f 907 878 908
f 910 911 909
f 909 911 912
f 914 915 913
f 913 915 916
f 917 918 862
f 862 918 859
f 919 920 856
f 856 920 921
f 923 924 922
f 922 924 925
f 926 927 925
f 925 927 922
f 929 930 928
f 928 930 693
f 932 695 931
f 931 695 694
f 823 867 824
f 824 867 933
f 935 936 934
f 934 936 937
f 938 868 823
f 823 868 867
f 940 847 939
f 939 847 678
f 632 655 678
f 678 655 939
f 941 942 619
f 619 942 620
f 687 943 688
f 688 943 944
f 851 850 945
f 945 850 903
f 850 906 903
f 903 906 904
f 946 947 949
f 949 947 948
f 951 952 950
f 950 952 953
f 955 956 954
f 954 956 957
f 907 958 875
f 875 958 874
f 960 961 959
f 959 961 962
f 963 853 902
f 902 853 852
f 909 964 910
f 910 964 965
f 967 968 966
f 966 968 969
f 971 972 970
f 970 972 973
f 974 960 975
f 975 960 959
f 977 978 976
f 976 978 979
f 981 977 980
f 980 977 976
f 980 982 981
f 981 982 983
f 985 983 984
f 984 983 982
f 984 986 985
f 985 986 987
f 989 990 988
f 988 990 991
f 993 994 992
f 992 994 995
f 997 998 996
f 996 998 999
f 1001 1002 1000
f 1000 1002 1003
f 1005 1006 1004
f 1004 1006 1007
f 1004 1008 1005
f 1005 1008 1009
f 1008 1010 1009
f 1009 1010 1011
f 1013 1011 1012
f 1012 1011 1010
f 1014 1015 1017
f 1017 1015 1016
f 1019 1020 1018
f 1018 1020 1021
f 1022 1023 976
f 976 1023 980
f 1024 1025 982
f 982 1025 984
f 992 995 1026
f 1026 995 1027
f 956 955 1028
f 1028 955 1029
f 1030 1031 1033
f 1033 1031 1032
f 1010 1008 1034
f 1034 1008 1035
f 1008 1004 1035
f 1035 1004 1036
f 1037 1038 1002
f 1002 1038 1007
f 1002 1001 1037
f 1037 1001 1039
f 1040 1041 997
f 997 1041 998
f 1015 1014 1043
f 1043 1014 1042
f 1044 1045 1047
f 1047 1045 1046
f 1044 1020 1048
f 1048 1020 1049
f 1050 1051 1003
f 1003 1051 1000
f 1052 1050 1006
f 1006 1050 1003
f 1053 1054 1011
f 1011 1054 1009
f 1013 1045 1055
f 1055 1045 1056
f 1058 1059 1057
f 1057 1059 1060
f 1062 1063 1061
f 1061 1063 1064
f 1065 1066 1050
f 1050 1066 1051
f 1067 1065 1052
f 1052 1065 1050
f 1068 1069 1054
f 1054 1069 1070
f 1071 1068 1053
f 1053 1068 1054
f 1073 1071 1072
f 1072 1071 1074
f 1074 1071 1055
f 1055 1071 1053
f 1076 1077 1075
f 1075 1077 1078
f 1079 1080 1057
f 1057 1080 1058
f 1081 1082 1064
f 1064 1082 1061
f 1084 1085 1083
f 1083 1085 1086
f 1088 1089 1087
f 1087 1089 1090
f 1092 1093 1091
f 1091 1093 1094
f 1096 1097 1095
f 1095 1097 1098
f 1099 1100 1102
f 1102 1100 1101
f 1103 1104 1099
f 1099 1104 1100
f 1106 1107 1105
f 1105 1107 1108
f 1110 1111 1109
f 1109 1111 1112
f 1114 1115 1113
f 1113 1115 1116
f 1118 1119 1117
f 1117 1119 1077
f 1117 1120 1122
f 1122 1120 1121
f 1105 1123 1106
f 1106 1123 1124
f 1125 1126 1128
f 1128 1126 1127
f 1130 1131 1129
f 1129 1131 1132
f 1134 1135 1133
f 1133 1135 1114
f 1113 1136 1114
f 1114 1136 1133
f 1118 1137 1113
f 1113 1137 1136
f 1118 1117 1137
f 1137 1117 1122
f 1139 1140 1138
f 1138 1140 1141
f 1143 953 1142
f 1142 953 952
f 1145 957 1144
f 1144 957 956
f 1028 1146 956
f 956 1146 1144
f 1014 1147 1042
f 1042 1147 1148
f 1014 1017 1147
f 1147 1017 1149
f 1059 1058 1150
f 1150 1058 1151
f 1153 1080 1152
f 1152 1080 1154
f 1156 1088 1155
f 1155 1088 1087
f 1157 1158 1106
f 1106 1158 1107
f 1106 1124 1157
f 1157 1124 1159
f 1161 1162 1160
f 1160 1162 1163
f 1165 1166 1164
f 1164 1166 1167
f 1168 1031 1012
f 1012 1031 1046
f 1024 1023 1035
f 1035 1023 1034
f 1036 1038 1025
f 1025 1038 1169
f 1170 1171 1039
f 1039 1171 1037
f 1028 1029 1042
f 1042 1029 1043
f 1172 1173 1175
f 1175 1173 1174
f 1055 1053 1013
f 1013 1053 1011
f 1005 1009 1070
f 1070 1009 1054
f 996 999 1062
f 1062 999 1063
f 1016 1060 1017
f 1017 1060 1059
f 1017 1059 1149
f 1149 1059 1150
f 1177 1178 1176
f 1176 1178 1103
f 1176 1072 1179
f 1179 1072 1074
f 1073 1102 1086
f 1086 1102 1083
f 1180 1181 1067
f 1067 1181 1065
f 1182 1183 1184
f 1184 1183 1181
f 1186 1187 1185
f 1185 1187 1188
f 1189 1190 798
f 798 1190 799
f 1192 1193 1191
f 1191 1193 1194
f 1195 1196 1194
f 1194 1196 1191
f 1196 1195 1198
f 1198 1195 1197
f 1200 674 1199
f 1199 674 673
f 928 1201 1203
f 1203 1201 1202
f 861 1204 862
f 862 1204 921
f 1205 1206 913
f 913 1206 1207
f 882 1208 879
f 879 1208 1209
f 1210 1211 1167
f 1167 1211 1164
f 1212 769 1213
f 1213 769 768
f 727 1214 728
f 728 1214 1215
f 1217 1218 1216
f 1216 1218 1219
f 1220 813 1221
f 1221 813 812
f 827 828 427
f 427 828 454
f 1223 1224 1222
f 1222 1224 1165
f 1226 1227 1225
f 1225 1227 1228
f 851 1229 848
f 848 1229 1230
f 834 854 835
f 835 854 1231
f 1233 1234 1232
f 1232 1234 1235
f 1237 751 1236
f 1236 751 750
f 743 819 1238
f 1238 819 821
f 1240 1241 1239
f 1239 1241 1242
f 1244 1245 1243
f 1243 1245 1246
f 844 1247 841
f 841 1247 1248
f 1250 1251 1249
f 1249 1251 1252
f 1254 893 1253
f 1253 893 1237
f 1255 1256 1258
f 1258 1256 1257
f 1260 1261 1259
f 1259 1261 1262
f 945 903 855
f 855 903 852
f 855 1263 945
f 945 1263 1264
f 832 845 801
f 801 845 803
f 800 721 803
f 803 721 801
f 721 800 722
f 722 800 799
f 1266 1267 1265
f 1265 1267 1268
f 1270 795 1269
f 1269 795 726
f 725 1271 726
f 726 1271 1269
f 737 765 738
f 738 765 764
f 759 740 760
f 760 740 739
f 717 1272 1274
f 1274 1272 1273
f 1163 1226 1275
f 1275 1226 1225
f 1277 882 1276
f 1276 882 881
f 1041 1040 1027
f 1027 1040 1026
f 900 935 901
f 901 935 934
f 1164 1278 1165
f 1165 1278 1222
f 1211 1279 1164
f 1164 1279 1278
f 442 1280 453
f 453 1280 1281
f 788 1282 785
f 785 1282 1283
f 1285 1286 1284
f 1284 1286 1287
f 1284 1288 1285
f 1285 1288 1289
f 757 1289 754
f 754 1289 1288
f 605 604 675
f 675 604 676
f 1290 1291 1293
f 1293 1291 1292
f 1295 1296 1294
f 1294 1296 1297
f 696 699 694
f 694 699 931
f 1298 1299 592
f 592 1299 589
f 1299 1300 589
f 589 1300 700
f 1300 1301 700
f 700 1301 701
f 743 745 819
f 819 745 805
f 1303 1304 1302
f 1302 1304 1305
f 1306 1307 1305
f 1305 1307 1302
f 609 1298 610
f 610 1298 592
f 587 822 588
f 588 822 1308
f 703 588 1309
f 1309 588 1308
f 1310 703 571
f 571 703 1309
f 1311 1312 789
f 789 1312 790
f 825 223 1313
f 1313 223 220
f 219 1314 220
f 220 1314 1313
f 1315 1316 1311
f 1311 1316 1312
f 1317 1318 1319
f 1319 1318 1241
f 441 1320 442
f 442 1320 1280
f 1321 217 572
f 572 217 216
f 1323 1230 1322
f 1322 1230 1229
f 1324 1325 631
f 631 1325 656
f 1034 1168 1010
f 1010 1168 1012
f 1327 1328 1326
f 1326 1328 1329
f 1331 1202 1330
f 1330 1202 1201
f 571 1309 572
f 572 1309 1321
f 573 572 1332
f 1332 572 216
f 1334 1335 1333
f 1333 1335 1336
f 1337 1338 918
f 918 1338 859
f 1339 863 1340
f 1340 863 866
f 1341 1342 1344
f 1344 1342 1343
f 1345 1346 919
f 919 1346 920
f 1347 1348 673
f 673 1348 1199
f 693 1349 928
f 928 1349 1201
f 1351 1257 1350
f 1350 1257 1256
f 1350 1352 1351
f 1351 1352 1353
f 653 930 654
f 654 930 662
f 1279 1354 1278
f 1278 1354 1355
f 1357 1358 1356
f 1356 1358 1359
f 937 1360 1140
f 1140 1360 1361
f 1225 1228 909
f 909 1228 964
f 901 934 1362
f 1362 934 1139
f 1364 1365 1363
f 1363 1365 1362
f 1367 912 1366
f 1366 912 911
f 1143 1142 1368
f 1368 1142 1369
f 1144 1186 1145
f 1145 1186 1185
f 1146 1175 1144
f 1144 1175 1186
f 1175 1146 1172
f 1172 1146 1148
f 1147 1018 1148
f 1148 1018 1172
f 1018 1147 1019
f 1019 1147 1149
f 1149 1150 1019
f 1019 1150 1370
f 1150 1151 1370
f 1370 1151 1371
f 1151 1153 1371
f 1371 1153 1177
f 1152 1156 1178
f 1178 1156 1372
f 1155 1158 1373
f 1373 1158 1374
f 1157 1159 1376
f 1376 1159 1375
f 1378 1379 1377
f 1377 1379 1380
f 1382 1383 1381
f 1381 1383 1384
f 1382 1386 1385
f 1385 1386 1387
f 1386 1233 1387
f 1387 1233 1232
f 1389 1390 1388
f 1388 1390 1391
f 1393 1394 1392
f 1392 1394 1395
f 1397 1398 1396
f 1396 1398 1399
f 629 1397 630
f 630 1397 1396
f 1342 1400 1343
f 1343 1400 1401
f 1403 1404 1402
f 1402 1404 1405
f 1407 1408 1406
f 1406 1408 1409
f 1411 1412 1410
f 1410 1412 1413
f 793 1414 794
f 794 1414 1415
f 1417 1341 1416
f 1416 1341 1344
f 704 705 1347
f 1347 705 1418
f 741 1419 742
f 742 1419 1420
f 1422 669 1421
f 1421 669 672
f 645 1423 646
f 646 1423 1424
f 1196 1198 614
f 614 1198 611
f 613 1425 614
f 614 1425 1426
f 1427 616 659
f 659 616 660
f 614 1426 1196
f 1196 1426 1191
f 696 594 697
f 697 594 590
f 697 590 700
f 700 590 589
f 703 1310 702
f 702 1310 1428
f 1421 672 1192
f 1192 672 689
f 1271 648 1269
f 1269 648 622
f 621 1270 622
f 622 1270 1269
f 1429 1430 1417
f 1417 1430 1341
f 1431 1432 1434
f 1434 1432 1433
f 1436 1437 1435
f 1435 1437 1438
f 1440 1441 1439
f 1439 1441 1442
f 1443 1444 1446
f 1446 1444 1445
f 823 809 938
f 938 809 817
f 810 1447 811
f 811 1447 1448
f 1449 1450 679
f 679 1450 706
f 913 916 1205
f 1205 916 1451
f 1275 1225 912
f 912 1225 909
f 1452 1453 880
f 880 1453 881
f 1444 1401 1445
f 1445 1401 1400
f 936 1454 937
f 937 1454 1360
f 824 1455 810
f 810 1455 1447
f 631 656 632
f 632 656 655
f 966 1456 967
f 967 1456 1457
f 1459 1460 1458
f 1458 1460 1461
f 1460 1462 1461
f 1461 1462 1463
f 972 974 973
f 973 974 975
f 990 995 991
f 991 995 994
f 1464 1187 1033
f 1033 1187 1174
f 1018 1021 1172
f 1172 1021 1173
f 1000 999 1001
f 1001 999 998
f 976 979 1022
f 1022 979 1032
f 1023 1024 980
f 980 1024 982
f 989 986 1171
f 1171 986 1169
f 1171 1170 989
f 989 1170 990
f 1170 1027 990
f 990 1027 995
f 1041 1039 998
f 998 1039 1001
f 1051 1063 1000
f 1000 1063 999
f 1066 1064 1051
f 1051 1064 1063
f 1183 1081 1066
f 1066 1081 1064
f 1178 1372 1103
f 1103 1372 1104
f 1092 1091 1465
f 1465 1091 1182
f 1467 1465 1466
f 1466 1465 1468
f 1469 1470 1184
f 1184 1470 1468
f 1095 1098 1471
f 1471 1098 1101
f 1076 1374 1120
f 1120 1374 1376
f 1110 1472 1127
f 1127 1472 1132
f 1472 1473 1132
f 1132 1473 1129
f 1474 1475 1466
f 1466 1475 1473
f 1119 1118 1116
f 1116 1118 1113
f 1375 1121 1376
f 1376 1121 1120
f 1127 1132 1128
f 1128 1132 1131
f 1227 1476 1228
f 1228 1476 1361
f 1365 1477 1362
f 1362 1477 872
f 1478 1479 1323
f 1323 1479 1230
f 1480 1481 914
f 914 1481 915
f 913 1277 914
f 914 1277 1276
f 1168 1034 1022
f 1022 1034 1023
f 1035 1036 1024
f 1024 1036 1025
f 1039 1041 1170
f 1170 1041 1027
f 1042 1148 1028
f 1028 1148 1146
f 968 1459 969
f 969 1459 1458
f 1482 1483 664
f 664 1483 665
f 1485 1486 1484
f 1484 1486 1487
f 1489 1490 1488
f 1488 1490 1491
f 1492 1493 722
f 722 1493 634
f 1495 1496 1494
f 1494 1496 1497
f 1498 1207 1339
f 1339 1207 863
f 1224 1499 1165
f 1165 1499 1166
f 1160 1163 1500
f 1500 1163 1275
f 1500 877 1160
f 1160 877 1501
f 876 873 1502
f 1502 873 1479
f 945 1264 851
f 851 1264 1229
f 835 1231 839
f 839 1231 871
f 1503 1283 778
f 778 1283 1282
f 716 715 1505
f 1505 715 1504
f 1446 1445 1507
f 1507 1445 1506
f 779 792 1381
f 1381 792 791
f 1430 1409 1341
f 1341 1409 1342
f 1411 1429 1508
f 1508 1429 1417
f 635 1510 1509
f 1509 1510 1511
f 1377 1380 1315
f 1315 1380 1316
f 1445 1400 1506
f 1506 1400 1408
f 918 917 1336
f 1336 917 1333
f 1513 1514 1512
f 1512 1514 870
f 1515 1516 1363
f 1363 1516 1364
f 1453 1517 881
f 881 1517 1276
f 992 1518 993
f 993 1518 1519
f 1520 1029 1518
f 1518 1029 955
f 1520 1026 1521
f 1521 1026 1040
f 1522 1015 1521
f 1521 1015 1043
f 996 1523 997
f 997 1523 1522
f 1060 1016 1524
f 1524 1016 1523
f 1061 1525 1062
f 1062 1525 1524
f 1079 1527 1526
f 1526 1527 1528
f 1093 1529 1094
f 1094 1529 1528
f 1111 1530 1112
f 1112 1530 1531
f 1532 1533 1105
f 1105 1533 1123
f 934 937 1139
f 1139 937 1140
f 1138 1363 1139
f 1139 1363 1362
f 1534 1222 1355
f 1355 1222 1278
f 1535 1223 1534
f 1534 1223 1222
f 821 587 1238
f 1238 587 586
f 1319 711 1317
f 1317 711 1536
f 1538 1200 1537
f 1537 1200 1199
f 1508 1417 1539
f 1539 1417 1416
f 1540 1541 840
f 840 1541 837
f 1231 898 871
f 871 898 901
f 1500 1275 1367
f 1367 1275 912
f 1543 1379 1542
f 1542 1379 1395
f 1539 772 1508
f 1508 772 1544
f 1546 1403 1545
f 1545 1403 1402
f 1548 1549 1547
f 1547 1549 1550
f 1552 1548 1551
f 1551 1548 1547
f 1554 1555 1553
f 1553 1555 1556
f 1558 1559 1557
f 1557 1559 1560
f 1562 1563 1561
f 1561 1563 1564
f 1566 1567 1565
f 1565 1567 1568
f 1570 1571 1569
f 1569 1571 1572
f 1574 1575 1573
f 1573 1575 1576
f 1577 1578 1572
f 1572 1578 1569
f 1580 1581 1579
f 1579 1581 1582
f 1584 1585 1583
f 1583 1585 1586
f 1588 1555 1587
f 1587 1555 1589
f 1591 1592 1590
f 1590 1592 1593
f 1595 1596 1594
f 1594 1596 1597
f 1596 1581 1597
f 1597 1581 1576
f 1599 1570 1598
f 1598 1570 1569
f 1601 1602 1600
f 1600 1602 1603
f 1605 1606 1604
f 1604 1606 1607
f 1608 1609 1568
f 1568 1609 1565
f 1611 1612 1610
f 1610 1612 1613
f 1615 1616 1614
f 1614 1616 1617
f 1619 1617 1618
f 1618 1617 1616
f 1621 1622 1620
f 1620 1622 1623
f 1625 1626 1624
f 1624 1626 1627
f 1629 1630 1628
f 1628 1630 1631
f 1633 1634 1632
f 1632 1634 1635
f 1636 1637 1639
f 1639 1637 1638
f 1641 1642 1640
f 1640 1642 1643
f 1624 1627 1644
f 1644 1627 1645
f 1647 1648 1646
f 1646 1648 1649
f 1651 1652 1650
f 1650 1652 1653
f 1655 1656 1654
f 1654 1656 1657
f 1659 1660 1658
f 1658 1660 1661
f 1662 1663 1631
f 1631 1663 1628
f 1651 1665 1664
f 1664 1665 1666
f 1667 1656 1619
f 1619 1656 1617
f 1669 1670 1668
f 1668 1670 1671
f 1632 1635 1672
f 1672 1635 1673
f 1674 1675 1638
f 1638 1675 1639
f 1677 1678 1676
f 1676 1678 1679
f 1680 1640 1681
f 1681 1640 1643
f 1682 1683 1643
f 1643 1683 1681
f 1670 1669 1235
f 1235 1669 1232
f 1396 1399 1674
f 1674 1399 1675
f 627 630 1679
f 1679 630 1676
f 1681 1315 1680
f 1680 1315 1311
f 1683 1377 1681
f 1681 1377 1315
f 1672 1673 1387
f 1387 1673 1385
f 1636 1684 1646
f 1646 1684 1685
f 1687 1688 1686
f 1686 1688 1689
f 1585 1690 1586
f 1586 1690 1691
f 1599 1692 1551
f 1551 1692 1693
f 1552 1558 1694
f 1694 1558 1557
f 1696 1615 1695
f 1695 1615 1614
f 1698 1699 1697
f 1697 1699 1623
f 1700 1701 1703
f 1703 1701 1702
f 1705 1706 1704
f 1704 1706 1707
f 1708 1709 1640
f 1640 1709 1641
f 1710 1711 1713
f 1713 1711 1712
f 1652 1655 1653
f 1653 1655 1654
f 1714 1699 1712
f 1712 1699 1713
f 1715 1710 1716
f 1716 1710 1713
f 1717 1708 1680
f 1680 1708 1640
f 1393 1392 1715
f 1715 1392 1710
f 1719 1720 1718
f 1718 1720 1721
f 1680 1311 1717
f 1717 1311 789
f 1378 1711 1392
f 1392 1711 1710
f 1388 1391 1719
f 1719 1391 1720
f 1723 1606 1722
f 1722 1606 1689
f 1725 1568 1724
f 1724 1568 1567
f 1726 1647 1685
f 1685 1647 1646
f 1728 1554 1727
f 1727 1554 1553
f 1591 1687 1600
f 1600 1687 1686
f 1730 1595 1729
f 1729 1595 1594
f 1601 1605 1731
f 1731 1605 1604
f 1733 1663 1732
f 1732 1663 1734
f 1736 1639 1735
f 1735 1639 1675
f 1658 1644 1737
f 1737 1644 1645
f 1726 1662 1724
f 1724 1662 1631
f 1399 1738 1675
f 1675 1738 1735
f 1621 1667 1739
f 1739 1667 1619
f 1714 1740 1620
f 1620 1740 1741
f 1592 1549 1593
f 1593 1549 1742
f 1602 1571 1603
f 1603 1571 1550
f 1688 1690 1689
f 1689 1690 1722
f 1588 1559 1582
f 1582 1559 1579
f 1673 1735 1385
f 1385 1735 1738
f 1387 1232 1672
f 1672 1232 1669
f 1580 1692 1573
f 1573 1692 1743
f 1377 1683 1378
f 1378 1683 1711
f 1664 1666 1744
f 1744 1666 1745
f 1744 1696 1664
f 1664 1696 1695
f 1746 1747 1732
f 1732 1747 1748
f 1749 1750 1677
f 1677 1750 1678
f 1709 1708 1750
f 1750 1708 1678
f 1668 1632 1669
f 1669 1632 1672
f 1633 1746 1734
f 1734 1746 1732
f 1679 1678 1717
f 1717 1678 1708
f 789 627 1717
f 1717 627 1679
f 1563 1723 1564
f 1564 1723 1722
f 1728 1584 1751
f 1751 1584 1583
f 1674 1676 1396
f 1396 1676 630
f 1666 1566 1745
f 1745 1566 1565
f 1627 1629 1645
f 1645 1629 1628
f 1637 1749 1638
f 1638 1749 1677
f 1648 1665 1649
f 1649 1665 1752
f 1740 1642 1741
f 1741 1642 1657
f 1676 1674 1677
f 1677 1674 1638
f 1683 1682 1711
f 1711 1682 1712
f 1618 1753 1619
f 1619 1753 1739
f 1701 1739 1702
f 1702 1739 1753
f 1754 1214 1756
f 1756 1214 1755
f 647 1757 619
f 619 1757 941
f 1759 1193 1758
f 1758 1193 691
f 1419 1760 1420
f 1420 1760 1761
f 682 1762 683
f 683 1762 1763
f 1412 780 1413
f 1413 780 1384
f 1383 1398 1384
f 1384 1398 1413
f 1197 1424 1764
f 1764 1424 1423
f 1537 1287 1538
f 1538 1287 1286
f 1634 1684 1635
f 1635 1684 1736
f 1724 1631 1725
f 1725 1631 1630
f 1562 1730 1610
f 1610 1730 1729
f 1735 1673 1736
f 1736 1673 1635
f 1757 1195 941
f 941 1195 1194
f 1766 200 1765
f 1765 200 199
f 475 500 476
f 476 500 479
f 498 558 483
f 483 558 487
f 545 551 546
f 546 551 550
f 453 1281 219
f 219 1281 1314
f 298 453 208
f 208 453 219
f 368 1765 1767
f 1767 1765 199
f 523 405 363
f 363 405 404
f 523 533 405
f 405 533 402
f 298 208 299
f 299 208 207
f 299 207 176
f 176 207 300
f 176 300 173
f 173 300 202
f 173 202 174
f 174 202 201
f 1337 918 1768
f 1768 918 1336
f 1769 1770 1338
f 1338 1770 859
f 581 570 578
f 578 570 1771
f 555 562 580
f 580 562 561
f 504 1772 501
f 501 1772 548
f 517 542 584
f 584 542 543
f 515 514 516
f 516 514 544
f 542 517 544
f 544 517 516
f 561 575 580
f 580 575 581
f 575 569 581
f 581 569 570
f 501 548 1773
f 1773 548 547
f 1774 1775 570
f 570 1775 1771
f 369 368 1776
f 1776 368 1767
f 372 369 375
f 375 369 1776
f 822 1280 1308
f 1308 1280 1320
f 820 1281 822
f 822 1281 1280
f 818 1314 820
f 820 1314 1281
f 1314 818 1313
f 1313 818 804
f 807 814 825
f 825 814 826
f 814 813 826
f 826 813 827
f 813 1220 827
f 827 1220 828
f 580 579 555
f 555 579 547
f 1477 1540 872
f 872 1540 840
f 367 499 368
f 368 499 1765
f 1766 1765 525
f 525 1765 499
f 1777 1766 526
f 526 1766 525
f 520 527 362
f 362 527 384
f 361 1778 519
f 519 1778 528
f 371 1779 372
f 372 1779 369
f 369 1779 370
f 370 1779 478
f 1779 371 478
f 478 371 374
f 1778 1777 528
f 528 1777 526
f 1781 1782 1780
f 1780 1782 1783
f 431 460 67
f 67 460 64
f 68 338 74
f 74 338 72
f 1785 1782 1784
f 1784 1782 1786
f 1787 1788 1790
f 1790 1788 1789
f 1792 1789 1791
f 1791 1789 1793
f 1791 1794 1792
f 1792 1794 1795
f 1794 1796 1795
f 1795 1796 1797
f 1797 1798 938
f 938 1798 868
f 1798 1799 868
f 868 1799 869
f 1801 1802 1800
f 1800 1802 1451
f 1803 1804 1205
f 1205 1804 1206
f 1805 1806 864
f 864 1806 865
f 1806 1807 865
f 865 1807 1808
f 68 71 338
f 287 328 288
f 1320 1321 1308
f 1308 1321 1309
f 1320 441 1321
f 1321 441 217
f 441 152 217
f 217 152 218
f 151 286 152
f 152 286 218
f 297 310 151
f 151 310 286
f 296 307 297
f 297 307 310
f 296 143 307
f 307 143 284
f 143 56 284
f 284 56 104
f 56 59 104
f 104 59 63
f 59 102 63
f 63 102 60
f 102 94 60
f 60 94 282
f 93 459 279
f 279 459 77
f 459 460 77
f 77 460 78
f 460 431 78
f 78 431 295
f 431 49 295
f 295 49 292
f 48 421 49
f 49 421 292
f 276 278 418
f 418 278 429
f 317 432 278
f 278 432 429
f 432 317 433
f 433 317 316
f 326 324 316
f 316 324 433
f 1536 592 1809
f 1809 592 591
f 1810 744 1812
f 1812 744 1811
f 1814 1815 1813
f 1813 1815 1816
f 1817 748 1818
f 1818 748 747
f 1812 1819 1810
f 1810 1819 1817
f 1820 1821 748
f 748 1821 749
f 1823 1824 1822
f 1822 1824 1825
f 1827 1828 1826
f 1826 1828 1829
f 1831 1832 1830
f 1830 1832 1833
f 1834 1827 1243
f 1243 1827 1826
f 1313 804 825
f 825 804 807
f 1835 1253 1236
f 1236 1253 1237
f 1836 1837 1438
f 1438 1837 1435
f 1838 1505 1840
f 1840 1505 1839
f 1841 1842 716
f 716 1842 713
f 1843 1844 1510
f 1510 1844 1845
f 1847 1848 1846
f 1846 1848 1849
f 1850 1240 1822
f 1822 1240 1239
f 636 1831 637
f 637 1831 1830
f 1852 1853 1851
f 1851 1853 1854
f 1855 1856 1858
f 1858 1856 1857
f 1846 1849 1859
f 1859 1849 1860
f 1343 1401 1509
f 1509 1401 1861
f 1509 1861 635
f 635 1861 636
f 1863 1864 1862
f 1862 1864 1865
f 1283 1503 1867
f 1867 1503 1866
f 1868 1867 681
f 681 1867 682
f 1286 1285 683
f 683 1285 684
f 757 756 1274
f 1274 756 1869
f 1274 1869 717
f 717 1869 718
f 1434 1433 719
f 719 1433 720
f 1200 1538 1545
f 1545 1538 1763
f 1285 1289 684
f 684 1289 1273
f 684 1273 681
f 681 1273 1272
f 785 1283 1868
f 1868 1283 1867
f 786 785 1870
f 1870 785 1868
f 1289 757 1273
f 1273 757 1274
f 1539 1416 1871
f 1871 1416 1872
f 773 1871 1403
f 1403 1871 1404
f 675 674 1405
f 1405 674 1402
f 1864 1873 1865
f 1865 1873 1874
f 638 1843 635
f 635 1843 1510
f 1344 1343 1511
f 1511 1343 1509
f 772 1539 773
f 773 1539 1871
f 674 1200 1402
f 1402 1200 1545
f 1538 1286 1763
f 1763 1286 683
f 1444 1443 1875
f 1875 1443 1876
f 1875 1876 1831
f 1831 1876 1832
f 1416 1344 1872
f 1872 1344 1511
f 1877 1878 774
f 774 1878 1879
f 1878 1847 1879
f 1879 1847 1846
f 1880 714 1881
f 1881 714 1848
f 1401 1444 1861
f 1861 1444 1875
f 1861 1875 636
f 636 1875 1831
f 1823 1863 1882
f 1882 1863 1862
f 1441 1440 1884
f 1884 1440 1883
f 1883 1852 1884
f 1884 1852 1851
f 1886 1887 1885
f 1885 1887 1888
f 1358 1889 1359
f 1359 1889 1890
f 1891 1886 1892
f 1892 1886 1885
f 774 1879 775
f 775 1879 1893
f 1859 1893 1846
f 1846 1893 1879
f 713 1842 1849
f 1849 1842 1860
f 1318 1895 1894
f 1894 1895 1896
f 1873 1897 1874
f 1874 1897 1898
f 1898 605 1899
f 1899 605 675
f 1405 1844 675
f 675 1844 1899
f 1404 1845 1405
f 1405 1845 1844
f 593 1296 591
f 591 1296 1809
f 1295 1292 1900
f 1900 1292 1895
f 606 1897 1291
f 1291 1897 1896
f 1510 1845 1511
f 1511 1845 1872
f 1871 1872 1404
f 1404 1872 1845
f 1866 770 1762
f 1762 770 1546
f 1762 682 1866
f 1866 682 1867
f 1870 1868 1272
f 1272 1868 681
f 1272 717 1870
f 1870 717 720
f 1870 720 786
f 786 720 1433
f 786 1433 787
f 787 1433 1432
f 1261 1414 1432
f 1432 1414 787
f 1389 1234 1260
f 1260 1234 1415
f 1719 1670 1388
f 1388 1670 1235
f 1718 1671 1719
f 1719 1671 1670
f 1705 1747 1718
f 1718 1747 1671
f 1659 1901 1704
f 1704 1901 1748
f 1877 1903 1902
f 1902 1903 1904
f 1259 1905 1390
f 1390 1905 1394
f 1715 1720 1393
f 1393 1720 1391
f 1716 1721 1715
f 1715 1721 1720
f 1698 1706 1716
f 1716 1706 1721
f 277 276 47
f 47 276 48
f 84 96 81
f 81 96 82
f 80 70 81
f 81 70 85
f 99 97 88
f 88 97 89
f 90 100 88
f 88 100 99
f 101 95 102
f 102 95 94
f 1906 1907 280
f 280 1907 281
f 97 86 89
f 89 86 85
f 60 282 61
f 61 282 281
f 83 82 46
f 46 82 47
f 293 292 420
f 420 292 421
f 419 1908 420
f 420 1908 1909
f 92 95 91
f 91 95 90
f 279 282 93
f 93 282 94
f 276 418 48
f 48 418 421
f 1910 1660 1697
f 1697 1660 1707
f 1703 1624 1700
f 1700 1624 1644
f 1622 1910 1623
f 1623 1910 1697
f 1701 1700 1911
f 1911 1700 1661
f 1700 1644 1661
f 1661 1644 1658
f 1901 1737 1733
f 1733 1737 1645
f 1625 1912 1604
f 1604 1912 1731
f 1912 1913 1731
f 1731 1913 1914
f 1913 1577 1914
f 1914 1577 1572
f 1915 1578 1616
f 1616 1578 1618
f 1915 1916 1598
f 1598 1916 1743
f 1916 1574 1743
f 1743 1574 1573
f 1575 1917 1576
f 1576 1917 1597
f 1917 1609 1597
f 1597 1609 1594
f 1608 1611 1729
f 1729 1611 1610
f 1918 1612 1629
f 1629 1612 1630
f 1626 1918 1627
f 1627 1918 1629
f 1920 1921 1919
f 1919 1921 1922
f 1920 1924 1923
f 1923 1924 1925
f 1926 1927 1924
f 1924 1927 1925
f 1929 1930 1928
f 1928 1930 1931
f 1932 1933 1935
f 1935 1933 1934
f 1937 1938 1936
f 1936 1938 1939
f 1941 1942 1940
f 1940 1942 1943
f 1941 1945 1944
f 1944 1945 1946
f 1947 1948 1694
f 1694 1948 1949
f 1950 1951 1953
f 1953 1951 1952
f 1955 1956 1954
f 1954 1956 1589
f 1958 1956 1957
f 1957 1956 1932
f 1960 1934 1959
f 1959 1934 1933
f 1962 1963 1961
f 1961 1963 1964
f 1965 1955 1751
f 1751 1955 1954
f 1935 1930 1932
f 1932 1930 1957
f 1951 1950 1926
f 1926 1950 1929
f 1966 1967 1593
f 1593 1967 1590
f 1969 1967 1968
f 1968 1967 1964
f 1962 1921 1970
f 1970 1921 1971
f 1963 1945 1964
f 1964 1945 1968
f 1972 1948 1922
f 1922 1948 1919
f 1966 1972 1961
f 1961 1972 1922
f 1958 1953 1587
f 1587 1953 1560
f 1974 1975 1973
f 1973 1975 1976
f 1978 1979 1977
f 1977 1979 1691
f 1979 1975 1691
f 1691 1975 1586
f 1938 1942 1939
f 1939 1942 1980
f 1952 1947 1557
f 1557 1947 1694
f 1969 1978 1981
f 1981 1978 1977
f 1983 1984 1982
f 1982 1984 1985
f 1986 1987 1989
f 1989 1987 1988
f 1990 1991 1983
f 1983 1991 1984
f 1990 1993 1992
f 1992 1993 1994
f 1995 1996 1994
f 1994 1996 1997
f 1999 2000 1998
f 1998 2000 2001
f 2003 2004 2002
f 2002 2004 2005
f 2007 2008 2006
f 2006 2008 2009
f 2011 2012 2010
f 2010 2012 2013
f 2014 2015 2017
f 2017 2015 2016
f 2018 2019 2021
f 2021 2019 2020
f 2022 1989 2024
f 2024 1989 2023
f 1989 1988 2023
f 2023 1988 2025
f 2026 2027 2017
f 2017 2027 2014
f 2029 2030 2028
f 2028 2030 2031
f 2033 2034 2032
f 2032 2034 2035
f 2032 2035 2036
f 2036 2035 2037
f 2039 2040 2038
f 2038 2040 2041
f 1982 2042 1983
f 1983 2042 2043
f 2045 2046 2044
f 2044 2046 2047
f 2049 2050 2048
f 2048 2050 2051
f 2053 2054 2052
f 2052 2054 2055
f 2057 2058 2056
f 2056 2058 2059
f 2060 2061 2033
f 2033 2061 2034
f 2063 2064 2062
f 2062 2064 2065
f 2066 2035 2067
f 2067 2035 2034
f 2069 2039 2068
f 2068 2039 2038
f 2025 2070 2023
f 2023 2070 2071
f 2072 2024 2071
f 2071 2024 2023
f 2074 2020 2073
f 2073 2020 2019
f 2050 2049 2047
f 2047 2049 2075
f 1983 2043 1990
f 1990 2043 1993
f 2006 2050 2007
f 2007 2050 2076
f 2050 2006 2051
f 2051 2006 2077
f 2079 2080 2078
f 2078 2080 2081
f 2082 2083 2085
f 2085 2083 2084
f 2010 2013 2086
f 2086 2013 2087
f 2089 2033 2088
f 2088 2033 2032
f 2090 2060 2089
f 2089 2060 2033
f 2092 2093 2091
f 2091 2093 2094
f 2096 1986 2095
f 2095 1986 2097
f 2097 1986 2022
f 2022 1986 1989
f 2015 2094 2016
f 2016 2094 2098
f 2016 2098 2100
f 2100 2098 2099
f 2017 2016 2101
f 2101 2016 2100
f 2017 2101 2026
f 2026 2101 2102
f 2100 2099 2104
f 2104 2099 2103
f 2104 2105 2100
f 2100 2105 2101
f 2105 2106 2101
f 2101 2106 2102
f 2108 2061 2107
f 2107 2061 2109
f 2111 2112 2110
f 2110 2112 2020
f 2020 2074 2110
f 2110 2074 2113
f 2115 2116 2114
f 2114 2116 2117
f 2118 2119 1995
f 1995 2119 2120
f 2121 2122 2027
f 2027 2122 2014
f 2047 2075 2044
f 2044 2075 2123
f 2124 2125 2127
f 2127 2125 2126
f 2129 2130 2128
f 2128 2130 2131
f 2132 2133 2057
f 2057 2133 2058
f 2134 1999 2136
f 2136 1999 2135
f 2055 2138 2137
f 2137 2138 2139
f 2141 2142 2140
f 2140 2142 2143
f 2083 2082 2064
f 2064 2082 2065
f 2082 2144 2065
f 2065 2144 2145
f 2040 2146 2041
f 2041 2146 2147
f 2060 2090 2148
f 2148 2090 2149
f 2048 2051 2137
f 2137 2051 2150
f 2151 1997 2135
f 2135 1997 1996
f 2152 2150 2077
f 2077 2150 2051
f 2046 2045 2118
f 2118 2045 2119
f 2154 2155 2153
f 2153 2155 2156
f 2158 2159 2157
f 2157 2159 2160
f 2162 2163 2161
f 2161 2163 2164
f 2164 2163 2165
f 2165 2163 2166
f 2168 2169 2167
f 2167 2169 2170
f 2003 2172 2171
f 2171 2172 2173
f 2174 2175 2002
f 2002 2175 2176
f 2145 2177 2065
f 2065 2177 2062
f 2178 2179 2180
f 2180 2179 2134
f 2181 2052 2152
f 2152 2052 2150
f 2040 2127 2146
f 2146 2127 2182
f 2130 2162 2131
f 2131 2162 2161
f 2052 2055 2150
f 2150 2055 2137
f 2184 2185 2183
f 2183 2185 2186
f 2159 2030 2160
f 2160 2030 2187
f 2146 2182 2029
f 2029 2182 2188
f 2189 2190 2192
f 2192 2190 2191
f 2172 2003 2176
f 2176 2003 2002
f 1998 2151 1999
f 1999 2151 2135
f 2177 2172 2062
f 2062 2172 2176
f 2172 2177 2173
f 2173 2177 2193
f 2063 2194 2064
f 2064 2194 2195
f 2066 2197 2196
f 2196 2197 2198
f 2002 2005 2174
f 2174 2005 2199
f 2004 2003 2200
f 2200 2003 2171
f 2198 2201 2171
f 2171 2201 2200
f 2197 2202 2198
f 2198 2202 2201
f 2202 2197 2203
f 2203 2197 2204
f 2196 2198 2173
f 2173 2198 2171
f 2205 2069 2170
f 2170 2069 2206
f 2197 2066 2204
f 2204 2066 2067
f 2107 2207 2108
f 2108 2207 2208
f 2210 2208 2209
f 2209 2208 2207
f 2185 2211 2212
f 2213 2214 2211
f 2211 2214 2212
f 1998 2001 2213
f 2213 2001 2214
f 2134 2215 1999
f 1999 2215 2000
f 2216 2217 2219
f 2219 2217 2218
f 2206 2220 2170
f 2170 2220 2167
f 2069 2068 2206
f 2206 2068 2221
f 2151 1998 2222
f 2222 1998 2213
f 2124 2039 2205
f 2205 2039 2069
f 2142 2223 2143
f 2143 2223 2128
f 2203 2186 2202
f 2202 2186 2185
f 2185 2184 2211
f 2211 2184 2224
f 2224 2225 2222
f 2222 2225 2226
f 2071 2227 2072
f 2072 2227 2228
f 2229 2074 2230
f 2230 2074 2073
f 2074 2229 2113
f 2113 2229 2231
f 2232 2225 2227
f 2227 2225 2224
f 2233 2234 2031
f 2031 2234 2028
f 2236 2231 2235
f 2235 2231 2229
f 2230 2183 2229
f 2229 2183 2235
f 2237 1987 2096
f 2096 1987 1986
f 2152 2238 2181
f 2181 2238 2239
f 2080 2240 2081
f 2081 2240 2241
f 2236 2242 1971
f 1971 2242 1970
f 1925 2113 1923
f 1923 2113 2231
f 2110 1927 2111
f 2111 1927 1928
f 2103 2111 1931
f 1931 2111 1928
f 1931 2243 2103
f 2103 2243 2104
f 2105 2104 2244
f 2244 2104 2243
f 1939 1980 2148
f 2148 1980 2109
f 1980 1944 2109
f 2109 1944 2107
f 1946 2245 2207
f 2207 2245 2209
f 2245 1970 2209
f 2209 1970 2242
f 2231 2236 1923
f 1923 2236 1971
f 2113 1925 2110
f 2110 1925 1927
f 2234 2246 2028
f 2028 2246 2147
f 2247 2248 2058
f 2058 2248 2059
f 2114 2117 2249
f 2249 2117 2250
f 2252 2253 2251
f 2251 2253 2254
f 2094 2015 2091
f 2091 2015 2255
f 2256 2255 2014
f 2014 2255 2015
f 2257 2145 2258
f 2258 2145 2144
f 2131 2161 2123
f 2123 2161 2044
f 2045 2044 2164
f 2164 2044 2161
f 2045 2164 2119
f 2119 2164 2165
f 2259 2120 2165
f 2165 2120 2119
f 2260 2261 2259
f 2259 2261 2120
f 2205 2262 2124
f 2124 2262 2125
f 2180 2263 2178
f 2178 2263 2264
f 2265 2266 2092
f 2092 2266 2093
f 1992 2267 2268
f 2184 2228 2224
f 2224 2228 2227
f 2048 2269 2049
f 2049 2269 2141
f 2129 2168 2157
f 2157 2168 2167
f 2049 2141 2075
f 2075 2141 2140
f 2199 2215 2270
f 2270 2215 2271
f 2142 2141 2272
f 2272 2141 2269
f 2089 2026 2090
f 2090 2026 2102
f 2146 2029 2147
f 2147 2029 2028
f 2111 2103 2112
f 2112 2103 2099
f 2061 2060 2109
f 2109 2060 2148
f 2273 2274 2041
f 2041 2274 2038
f 2260 2275 2261
f 2261 2275 2136
f 2057 2138 2132
f 2132 2138 2276
f 2272 2269 2056
f 2056 2269 2139
f 2277 2278 2270
f 2270 2278 2199
f 2029 2188 2030
f 2030 2188 2187
f 2040 2039 2127
f 2127 2039 2124
f 2064 2195 2083
f 2083 2195 2279
f 2056 2139 2057
f 2057 2139 2138
f 2278 2277 2247
f 2247 2277 2248
f 2062 2176 2063
f 2063 2176 2175
f 2280 2210 2242
f 2242 2210 2209
f 2282 2233 2281
f 2281 2233 2031
f 2216 2219 2283
f 2283 2219 2221
f 2158 2220 2218
f 2218 2220 2219
f 2217 2282 2218
f 2218 2282 2281
f 2220 2158 2167
f 2167 2158 2157
f 2223 2264 2128
f 2128 2264 2263
f 2261 1996 2120
f 2120 1996 1995
f 2213 2211 2222
f 2222 2211 2224
f 2283 2221 2284
f 2284 2221 2068
f 2135 1996 2136
f 2136 1996 2261
f 2144 2081 2258
f 2258 2081 2241
f 2235 2280 2236
f 2236 2280 2242
f 2246 2273 2147
f 2147 2273 2041
f 2036 2285 2032
f 2032 2285 2088
f 2077 2286 2152
f 2152 2286 2238
f 1937 1960 1973
f 1973 1960 1959
f 2070 2232 2071
f 2071 2232 2227
f 2244 2287 2105
f 2105 2287 2106
f 1936 1939 2149
f 2149 1939 2148
f 1944 1946 2107
f 2107 1946 2207
f 2285 2121 2088
f 2088 2121 2027
f 2253 2249 2254
f 2254 2249 2250
f 2006 2009 2077
f 2077 2009 2286
f 2289 2086 2288
f 2288 2086 2087
f 2223 2142 2290
f 2290 2142 2272
f 2128 2131 2143
f 2143 2131 2123
f 2156 2291 2153
f 2153 2291 2175
f 2292 2293 2278
f 2278 2293 2294
f 2075 2140 2123
f 2123 2140 2143
f 2262 2169 2275
f 2275 2169 2180
f 2275 2180 2136
f 2136 2180 2134
f 2274 2284 2038
f 2038 2284 2068
f 2127 2126 2182
f 2182 2126 2166
f 2094 2093 2098
f 2098 2093 2021
f 2098 2021 2099
f 2099 2021 2112
f 2018 2021 2266
f 2266 2021 2093
f 2251 2289 2252
f 2252 2289 2288
f 1997 2151 2226
f 2226 2151 2222
f 2206 2221 2220
f 2220 2221 2219
f 2269 2048 2139
f 2139 2048 2137
f 2159 2158 2281
f 2281 2158 2218
f 2156 2155 2190
f 2190 2155 2191
f 1974 1965 1583
f 1583 1965 1751
f 2088 2027 2089
f 2089 2027 2026
f 2030 2159 2031
f 2031 2159 2281
f 2106 2149 2102
f 2102 2149 2090
f 2287 1936 2106
f 2106 1936 2149
f 2293 2154 2294
f 2294 2154 2153
f 2021 2020 2112
f 2247 2295 2278
f 2278 2295 2292
f 2284 2296 2283
f 2283 2296 2297
f 2298 2296 2274
f 2274 2296 2284
f 2273 2299 2274
f 2274 2299 2298
f 2246 2300 2273
f 2273 2300 2299
f 2283 2297 2216
f 2216 2297 2301
f 2216 2301 2217
f 2217 2301 2302
f 2302 2303 2217
f 2217 2303 2282
f 2304 2301 2305
f 2305 2301 2297
f 2307 2308 2306
f 2306 2308 2309
f 2306 2310 2307
f 2307 2310 2311
f 2307 2312 2308
f 2308 2312 2313
f 2314 2315 2312
f 2312 2315 2316
f 2316 2317 2312
f 2312 2317 2313
f 2317 2305 2313
f 2313 2305 2318
f 2314 2312 2311
f 2311 2312 2307
f 2319 2320 2322
f 2322 2320 2321
f 2322 2311 2319
f 2319 2311 2310
f 2313 2318 2308
f 2308 2318 2309
f 2296 2298 2318
f 2318 2298 2309
f 2309 2298 2323
f 2323 2298 2299
f 2306 2309 2324
f 2324 2309 2323
f 2310 2306 2325
f 2325 2306 2324
f 2296 2318 2297
f 2297 2318 2305
f 2319 2310 2326
f 2326 2310 2325
f 2328 2325 2327
f 2327 2325 2324
f 2325 2328 2326
f 2326 2328 2329
f 2331 2328 2330
f 2330 2328 2327
f 2332 2333 2327
f 2327 2333 2330
f 2328 2331 2329
f 2329 2331 2334
f 2324 2323 2327
f 2327 2323 2332
f 2300 2332 2299
f 2299 2332 2323
f 2326 2335 2319
f 2319 2335 2320
f 2305 2317 2336
f 2336 2317 2316
f 2336 2316 2337
f 2337 2316 2315
f 2338 2304 2336
f 2336 2304 2305
f 2337 2339 2336
f 2336 2339 2338
f 2337 2315 2341
f 2341 2315 2340
f 2342 2300 2234
f 2234 2300 2246
f 2303 2343 2282
f 2282 2343 2233
f 2234 2233 2342
f 2342 2233 2343
f 2342 2343 2333
f 2333 2343 2344
f 2333 2344 2330
f 2330 2344 2345
f 2346 2344 2303
f 2303 2344 2343
f 2332 2300 2333
f 2333 2300 2342
f 2347 2346 2302
f 2302 2346 2303
f 2301 2304 2302
f 2302 2304 2347
f 2304 2338 2347
f 2347 2338 2348
f 2348 2349 2347
f 2347 2349 2346
f 2350 2351 2348
f 2348 2351 2349
f 2349 2345 2346
f 2346 2345 2344
f 2345 2349 2352
f 2352 2349 2351
f 2338 2339 2348
f 2348 2339 2350
f 2350 2339 2353
f 2353 2339 2354
f 2356 2357 2355
f 2355 2357 2353
f 2351 2350 2357
f 2357 2350 2353
f 2353 2354 2355
f 2355 2354 2335
f 2320 2335 2341
f 2341 2335 2354
f 2339 2337 2354
f 2354 2337 2341
f 2352 2331 2345
f 2345 2331 2330
f 2356 2334 2352
f 2352 2334 2331
f 2356 2352 2357
f 2357 2352 2351
f 2355 2329 2356
f 2356 2329 2334
f 2335 2326 2355
f 2355 2326 2329
f 2321 2314 2322
f 2322 2314 2311
f 2321 2320 2340
f 2340 2320 2341
f 2315 2314 2340
f 2340 2314 2321
f 2125 2260 2126
f 2126 2260 2259
f 2157 2160 2129
f 2129 2160 2130
f 2188 2163 2187
f 2187 2163 2162
f 2182 2166 2188
f 2188 2166 2163
f 2180 2169 2263
f 2263 2169 2168
f 2160 2187 2130
f 2130 2187 2162
f 2275 2260 2262
f 2262 2260 2125
f 2128 2263 2129
f 2129 2263 2168
f 2262 2205 2169
f 2169 2205 2170
f 2165 2166 2259
f 2259 2166 2126
f 2359 2360 2358
f 2358 2360 2361
f 2363 2364 2362
f 2362 2364 2365
f 2367 2363 2366
f 2366 2363 2362
f 2368 2369 2371
f 2371 2369 2370
f 2372 2373 2248
f 2248 2373 2059
f 2364 2374 2365
f 2365 2374 2375
f 2377 2378 2376
f 2376 2378 2379
f 2290 2380 2223
f 2223 2380 2381
f 2223 2381 2264
f 2264 2381 2382
f 2384 2385 2383
f 2383 2385 2386
f 2364 2371 2374
f 2374 2371 2387
f 2059 2373 2290
f 2290 2373 2380
f 2378 2360 2379
f 2379 2360 2388
f 2374 2387 2359
f 2359 2387 2389
f 2390 2367 2386
f 2386 2367 2391
f 2393 2394 2392
f 2392 2394 2395
f 2386 2391 2383
f 2383 2391 2396
f 2367 2366 2391
f 2391 2366 2397
f 2363 2367 2368
f 2368 2367 2390
f 2398 2399 2361
f 2361 2399 2358
f 2399 2400 2358
f 2358 2400 2375
f 2390 2401 2368
f 2368 2401 2369
f 2372 2384 2376
f 2376 2384 2383
f 2374 2359 2375
f 2375 2359 2358
f 2402 2403 2365
f 2365 2403 2362
f 2359 2389 2360
f 2360 2389 2388
f 2364 2363 2371
f 2371 2363 2368
f 2405 2398 2404
f 2404 2398 2361
f 2392 2395 2406
f 2406 2395 2397
f 2377 2396 2394
f 2394 2396 2395
f 2394 2393 2404
f 2404 2393 2405
f 2396 2377 2383
f 2383 2377 2376
f 2406 2397 2407
f 2407 2397 2366
f 2400 2402 2375
f 2375 2402 2365
f 2385 2270 2401
f 2401 2270 2271
f 2403 2407 2362
f 2362 2407 2366
f 2371 2370 2387
f 2387 2370 2382
f 2391 2397 2396
f 2396 2397 2395
f 2378 2377 2404
f 2404 2377 2394
f 2360 2378 2361
f 2361 2378 2404
f 2407 2408 2406
f 2406 2408 2409
f 2410 2408 2403
f 2403 2408 2407
f 2411 2410 2402
f 2402 2410 2403
f 2412 2411 2400
f 2400 2411 2402
f 2406 2409 2392
f 2392 2409 2413
f 2392 2413 2393
f 2393 2413 2414
f 2415 2405 2414
f 2414 2405 2393
f 2416 2413 2417
f 2417 2413 2409
f 2419 2420 2418
f 2418 2420 2421
f 2420 2422 2421
f 2421 2422 2423
f 2420 2424 2422
f 2422 2424 2425
f 2426 2427 2424
f 2424 2427 2428
f 2428 2429 2424
f 2424 2429 2425
f 2426 2424 2419
f 2419 2424 2420
f 2419 2418 2431
f 2431 2418 2430
f 2425 2432 2422
f 2422 2432 2423
f 2408 2410 2432
f 2432 2410 2423
f 2423 2410 2433
f 2433 2410 2411
f 2421 2423 2434
f 2434 2423 2433
f 2435 2418 2434
f 2434 2418 2421
f 2429 2417 2425
f 2425 2417 2432
f 2408 2432 2409
f 2409 2432 2417
f 2418 2435 2430
f 2430 2435 2436
f 2438 2435 2437
f 2437 2435 2434
f 2435 2438 2436
f 2436 2438 2439
f 2441 2438 2440
f 2440 2438 2437
f 2442 2443 2437
f 2437 2443 2440
f 2439 2438 2444
f 2444 2438 2441
f 2433 2442 2434
f 2434 2442 2437
f 2412 2442 2411
f 2411 2442 2433
f 2436 2445 2430
f 2430 2445 2446
f 2430 2446 2431
f 2431 2446 2447
f 2417 2429 2448
f 2448 2429 2428
f 2427 2449 2428
f 2428 2449 2448
f 2450 2416 2448
f 2448 2416 2417
f 2451 2450 2449
f 2449 2450 2448
f 2427 2452 2449
f 2449 2452 2453
f 2447 2446 2452
f 2452 2446 2453
f 2454 2412 2399
f 2399 2412 2400
f 2415 2455 2405
f 2405 2455 2398
f 2399 2398 2454
f 2454 2398 2455
f 2454 2455 2443
f 2443 2455 2456
f 2443 2456 2440
f 2440 2456 2457
f 2458 2456 2415
f 2415 2456 2455
f 2443 2442 2454
f 2454 2442 2412
f 2459 2458 2414
f 2414 2458 2415
f 2413 2416 2414
f 2414 2416 2459
f 2459 2416 2460
f 2460 2416 2450
f 2460 2461 2459
f 2459 2461 2458
f 2462 2463 2460
f 2460 2463 2461
f 2461 2457 2458
f 2458 2457 2456
f 2457 2461 2464
f 2464 2461 2463
f 2451 2462 2450
f 2450 2462 2460
f 2462 2451 2465
f 2465 2451 2466
f 2468 2469 2467
f 2467 2469 2465
f 2463 2462 2469
f 2469 2462 2465
f 2465 2466 2467
f 2467 2466 2445
f 2446 2445 2453
f 2453 2445 2466
f 2451 2449 2466
f 2466 2449 2453
f 2464 2441 2457
f 2457 2441 2440
f 2468 2444 2464
f 2464 2444 2441
f 2468 2464 2469
f 2469 2464 2463
f 2467 2439 2468
f 2468 2439 2444
f 2445 2436 2467
f 2467 2436 2439
f 2447 2426 2431
f 2431 2426 2419
f 2427 2426 2452
f 2452 2426 2447
f 2369 2179 2370
f 2370 2179 2178
f 2376 2379 2372
f 2372 2379 2373
f 2389 2381 2388
f 2388 2381 2380
f 2387 2382 2389
f 2389 2382 2381
f 2270 2385 2277
f 2277 2385 2384
f 2379 2388 2373
f 2373 2388 2380
f 2401 2271 2369
f 2369 2271 2179
f 2248 2277 2372
f 2372 2277 2384
f 2401 2390 2385
f 2385 2390 2386
f 2264 2382 2178
f 2178 2382 2370
f 2215 2134 2271
f 2271 2134 2179
f 2005 2000 2199
f 2199 2000 2215
f 2004 2001 2005
f 2005 2001 2000
f 2200 2214 2004
f 2004 2214 2001
f 2470 2471 2473
f 2473 2471 2472
f 2475 2476 2474
f 2474 2476 2477
f 2479 2475 2478
f 2478 2475 2474
f 2481 2482 2480
f 2480 2482 2483
f 2476 2484 2477
f 2477 2484 2485
f 2487 2488 2486
f 2486 2488 2489
f 2133 2490 2058
f 2058 2490 2491
f 2058 2491 2247
f 2247 2491 2492
f 2494 2495 2493
f 2493 2495 2496
f 2476 2483 2484
f 2484 2483 2497
f 2472 2498 2488
f 2488 2498 2489
f 2484 2497 2471
f 2471 2497 2499
f 2500 2479 2496
f 2496 2479 2501
f 2502 2503 2505
f 2505 2503 2504
f 2496 2501 2493
f 2493 2501 2506
f 2479 2478 2501
f 2501 2478 2507
f 2475 2479 2480
f 2480 2479 2500
f 2508 2509 2473
f 2473 2509 2470
f 2509 2510 2470
f 2470 2510 2485
f 2511 2481 2500
f 2500 2481 2480
f 2512 2494 2486
f 2486 2494 2493
f 2485 2484 2470
f 2470 2484 2471
f 2513 2514 2477
f 2477 2514 2474
f 2471 2499 2472
f 2472 2499 2498
f 2476 2475 2483
f 2483 2475 2480
f 2516 2508 2515
f 2515 2508 2473
f 2502 2505 2517
f 2517 2505 2507
f 2504 2487 2505
f 2505 2487 2506
f 2503 2516 2504
f 2504 2516 2515
f 2506 2487 2493
f 2493 2487 2486
f 2517 2507 2518
f 2518 2507 2478
f 2510 2513 2485
f 2485 2513 2477
f 2511 2495 2293
f 2293 2495 2154
f 2514 2518 2474
f 2474 2518 2478
f 2483 2482 2497
f 2497 2482 2492
f 2501 2507 2506
f 2506 2507 2505
f 2488 2487 2515
f 2515 2487 2504
f 2472 2488 2473
f 2473 2488 2515
f 2518 2519 2517
f 2517 2519 2520
f 2521 2519 2514
f 2514 2519 2518
f 2522 2521 2513
f 2513 2521 2514
f 2523 2522 2510
f 2510 2522 2513
f 2517 2520 2502
f 2502 2520 2524
f 2502 2524 2503
f 2503 2524 2525
f 2525 2526 2503
f 2503 2526 2516
f 2527 2524 2528
f 2528 2524 2520
f 2530 2531 2529
f 2529 2531 2532
f 2531 2533 2532
f 2532 2533 2534
f 2531 2535 2533
f 2533 2535 2536
f 2537 2538 2535
f 2535 2538 2539
f 2539 2540 2535
f 2535 2540 2536
f 2537 2535 2530
f 2530 2535 2531
f 2529 2541 2530
f 2530 2541 2542
f 2543 2534 2536
f 2536 2534 2533
f 2519 2521 2543
f 2543 2521 2534
f 2534 2521 2544
f 2544 2521 2522
f 2532 2534 2545
f 2545 2534 2544
f 2529 2532 2546
f 2546 2532 2545
f 2536 2540 2543
f 2543 2540 2528
f 2519 2543 2520
f 2520 2543 2528
f 2541 2529 2547
f 2547 2529 2546
f 2548 2549 2545
f 2545 2549 2546
f 2549 2550 2546
f 2546 2550 2547
f 2551 2552 2548
f 2548 2552 2549
f 2548 2553 2551
f 2551 2553 2554
f 2550 2549 2555
f 2555 2549 2552
f 2545 2544 2548
f 2548 2544 2553
f 2523 2553 2522
f 2522 2553 2544
f 2547 2556 2541
f 2541 2556 2557
f 2541 2557 2542
f 2542 2557 2558
f 2528 2540 2559
f 2559 2540 2539
f 2538 2560 2539
f 2539 2560 2559
f 2561 2527 2559
f 2559 2527 2528
f 2560 2562 2559
f 2559 2562 2561
f 2560 2538 2564
f 2564 2538 2563
f 2558 2557 2563
f 2563 2557 2564
f 2565 2523 2509
f 2509 2523 2510
f 2526 2566 2516
f 2516 2566 2508
f 2509 2508 2565
f 2565 2508 2566
f 2565 2566 2554
f 2554 2566 2567
f 2554 2567 2551
f 2551 2567 2568
f 2569 2567 2526
f 2526 2567 2566
f 2553 2523 2554
f 2554 2523 2565
f 2570 2569 2525
f 2525 2569 2526
f 2524 2527 2525
f 2525 2527 2570
f 2527 2561 2570
f 2570 2561 2571
f 2571 2572 2570
f 2570 2572 2569
f 2573 2574 2571
f 2571 2574 2572
f 2572 2568 2569
f 2569 2568 2567
f 2568 2572 2575
f 2575 2572 2574
f 2562 2573 2561
f 2561 2573 2571
f 2573 2562 2576
f 2576 2562 2577
f 2579 2580 2578
f 2578 2580 2576
f 2574 2573 2580
f 2580 2573 2576
f 2576 2577 2578
f 2578 2577 2556
f 2557 2556 2564
f 2564 2556 2577
f 2562 2560 2577
f 2577 2560 2564
f 2575 2552 2568
f 2568 2552 2551
f 2579 2555 2575
f 2575 2555 2552
f 2579 2575 2580
f 2580 2575 2574
f 2550 2555 2578
f 2578 2555 2579
f 2556 2547 2578
f 2578 2547 2550
f 2558 2537 2542
f 2542 2537 2530
f 2538 2537 2563
f 2563 2537 2558
f 2292 2295 2481
f 2481 2295 2482
f 2486 2489 2512
f 2512 2489 2581
f 2499 2491 2498
f 2498 2491 2490
f 2497 2492 2499
f 2499 2492 2491
f 2155 2154 2494
f 2494 2154 2495
f 2581 2489 2490
f 2490 2489 2498
f 2293 2292 2511
f 2511 2292 2481
f 2191 2155 2512
f 2512 2155 2494
f 2500 2496 2511
f 2511 2496 2495
f 2247 2492 2295
f 2295 2492 2482
f 2583 2584 2582
f 2582 2584 2585
f 2587 2588 2586
f 2586 2588 2589
f 2591 2587 2590
f 2590 2587 2586
f 2593 2594 2592
f 2592 2594 2595
f 2596 2597 2599
f 2599 2597 2598
f 2588 2600 2589
f 2589 2600 2601
f 2602 2603 2605
f 2605 2603 2604
f 2606 2607 2609
f 2609 2607 2608
f 2609 2608 2190
f 2190 2608 2610
f 2611 2612 2614
f 2614 2612 2613
f 2600 2588 2615
f 2615 2588 2595
f 2599 2598 2606
f 2606 2598 2607
f 2584 2616 2604
f 2604 2616 2605
f 2600 2615 2583
f 2583 2615 2617
f 2591 2619 2618
f 2618 2619 2614
f 2621 2622 2620
f 2620 2622 2623
f 2619 2624 2614
f 2614 2624 2611
f 2591 2590 2619
f 2619 2590 2625
f 2587 2591 2592
f 2592 2591 2618
f 2626 2627 2585
f 2585 2627 2582
f 2627 2628 2582
f 2582 2628 2601
f 2629 2593 2618
f 2618 2593 2592
f 2602 2597 2611
f 2611 2597 2612
f 2600 2583 2601
f 2601 2583 2582
f 2630 2631 2589
f 2589 2631 2586
f 2583 2617 2584
f 2584 2617 2616
f 2588 2587 2595
f 2595 2587 2592
f 2633 2626 2632
f 2632 2626 2585
f 2620 2623 2634
f 2634 2623 2625
f 2622 2603 2623
f 2623 2603 2624
f 2621 2633 2622
f 2622 2633 2632
f 2611 2624 2602
f 2602 2624 2603
f 2634 2625 2635
f 2635 2625 2590
f 2628 2630 2601
f 2601 2630 2589
f 2613 2195 2629
f 2629 2195 2194
f 2631 2635 2586
f 2586 2635 2590
f 2595 2594 2615
f 2615 2594 2610
f 2619 2625 2624
f 2624 2625 2623
f 2632 2604 2622
f 2622 2604 2603
f 2585 2584 2632
f 2632 2584 2604
f 2635 2636 2634
f 2634 2636 2637
f 2638 2636 2631
f 2631 2636 2635
f 2639 2638 2630
f 2630 2638 2631
f 2640 2639 2628
f 2628 2639 2630
f 2634 2637 2620
f 2620 2637 2641
f 2620 2641 2621
f 2621 2641 2642
f 2642 2643 2621
f 2621 2643 2633
f 2641 2637 2644
f 2644 2637 2645
f 2646 2647 2649
f 2649 2647 2648
f 2648 2650 2649
f 2649 2650 2651
f 2648 2652 2650
f 2650 2652 2653
f 2652 2654 2656
f 2656 2654 2655
f 2656 2657 2652
f 2652 2657 2653
f 2654 2652 2647
f 2647 2652 2648
f 2647 2646 2659
f 2659 2646 2658
f 2660 2651 2653
f 2653 2651 2650
f 2636 2638 2660
f 2660 2638 2651
f 2651 2638 2661
f 2661 2638 2639
f 2651 2661 2649
f 2649 2661 2662
f 2663 2646 2662
f 2662 2646 2649
f 2653 2657 2660
f 2660 2657 2645
f 2636 2660 2637
f 2637 2660 2645
f 2646 2663 2658
f 2658 2663 2664
f 2665 2666 2662
f 2662 2666 2663
f 2666 2667 2663
f 2663 2667 2664
f 2668 2669 2665
f 2665 2669 2666
f 2665 2670 2668
f 2668 2670 2671
f 2667 2666 2672
f 2672 2666 2669
f 2662 2661 2665
f 2665 2661 2670
f 2640 2670 2639
f 2639 2670 2661
f 2673 2674 2664
f 2664 2674 2658
f 2658 2674 2659
f 2659 2674 2675
f 2645 2657 2676
f 2676 2657 2656
f 2677 2676 2655
f 2655 2676 2656
f 2676 2678 2645
f 2645 2678 2644
f 2677 2679 2676
f 2676 2679 2678
f 2655 2680 2677
f 2677 2680 2681
f 2675 2674 2680
f 2680 2674 2681
f 2682 2640 2627
f 2627 2640 2628
f 2643 2683 2633
f 2633 2683 2626
f 2682 2627 2683
f 2683 2627 2626
f 2683 2684 2682
f 2682 2684 2671
f 2684 2685 2671
f 2671 2685 2668
f 2686 2684 2643
f 2643 2684 2683
f 2670 2640 2671
f 2671 2640 2682
f 2687 2686 2642
f 2642 2686 2643
f 2642 2641 2687
f 2687 2641 2644
f 2687 2644 2688
f 2688 2644 2678
f 2688 2689 2687
f 2687 2689 2686
f 2690 2691 2688
f 2688 2691 2689
f 2689 2685 2686
f 2686 2685 2684
f 2685 2689 2692
f 2692 2689 2691
f 2679 2690 2678
f 2678 2690 2688
f 2690 2679 2693
f 2693 2679 2694
f 2696 2697 2695
f 2695 2697 2693
f 2691 2690 2697
f 2697 2690 2693
f 2693 2694 2695
f 2695 2694 2673
f 2674 2673 2681
f 2681 2673 2694
f 2679 2677 2694
f 2694 2677 2681
f 2685 2692 2668
f 2668 2692 2669
f 2696 2672 2692
f 2692 2672 2669
f 2696 2692 2697
f 2697 2692 2691
f 2695 2667 2696
f 2696 2667 2672
f 2673 2664 2695
f 2695 2664 2667
f 2675 2654 2659
f 2659 2654 2647
f 2655 2654 2680
f 2680 2654 2675
f 2291 2156 2593
f 2593 2156 2594
f 2597 2602 2598
f 2598 2602 2605
f 2616 2617 2607
f 2607 2617 2608
f 2615 2610 2617
f 2617 2610 2608
f 2597 2596 2612
f 2612 2596 2698
f 2598 2605 2607
f 2607 2605 2616
f 2194 2291 2629
f 2629 2291 2593
f 2629 2618 2613
f 2613 2618 2614
f 2190 2610 2156
f 2156 2610 2594
f 2700 2010 2699
f 2699 2010 2086
f 2267 2701 2116
f 2116 2701 2702
f 2116 2702 2117
f 2117 2702 2703
f 2704 2705 2250
f 2250 2705 2254
f 2011 2706 2267
f 2267 2706 2701
f 2699 2086 2707
f 2707 2086 2289
f 2010 2700 2011
f 2011 2700 2706
f 2708 2707 2251
f 2251 2707 2289
f 2703 2704 2117
f 2117 2704 2250
f 2705 2708 2254
f 2254 2708 2251
f 2709 2710 2708
f 2708 2710 2707
f 2711 2709 2705
f 2705 2709 2708
f 2712 2711 2704
f 2704 2711 2705
f 2713 2712 2703
f 2703 2712 2704
f 2707 2710 2699
f 2699 2710 2714
f 2699 2714 2700
f 2700 2714 2715
f 2716 2706 2715
f 2715 2706 2700
f 2714 2710 2717
f 2717 2710 2718
f 2720 2721 2719
f 2719 2721 2722
f 2721 2723 2722
f 2722 2723 2724
f 2721 2725 2723
f 2723 2725 2726
f 2727 2728 2725
f 2725 2728 2726
f 2729 2725 2720
f 2720 2725 2721
f 2731 2729 2730
f 2730 2729 2720
f 2719 2732 2720
f 2720 2732 2730
f 2726 2733 2723
f 2723 2733 2724
f 2709 2711 2733
f 2733 2711 2724
f 2724 2711 2734
f 2734 2711 2712
f 2722 2724 2735
f 2735 2724 2734
f 2719 2722 2736
f 2736 2722 2735
f 2726 2728 2733
f 2733 2728 2718
f 2709 2733 2710
f 2710 2733 2718
f 2732 2719 2737
f 2737 2719 2736
f 2738 2739 2735
f 2735 2739 2736
f 2739 2740 2736
f 2736 2740 2737
f 2741 2742 2738
f 2738 2742 2739
f 2738 2743 2741
f 2741 2743 2744
f 2740 2739 2745
f 2745 2739 2742
f 2735 2734 2738
f 2738 2734 2743
f 2713 2743 2712
f 2712 2743 2734
f 2737 2746 2732
f 2732 2746 2747
f 2732 2747 2730
f 2730 2747 2731
f 2718 2728 2748
f 2748 2728 2727
f 2749 2750 2727
f 2727 2750 2748
f 2748 2751 2718
f 2718 2751 2717
f 2750 2752 2748
f 2748 2752 2751
f 2750 2749 2754
f 2754 2749 2753
f 2731 2747 2753
f 2753 2747 2754
f 2727 2725 2749
f 2749 2725 2729
f 2749 2729 2753
f 2753 2729 2731
f 2702 2755 2703
f 2703 2755 2713
f 2706 2716 2701
f 2701 2716 2756
f 2755 2702 2756
f 2756 2702 2701
f 2756 2757 2755
f 2755 2757 2744
f 2757 2758 2744
f 2744 2758 2741
f 2759 2757 2716
f 2716 2757 2756
f 2743 2713 2744
f 2744 2713 2755
f 2760 2759 2715
f 2715 2759 2716
f 2715 2714 2760
f 2760 2714 2717
f 2760 2717 2761
f 2761 2717 2751
f 2761 2762 2760
f 2760 2762 2759
f 2763 2764 2761
f 2761 2764 2762
f 2762 2758 2759
f 2759 2758 2757
f 2758 2762 2765
f 2765 2762 2764
f 2752 2763 2751
f 2751 2763 2761
f 2763 2752 2766
f 2766 2752 2767
f 2768 2769 2766
f 2766 2769 2770
f 2764 2763 2770
f 2770 2763 2766
f 2766 2767 2768
f 2768 2767 2746
f 2747 2746 2754
f 2754 2746 2767
f 2752 2750 2767
f 2767 2750 2754
f 2758 2765 2741
f 2741 2765 2742
f 2769 2745 2765
f 2765 2745 2742
f 2769 2765 2770
f 2770 2765 2764
f 2768 2740 2769
f 2769 2740 2745
f 2746 2737 2768
f 2768 2737 2740
f 2201 2212 2200
f 2200 2212 2214
f 2201 2202 2212
f 2212 2202 2185
f 2512 2581 2191
f 2191 2581 2192
f 2059 2290 2056
f 2056 2290 2272
f 2174 2199 2294
f 2294 2199 2278
f 2063 2175 2194
f 2194 2175 2291
f 2192 2581 2133
f 2133 2581 2490
f 2133 2132 2192
f 2192 2132 2189
f 2054 2276 2055
f 2055 2276 2138
f 2083 2279 2084
f 2084 2279 2771
f 2771 2279 2599
f 2599 2279 2596
f 2606 2772 2599
f 2599 2772 2771
f 2772 2773 2771
f 2771 2773 2084
f 2773 2774 2084
f 2084 2774 2085
f 2085 2775 2082
f 2082 2775 2144
f 2774 2078 2085
f 2085 2078 2775
f 2078 2774 2079
f 2079 2774 2776
f 2774 2773 2776
f 2776 2773 2777
f 2773 2772 2777
f 2777 2772 2778
f 2190 2189 2609
f 2609 2189 2778
f 2053 2052 2779
f 2779 2052 2181
f 2144 2775 2081
f 2081 2775 2078
f 2294 2153 2174
f 2174 2153 2175
f 2132 2276 2189
f 2189 2276 2778
f 2606 2609 2772
f 2772 2609 2778
f 2195 2613 2698
f 2698 2613 2612
f 2596 2279 2698
f 2698 2279 2195
f 2054 2777 2276
f 2276 2777 2778
f 2777 2054 2776
f 2776 2054 2053
f 2053 2779 2776
f 2776 2779 2079
f 2779 2181 2079
f 2079 2181 2080
f 2181 2239 2080
f 2080 2239 2240
f 2122 2256 2014
f 2042 1982 2076
f 2076 1982 2007
f 1982 1985 2007
f 2007 1985 2008
f 2095 2097 2265
f 2265 2097 2266
f 2076 2050 2042
f 2042 2050 2047
f 2046 2043 2047
f 2047 2043 2042
f 2118 1993 2046
f 2046 1993 2043
f 1995 1994 2118
f 2118 1994 1993
f 2267 1992 2011
f 2011 1992 2012
f 1997 2012 1994
f 1994 2012 1992
f 2226 2013 1997
f 1997 2013 2012
f 2225 2087 2226
f 2226 2087 2013
f 2225 2232 2087
f 2087 2232 2288
f 2232 2070 2288
f 2288 2070 2252
f 2070 2025 2252
f 2252 2025 2253
f 1988 2249 2025
f 2025 2249 2253
f 2116 2115 2267
f 2267 2115 2268
f 2096 1984 2237
f 2237 1984 1991
f 2095 1985 2096
f 2096 1985 1984
f 2265 2008 2095
f 2095 2008 1985
f 2092 2009 2265
f 2265 2009 2008
f 2091 2286 2092
f 2092 2286 2009
f 2255 2238 2091
f 2091 2238 2286
f 2256 2239 2255
f 2255 2239 2238
f 2122 2240 2256
f 2256 2240 2239
f 2121 2241 2122
f 2122 2241 2240
f 2022 2018 2097
f 2097 2018 2266
f 2022 2024 2018
f 2018 2024 2019
f 2024 2072 2019
f 2019 2072 2073
f 2072 2228 2073
f 2073 2228 2230
f 2228 2184 2230
f 2230 2184 2183
f 2121 2285 2241
f 2241 2285 2258
f 2285 2036 2258
f 2258 2036 2257
f 2177 2145 2193
f 2193 2145 2257
f 2173 2193 2196
f 2196 2193 2037
f 2036 2037 2257
f 2257 2037 2193
f 2196 2037 2066
f 2066 2037 2035
f 2061 2108 2034
f 2034 2108 2067
f 2108 2208 2067
f 2067 2208 2204
f 2208 2210 2204
f 2204 2210 2203
f 2210 2280 2203
f 2203 2280 2186
f 2183 2186 2235
f 2235 2186 2280
f 1987 2114 1988
f 1988 2114 2249
f 2237 2115 1987
f 1987 2115 2114
f 1991 2268 2237
f 2237 2268 2115
f 1991 1990 2268
f 2268 1990 1992
f 107 110 2781
f 2781 110 2780
f 117 2782 118
f 118 2782 2783
f 119 2784 120
f 120 2784 2785
f 125 2786 126
f 126 2786 2787
f 127 2788 128
f 128 2788 2789
f 127 132 2788
f 2788 132 2790
f 231 230 2792
f 2792 230 2791
f 118 2783 119
f 119 2783 2784
f 241 243 2794
f 2794 243 2793
f 2781 2795 107
f 107 2795 352
f 120 2785 437
f 437 2785 2796
f 126 2787 110
f 110 2787 2780
f 455 2797 456
f 456 2797 2798
f 128 2789 457
f 457 2789 2799
f 456 2798 117
f 117 2798 2782
f 2794 2797 241
f 241 2797 455
f 457 2799 125
f 125 2799 2786
f 132 231 2790
f 2790 231 2792
f 230 437 2791
f 2791 437 2796
f 2792 2789 2790
f 2790 2789 2788
f 2785 2784 2801
f 2801 2784 2800
f 2786 2802 2787
f 2787 2802 2803
f 2792 2791 2805
f 2805 2791 2804
f 2784 2783 2800
f 2800 2783 2806
f 2785 2801 2796
f 2796 2801 2807
f 2787 2803 2780
f 2780 2803 2808
f 2789 2809 2799
f 2799 2809 2810
f 2799 2810 2786
f 2786 2810 2802
f 2791 2796 2804
f 2804 2796 2807
f 2789 2792 2809
f 2809 2792 2805
f 2812 2797 2811
f 2811 2797 2794
f 2809 2805 2810
f 2810 2805 2804
f 2810 2804 2802
f 2802 2804 2807
f 2802 2807 2803
f 2803 2807 2801
f 2808 2803 2800
f 2800 2803 2801
f 2814 699 2813
f 2813 699 698
f 2808 2815 2780
f 2780 2815 2781
f 2817 2782 2816
f 2816 2782 2798
f 2815 2818 2781
f 2781 2818 2795
f 2797 2812 2798
f 2798 2812 2816
f 2783 2782 2806
f 2806 2782 2817
f 2800 2806 2808
f 2808 2806 2815
f 2794 2793 2811
f 2811 2793 2819
f 174 201 384
f 384 201 362
f 200 1766 390
f 390 1766 1777
f 1777 1778 390
f 390 1778 398
f 1778 361 398
f 398 361 222
f 2820 2821 628
f 628 2821 629
f 1406 2820 790
f 790 2820 628
f 794 1415 1233
f 1233 1415 1234
f 1406 790 1407
f 1407 790 1312
f 1407 1312 2822
f 2822 1312 1316
f 2823 1380 1543
f 1543 1380 1379
f 1385 1738 1382
f 1382 1738 1383
f 1381 791 1382
f 1382 791 1386
f 791 794 1386
f 1386 794 1233
f 1259 1390 1260
f 1260 1390 1389
f 1905 1542 1394
f 1394 1542 1395
f 1410 1413 1397
f 1397 1413 1398
f 2821 1410 629
f 629 1410 1397
f 2823 2822 1380
f 1380 2822 1316
f 1392 1395 1378
f 1378 1395 1379
f 1738 1399 1383
f 1383 1399 1398
f 1388 1235 1389
f 1389 1235 1234
f 1393 1391 1394
f 1394 1391 1390
f 1381 1384 779
f 779 1384 780
f 1282 788 792
f 792 788 793
f 1431 1262 1432
f 1432 1262 1261
f 1400 1342 1408
f 1408 1342 1409
f 1508 1544 1411
f 1411 1544 1412
f 788 787 793
f 793 787 1414
f 2821 2820 1429
f 1429 2820 1430
f 2822 2823 1506
f 1506 2823 1507
f 778 1282 779
f 779 1282 792
f 2820 1406 1430
f 1430 1406 1409
f 1410 2821 1411
f 1411 2821 1429
f 1407 2822 1408
f 1408 2822 1506
f 1544 781 1412
f 1412 781 780
f 1260 1415 1261
f 1261 1415 1414
f 1334 2824 923
f 923 2824 924
f 2826 1268 2825
f 2825 1268 1267
f 769 1212 2827
f 2827 1212 2828
f 1492 1190 1266
f 1266 1190 1267
f 1488 2829 1489
f 1489 2829 2830
f 922 1329 923
f 923 1329 1328
f 1484 2831 1485
f 1485 2831 2832
f 1482 2833 1485
f 1485 2833 1486
f 1324 1493 1489
f 1489 1493 1490
f 1265 1491 1266
f 1266 1491 1490
f 2835 2836 2834
f 2834 2836 2837
f 1250 2838 2827
f 2827 2838 2839
f 1488 1491 2840
f 2840 1491 2841
f 1268 2826 2842
f 2842 2826 2843
f 2844 2845 1495
f 1495 2845 1496
f 1427 2847 2846
f 2846 2847 926
f 2829 1488 2848
f 2848 1488 2840
f 1329 922 2849
f 2849 922 927
f 2850 2851 768
f 768 2851 1213
f 1265 1268 2852
f 2852 1268 2842
f 1491 1265 2841
f 2841 1265 2852
f 2854 2855 2853
f 2853 2855 2856
f 2855 2857 2856
f 2856 2857 598
f 2857 2858 598
f 598 2858 595
f 2858 2859 595
f 595 2859 626
f 649 652 2860
f 2860 652 2861
f 639 642 2862
f 2862 642 2863
f 2864 705 2862
f 2862 705 639
f 2865 1418 2864
f 2864 1418 705
f 2866 2867 2865
f 2865 2867 1418
f 1760 1348 1761
f 1761 1348 2867
f 1764 2868 1197
f 1197 2868 1198
f 2869 611 2868
f 2868 611 1198
f 2870 612 2869
f 2869 612 611
f 1352 1350 944
f 944 1350 688
f 1350 1256 688
f 688 1256 685
f 1256 1255 685
f 685 1255 692
f 1255 2871 692
f 692 2871 2872
f 701 2873 698
f 698 2873 2813
f 2872 1349 692
f 692 1349 693
f 1696 1744 1574
f 1574 1744 1575
f 1753 1618 1577
f 1577 1618 1578
f 1729 1594 1608
f 1608 1594 1609
f 1725 1630 1611
f 1611 1630 1612
f 1604 1607 1625
f 1625 1607 1626
f 1624 1703 1625
f 1625 1703 1912
f 1703 1702 1912
f 1912 1702 1913
f 1702 1753 1913
f 1913 1753 1577
f 1598 1569 1915
f 1915 1569 1578
f 1616 1615 1915
f 1915 1615 1916
f 1615 1696 1916
f 1916 1696 1574
f 1744 1745 1575
f 1575 1745 1917
f 1745 1565 1917
f 1917 1565 1609
f 1568 1725 1608
f 1608 1725 1611
f 2874 1613 1918
f 1918 1613 1612
f 1607 2874 1626
f 1626 2874 1918
f 1610 1613 1562
f 1562 1613 1563
f 1547 1550 1570
f 1570 1550 1571
f 1573 1576 1580
f 1580 1576 1581
f 1553 1556 1595
f 1595 1556 1596
f 1556 1582 1596
f 1596 1582 1581
f 1551 1547 1599
f 1599 1547 1570
f 1731 1914 1601
f 1601 1914 1602
f 1686 1689 1605
f 1605 1689 1606
f 1598 1743 1599
f 1599 1743 1692
f 2874 1607 1723
f 1723 1607 1606
f 1727 1553 1730
f 1730 1553 1595
f 1600 1686 1601
f 1601 1686 1605
f 1914 1572 1602
f 1602 1572 1571
f 1579 1693 1580
f 1580 1693 1692
f 1613 2874 1563
f 1563 2874 1723
f 1561 1727 1562
f 1562 1727 1730
f 1949 1742 1548
f 1548 1742 1549
f 1694 1949 1552
f 1552 1949 1548
f 1954 1589 1554
f 1554 1589 1555
f 1693 1579 1558
f 1558 1579 1559
f 1561 1564 1584
f 1584 1564 1585
f 1582 1556 1588
f 1588 1556 1555
f 1600 1603 1591
f 1591 1603 1592
f 1981 1977 1687
f 1687 1977 1688
f 1564 1722 1585
f 1585 1722 1690
f 1551 1693 1552
f 1552 1693 1558
f 1751 1954 1728
f 1728 1954 1554
f 1590 1981 1591
f 1591 1981 1687
f 1603 1550 1592
f 1592 1550 1549
f 1977 1691 1688
f 1688 1691 1690
f 1587 1560 1588
f 1588 1560 1559
f 1727 1561 1728
f 1728 1561 1584
f 2875 1919 1947
f 1947 1919 1948
f 1557 1560 1952
f 1952 1560 1953
f 1933 1932 1955
f 1955 1932 1956
f 1587 1589 1958
f 1958 1589 1956
f 1959 1933 1965
f 1965 1933 1955
f 1961 1964 1966
f 1966 1964 1967
f 1981 1590 1969
f 1969 1590 1967
f 1742 1949 1972
f 1972 1949 1948
f 1593 1742 1966
f 1966 1742 1972
f 1957 1950 1958
f 1958 1950 1953
f 1583 1586 1974
f 1974 1586 1975
f 1940 1943 1978
f 1978 1943 1979
f 1943 1976 1979
f 1979 1976 1975
f 1951 2875 1952
f 1952 2875 1947
f 1968 1940 1969
f 1969 1940 1978
f 1973 1959 1974
f 1974 1959 1965
f 1923 1971 1920
f 1920 1971 1921
f 1919 2875 1920
f 1920 2875 1924
f 2875 1951 1924
f 1924 1951 1926
f 1950 1957 1929
f 1929 1957 1930
f 2244 2243 1934
f 1934 2243 1935
f 1973 1976 1937
f 1937 1976 1938
f 1944 1980 1941
f 1941 1980 1942
f 1940 1968 1941
f 1941 1968 1945
f 2287 2244 1960
f 1960 2244 1934
f 1970 2245 1962
f 1962 2245 1963
f 2243 1931 1935
f 1935 1931 1930
f 1927 1926 1928
f 1928 1926 1929
f 1961 1922 1962
f 1962 1922 1921
f 2245 1946 1963
f 1963 1946 1945
f 1976 1943 1938
f 1938 1943 1942
f 1936 2287 1937
f 1937 2287 1960
f 743 1238 608
f 608 1238 609
f 607 1811 608
f 608 1811 744
f 1304 2876 1305
f 1305 2876 2877
f 586 585 1298
f 1298 585 1299
f 585 702 1299
f 1299 702 1300
f 702 1428 1300
f 1300 1428 1301
f 1238 586 609
f 609 586 1298
f 2878 2879 1218
f 1218 2879 2877
f 2880 2881 1812
f 1812 2881 1819
f 2883 1821 2882
f 2882 1821 1820
f 2840 2841 620
f 620 2841 621
f 2842 2843 795
f 795 2843 796
f 892 895 2844
f 2844 895 2845
f 2848 2840 942
f 942 2840 620
f 2849 927 1202
f 1202 927 1203
f 2852 2842 1270
f 1270 2842 795
f 2841 2852 621
f 621 2852 1270
f 941 1759 942
f 942 1759 2884
f 659 929 1427
f 1427 929 2847
f 1237 2851 751
f 751 2851 2850
f 1216 2885 1217
f 1217 2885 1754
f 2887 734 2886
f 2886 734 733
f 2889 1816 2888
f 2888 1816 1815
f 2890 1245 2889
f 2889 1245 1816
f 1824 2891 1825
f 1825 2891 1246
f 2892 2893 2895
f 2895 2893 2894
f 1854 1833 1851
f 1851 1833 1832
f 1851 1832 1884
f 1884 1832 1876
f 1884 1876 1441
f 1441 1876 1443
f 1441 1443 1442
f 1442 1443 1446
f 1442 1446 2896
f 2896 1446 1507
f 2897 2823 2898
f 2898 2823 1543
f 1542 2899 1543
f 1543 2899 2898
f 1542 1905 2899
f 2899 1905 2900
f 1905 1259 2900
f 2900 1259 2901
f 1262 1431 2902
f 2902 1431 1904
f 1431 1434 1904
f 1904 1434 1902
f 1902 1434 2903
f 2903 1434 719
f 2903 719 2904
f 2904 719 718
f 1869 1881 718
f 718 1881 2904
f 1881 1869 1880
f 1880 1869 756
f 1880 756 2905
f 2905 756 755
f 2905 755 2906
f 2906 755 758
f 762 2907 763
f 763 2907 2908
f 724 723 2909
f 2909 723 894
f 796 895 723
f 723 895 894
f 2843 2845 796
f 796 2845 895
f 2826 1496 2843
f 2843 1496 2845
f 2825 1497 2826
f 2826 1497 1496
f 1189 2836 2825
f 2825 2836 1497
f 797 891 798
f 798 891 2837
f 802 888 797
f 797 888 891
f 2910 2911 2913
f 2913 2911 2912
f 1780 1783 2915
f 2915 1783 2914
f 2916 2917 831
f 831 2917 832
f 2918 2919 845
f 845 2919 846
f 2920 2916 847
f 847 2916 831
f 2921 2922 857
f 857 2922 858
f 2923 2924 860
f 860 2924 861
f 2919 2912 846
f 846 2912 887
f 2925 2920 940
f 940 2920 847
f 2924 2926 861
f 861 2926 1204
f 2917 2918 832
f 832 2918 845
f 2927 2928 1449
f 1449 2928 1450
f 2929 2930 889
f 889 2930 2931
f 2896 1507 2897
f 2897 1507 2823
f 2902 2901 1262
f 1262 2901 1259
f 2932 2933 750
f 750 2933 1236
f 2933 2934 1236
f 1236 2934 1835
f 2936 2937 2935
f 2935 2937 2938
f 2940 2941 2939
f 2939 2941 2942
f 2943 2944 1841
f 1841 2944 1842
f 2945 1860 2944
f 2944 1860 1842
f 2945 2946 1860
f 1860 2946 1859
f 1889 2947 1890
f 1890 2947 1856
f 1856 2947 1857
f 1857 2947 2948
f 2950 709 2949
f 2949 709 1829
f 2952 730 2951
f 2951 730 729
f 2866 2953 2867
f 2867 2953 1761
f 2953 2954 1761
f 1761 2954 1420
f 2954 2955 1420
f 1420 2955 742
f 2955 2956 742
f 742 2956 739
f 2956 2957 739
f 739 2957 760
f 2957 2958 760
f 760 2958 761
f 2958 2959 761
f 761 2959 2960
f 2959 2961 2960
f 2960 2961 2962
f 2963 2964 1839
f 1839 2964 1840
f 2964 2965 1840
f 1840 2965 2942
f 2966 2950 2939
f 2939 2950 2949
f 2935 2967 2936
f 2936 2967 2968
f 2969 2970 736
f 736 2970 735
f 734 2887 1815
f 1815 2887 2888
f 2887 2882 2888
f 2888 2882 2881
f 1819 1820 1817
f 1817 1820 748
f 1195 1757 1197
f 1197 1757 1424
f 1757 647 1424
f 1424 647 646
f 647 648 646
f 646 648 643
f 648 1271 643
f 643 1271 737
f 1271 725 737
f 737 725 765
f 725 724 765
f 765 724 762
f 762 724 2907
f 2907 724 2909
f 1254 1437 2909
f 2909 1437 2907
f 1438 1253 1836
f 1836 1253 1835
f 1836 1835 2938
f 2938 1835 2934
f 2971 2972 2935
f 2935 2972 2967
f 897 896 2969
f 2969 896 2970
f 1815 1814 734
f 734 1814 731
f 728 1215 896
f 896 1215 732
f 2885 1216 733
f 733 1216 2886
f 1216 1219 2886
f 2886 1219 2883
f 2876 1304 1821
f 1821 1304 749
f 1304 1303 749
f 749 1303 746
f 1818 2973 1817
f 1817 2973 1810
f 747 2974 1818
f 1818 2974 2973
f 747 746 2974
f 2974 746 1303
f 2976 2977 2975
f 2975 2977 2978
f 2976 2979 2901
f 2901 2979 2900
f 2980 2981 2982
f 2982 2981 2979
f 2981 2980 2983
f 2983 2980 2984
f 2985 2897 2983
f 2983 2897 2898
f 2987 2988 2986
f 2986 2988 2985
f 2896 2988 1442
f 1442 2988 1439
f 1903 2977 1904
f 1904 2977 2902
f 1856 1855 1890
f 1890 1855 2989
f 2989 2990 1890
f 1890 2990 1359
f 2990 2991 1359
f 1359 2991 1356
f 2946 2992 1859
f 1859 2992 1893
f 2992 2993 1893
f 1893 2993 775
f 2993 2994 775
f 775 2994 776
f 2986 1356 2987
f 2987 1356 2991
f 2975 2978 776
f 776 2978 777
f 2982 2994 2980
f 2980 2994 2995
f 1357 2984 2995
f 2995 2984 2980
f 2995 2996 1357
f 1357 2996 1358
f 2996 2997 1358
f 1358 2997 1889
f 2998 2999 2932
f 2932 2999 2933
f 2999 2971 2933
f 2933 2971 2934
f 1837 1836 2937
f 2937 1836 2938
f 2943 1841 2941
f 2941 1841 1838
f 3001 2944 3000
f 3000 2944 2943
f 3001 3002 2944
f 2944 3002 2945
f 3002 3003 2945
f 2945 3003 2946
f 2997 3003 1889
f 1889 3003 2947
f 2947 3003 2948
f 2948 3003 3002
f 3001 3004 3002
f 3002 3004 2948
f 3000 3005 3001
f 3001 3005 3004
f 2940 3006 3000
f 3000 3006 3005
f 2999 3007 2971
f 2971 3007 2972
f 2998 2951 2999
f 2999 2951 3007
f 3008 2952 2998
f 2998 2952 2951
f 2966 2965 2936
f 2936 2965 2937
f 2935 2938 2971
f 2971 2938 2934
f 3003 2997 2946
f 2946 2997 2992
f 2997 2996 2992
f 2992 2996 2993
f 2996 2995 2993
f 2993 2995 2994
f 1356 2986 1357
f 1357 2986 2984
f 2982 2975 2994
f 2994 2975 776
f 1844 1843 1899
f 1899 1843 3009
f 1843 638 3009
f 3009 638 3010
f 638 637 3010
f 3010 637 3011
f 637 1830 3011
f 3011 1830 3012
f 1830 1833 3012
f 3012 1833 2894
f 1833 1854 2894
f 2894 1854 2895
f 1854 1853 2895
f 2895 1853 1888
f 1858 1857 1885
f 1885 1857 1892
f 1899 3009 1898
f 1898 3009 1874
f 3009 3010 1874
f 1874 3010 1865
f 3010 3011 1865
f 1865 3011 1862
f 3011 3012 1862
f 1862 3012 1882
f 3012 2894 1882
f 1882 2894 2893
f 1850 2890 782
f 782 2890 2889
f 783 2880 1811
f 1811 2880 1812
f 744 1810 745
f 745 1810 2973
f 745 2973 805
f 805 2973 806
f 2973 2974 806
f 806 2974 815
f 1303 812 2974
f 2974 812 815
f 1303 1302 812
f 812 1302 1221
f 1307 3013 1302
f 1302 3013 1221
f 1734 3014 1633
f 1633 3014 1634
f 1646 1649 1636
f 1636 1649 1637
f 1654 1657 1641
f 1641 1657 1642
f 1639 1736 1636
f 1636 1736 1684
f 1716 1713 1698
f 1698 1713 1699
f 1718 1721 1705
f 1705 1721 1706
f 1653 1654 1709
f 1709 1654 1641
f 1620 1623 1714
f 1714 1623 1699
f 1712 1682 1714
f 1714 1682 1740
f 1668 1671 1746
f 1746 1671 1747
f 1752 1650 1749
f 1749 1650 1750
f 1750 1650 1709
f 1709 1650 1653
f 1632 1668 1633
f 1633 1668 1746
f 1649 1752 1637
f 1637 1752 1749
f 1682 1643 1740
f 1740 1643 1642
f 3014 1685 1634
f 1634 1685 1684
f 1704 1748 1705
f 1705 1748 1747
f 1697 1707 1698
f 1698 1707 1706
f 1739 1701 1621
f 1621 1701 1622
f 1567 1566 1647
f 1647 1566 1648
f 1664 1695 1651
f 1651 1695 1652
f 1614 1617 1655
f 1655 1617 1656
f 1704 1707 1659
f 1659 1707 1660
f 3014 1734 1662
f 1662 1734 1663
f 1650 1752 1651
f 1651 1752 1665
f 1741 1657 1667
f 1667 1657 1656
f 1695 1614 1652
f 1652 1614 1655
f 1724 1567 1726
f 1726 1567 1647
f 1645 1628 1733
f 1733 1628 1663
f 1685 3014 1726
f 1726 3014 1662
f 1620 1741 1621
f 1621 1741 1667
f 1566 1666 1648
f 1648 1666 1665
f 1658 1737 1659
f 1659 1737 1901
f 1911 1661 1910
f 1910 1661 1660
f 1701 1911 1622
f 1622 1911 1910
f 1732 1748 1733
f 1733 1748 1901
f 1857 2948 1892
f 1892 2948 3004
f 1892 3004 1891
f 1891 3004 3005
f 1828 3006 1829
f 1829 3006 2949
f 2967 736 2968
f 2968 736 710
f 2972 2969 2967
f 2967 2969 736
f 2969 2972 897
f 897 2972 3007
f 897 3007 729
f 729 3007 2951
f 3016 753 3015
f 3015 753 752
f 3018 767 3017
f 3017 767 766
f 3019 3020 1249
f 1249 3020 3021
f 2915 2914 3019
f 3019 2914 3020
f 3023 2914 3022
f 3022 2914 1783
f 2827 2839 769
f 769 2839 766
f 3025 2838 3024
f 3024 2838 3021
f 768 767 2850
f 2850 767 3026
f 2850 3026 751
f 751 3026 752
f 750 753 2932
f 2932 753 3027
f 3008 2998 3027
f 3027 2998 2932
f 3028 3029 3008
f 3008 3029 2952
f 3029 3030 2952
f 2952 3030 730
f 3032 3033 3031
f 3031 3033 3034
f 3036 3037 3035
f 3035 3037 3038
f 2870 3039 612
f 612 3039 3040
f 3041 3042 3031
f 3031 3042 3038
f 3034 1352 3043
f 3043 1352 944
f 612 3040 613
f 613 3040 3044
f 613 3044 1425
f 1425 3044 1422
f 3045 3042 669
f 669 3042 670
f 3041 3043 599
f 599 3043 600
f 772 771 1544
f 1544 771 781
f 1503 771 1866
f 1866 771 770
f 771 1503 781
f 781 1503 778
f 61 281 416
f 416 281 1907
f 283 103 3046
f 3046 103 3047
f 76 79 3048
f 3048 79 3049
f 280 76 1906
f 1906 76 3048
f 3051 335 3050
f 3050 335 334
f 3053 417 3052
f 3052 417 416
f 3055 435 3054
f 3054 435 434
f 428 435 419
f 419 435 1908
f 420 1909 293
f 293 1909 443
f 79 294 3049
f 3049 294 444
f 3057 444 3056
f 3056 444 443
f 3051 3058 335
f 335 3058 452
f 216 215 1332
f 1332 215 452
f 308 283 462
f 462 283 3046
f 3050 334 3059
f 3059 334 462
f 103 62 3047
f 3047 62 417
f 313 312 434
f 434 312 463
f 3061 574 3060
f 3060 574 573
f 1310 3062 1428
f 1428 3062 3063
f 1258 3064 1255
f 1255 3064 2871
f 932 3065 2853
f 2853 3065 3066
f 699 2814 931
f 931 2814 3067
f 3068 1301 3063
f 3063 1301 1428
f 571 574 1310
f 1310 574 3062
f 3060 573 3069
f 3069 573 1332
f 3070 3071 1906
f 1906 3071 1907
f 3072 3073 1908
f 1908 3073 1909
f 3075 2814 3074
f 3074 2814 2813
f 2854 3076 1258
f 1258 3076 3064
f 2871 3077 2872
f 2872 3077 3078
f 3074 2813 3079
f 3079 2813 2873
f 2872 3078 1349
f 1349 3078 3080
f 2873 701 3068
f 3068 701 1301
f 1330 1201 3080
f 3080 1201 1349
f 1264 1263 3081
f 3081 1263 3082
f 3083 3084 3082
f 3082 3084 3081
f 811 1448 3086
f 3086 1448 3085
f 808 811 3087
f 3087 811 3086
f 3088 3083 833
f 833 3083 3082
f 884 3089 885
f 885 3089 3090
f 3087 1790 808
f 808 1790 816
f 1790 3087 1787
f 1787 3087 3091
f 3092 3091 3086
f 3086 3091 3087
f 3093 3094 3084
f 3084 3094 3095
f 3089 3096 3090
f 3090 3096 3088
f 3097 3093 3083
f 3083 3093 3084
f 3099 3100 3098
f 3098 3100 1786
f 3101 1788 2913
f 2913 1788 3102
f 838 837 885
f 885 837 886
f 886 837 3103
f 3103 837 1541
f 3094 3093 3104
f 3104 3093 3097
f 3105 3106 3089
f 3089 3106 3096
f 3108 3109 3107
f 3107 3109 3110
f 3111 3112 3091
f 3091 3112 1787
f 3114 3108 3113
f 3113 3108 3107
f 3114 3115 3112
f 3112 3115 3102
f 3091 3092 3111
f 3111 3092 3116
f 839 838 835
f 835 838 836
f 885 3090 838
f 838 3090 836
f 3110 3117 1247
f 1247 3117 3118
f 1247 3118 1248
f 1248 3118 3119
f 3120 3121 3119
f 3119 3121 1248
f 1247 844 3110
f 3110 844 3107
f 844 843 3107
f 3107 843 3113
f 843 3099 3113
f 3113 3099 3122
f 1781 3123 3098
f 3098 3123 3124
f 2915 2931 1780
f 1780 2931 2930
f 3019 3125 2915
f 2915 3125 2931
f 890 3125 2834
f 2834 3125 1252
f 3125 3019 1252
f 1252 3019 1249
f 907 908 946
f 946 908 947
f 1185 1188 1369
f 1369 1188 948
f 954 957 951
f 951 957 952
f 910 965 953
f 953 965 950
f 905 958 960
f 960 958 961
f 3126 978 949
f 949 978 962
f 936 935 967
f 967 935 968
f 994 993 969
f 969 993 966
f 902 904 971
f 971 904 972
f 983 985 973
f 973 985 970
f 906 905 974
f 974 905 960
f 977 981 959
f 959 981 975
f 911 910 1143
f 1143 910 953
f 952 957 1142
f 1142 957 1145
f 911 1143 1366
f 1366 1143 1368
f 1185 1369 1145
f 1145 1369 1142
f 993 1519 966
f 966 1519 1456
f 965 1454 950
f 950 1454 1457
f 900 899 1459
f 1459 899 1460
f 988 991 1461
f 1461 991 1458
f 899 963 1460
f 1460 963 1462
f 985 987 970
f 970 987 1463
f 904 906 972
f 972 906 974
f 981 983 975
f 975 983 973
f 935 900 968
f 968 900 1459
f 991 994 1458
f 1458 994 969
f 1154 1526 1088
f 1088 1526 1089
f 1109 1112 1092
f 1092 1112 1093
f 1083 1098 1084
f 1084 1098 1097
f 1078 1471 1100
f 1100 1471 1101
f 1075 1078 1104
f 1104 1078 1100
f 1152 1154 1156
f 1156 1154 1088
f 1156 1155 1372
f 1372 1155 1373
f 1372 1373 1104
f 1104 1373 1075
f 1467 1109 1465
f 1465 1109 1092
f 1465 1182 1468
f 1468 1182 1184
f 1474 1470 1096
f 1096 1470 1097
f 1102 1101 1083
f 1083 1101 1098
f 1112 1531 1093
f 1093 1531 1529
f 1102 1073 1099
f 1099 1073 1072
f 1526 1154 1079
f 1079 1154 1080
f 1081 1091 1082
f 1082 1091 1094
f 1069 1068 1085
f 1085 1068 1086
f 1153 1151 1080
f 1080 1151 1058
f 1371 1177 1179
f 1179 1177 1176
f 1099 1072 1103
f 1103 1072 1176
f 1068 1071 1086
f 1086 1071 1073
f 1085 1084 1180
f 1180 1084 1469
f 1066 1065 1183
f 1183 1065 1181
f 1153 1152 1177
f 1177 1152 1178
f 1091 1081 1182
f 1182 1081 1183
f 1057 1525 1079
f 1079 1525 1527
f 1120 1117 1076
f 1076 1117 1077
f 1087 1090 1107
f 1107 1090 1108
f 1127 1126 1110
f 1110 1126 1111
f 1095 1116 1096
f 1096 1116 1115
f 1471 1078 1119
f 1119 1078 1077
f 1087 1107 1155
f 1155 1107 1158
f 1376 1374 1157
f 1157 1374 1158
f 1076 1075 1374
f 1374 1075 1373
f 1109 1467 1110
f 1110 1467 1472
f 1467 1466 1472
f 1472 1466 1473
f 1135 1475 1114
f 1114 1475 1115
f 1471 1119 1095
f 1095 1119 1116
f 1126 1532 1111
f 1111 1532 1530
f 914 1276 1480
f 1480 1276 1517
f 3127 3128 1223
f 1223 3128 1224
f 824 933 1455
f 1455 933 3129
f 3131 1448 3130
f 3130 1448 1447
f 3132 3133 1452
f 1452 3133 1453
f 3130 1447 1322
f 1322 1447 1455
f 933 1514 3129
f 3129 1514 3134
f 1161 3135 1480
f 1480 3135 1481
f 3128 3136 1224
f 1224 3136 1499
f 3133 1162 1453
f 1453 1162 1517
f 1515 3127 1535
f 1535 3127 1223
f 3095 3085 3131
f 3131 3085 1448
f 3137 3092 3085
f 3085 3092 3086
f 3138 3116 3137
f 3137 3116 3092
f 3110 3109 3117
f 3117 3109 3139
f 3105 3140 3117
f 3117 3140 3118
f 3140 3141 3118
f 3118 3141 3119
f 3142 3120 3141
f 3141 3120 3119
f 1498 3143 1277
f 1277 3143 882
f 3144 3145 1340
f 1340 3145 1339
f 1340 3146 3144
f 3144 3146 3147
f 3145 3144 3143
f 3143 3144 3148
f 871 901 872
f 872 901 1362
f 3149 3148 3147
f 3147 3148 3144
f 1208 3150 1209
f 3098 1786 1781
f 1781 1786 1782
f 2930 2929 3123
f 3123 2929 2911
f 1794 1791 2916
f 2916 1791 2917
f 1793 3101 2918
f 2918 3101 2919
f 1796 1794 2920
f 2920 1794 2916
f 3151 3152 2921
f 2921 3152 2922
f 3153 3154 2923
f 2923 3154 2924
f 2919 3101 2912
f 2912 3101 2913
f 3155 1796 2925
f 2925 1796 2920
f 3154 3156 2924
f 2924 3156 2926
f 1791 1793 2917
f 2917 1793 2918
f 3157 3158 2927
f 2927 3158 2928
f 1780 2930 1781
f 1781 2930 3123
f 2825 1267 1189
f 1189 1267 1190
f 2827 2828 1250
f 1250 2828 1251
f 1489 2830 1324
f 1324 2830 1325
f 923 1328 1334
f 1334 1328 1335
f 1485 2832 1482
f 1482 2832 1483
f 1266 1490 1492
f 1492 1490 1493
f 1333 1346 1334
f 1334 1346 2824
f 722 799 1492
f 1492 799 1190
f 664 657 1482
f 1482 657 2833
f 631 634 1324
f 1324 634 1493
f 2828 1494 1251
f 1251 1494 2835
f 1249 3021 1250
f 1250 3021 2838
f 798 2837 1189
f 1189 2837 2836
f 3100 842 3160
f 3160 842 3159
f 1788 3101 1789
f 1789 3101 1793
f 1792 816 1789
f 1789 816 1790
f 817 816 1795
f 1795 816 1792
f 938 817 1797
f 1797 817 1795
f 1796 3155 1797
f 1797 3155 1798
f 3155 3158 1798
f 1798 3158 1799
f 3157 3152 1801
f 1801 3152 1802
f 3151 3156 1803
f 1803 3156 1804
f 3154 3153 1805
f 1805 3153 1806
f 3153 3161 1806
f 1806 3161 1807
f 3099 843 3100
f 3100 843 842
f 1788 1787 3102
f 3102 1787 3112
f 2910 3115 3124
f 3124 3115 3122
f 3099 3098 3122
f 3122 3098 3124
f 416 1907 3052
f 3052 1907 3071
f 3046 3047 3163
f 3163 3047 3162
f 249 445 259
f 259 445 3164
f 425 3165 424
f 424 3165 461
f 408 410 329
f 329 410 330
f 39 331 40
f 40 331 332
f 305 304 423
f 423 304 464
f 385 254 458
f 458 254 392
f 250 415 251
f 251 415 412
f 233 337 234
f 234 337 3166
f 435 3055 1908
f 1908 3055 3072
f 443 1909 3056
f 3056 1909 3073
f 3167 3049 3057
f 3057 3049 444
f 452 3058 1332
f 1332 3058 3069
f 234 3166 346
f 346 3166 411
f 3046 3163 462
f 462 3163 3059
f 259 3164 260
f 260 3164 336
f 3047 417 3162
f 3162 417 3053
f 463 3168 434
f 434 3168 3054
f 454 830 425
f 425 830 3165
f 3062 3169 3063
f 3063 3169 3170
f 1355 1354 1534
f 1534 1354 3171
f 3063 3170 3068
f 3068 3170 3172
f 574 3061 3062
f 3062 3061 3169
f 1534 3171 1535
f 1535 3171 3173
f 3079 2873 3172
f 3172 2873 3068
f 2838 3025 2839
f 2839 3025 3174
f 3176 3177 3175
f 3175 3177 3178
f 3180 1125 3179
f 3179 1125 1128
f 3182 3183 3181
f 3181 3183 3184
f 1134 3185 1130
f 1130 3185 3182
f 3186 3187 3189
f 3189 3187 3188
f 3191 3189 3190
f 3190 3189 3188
f 1137 1122 3190
f 3190 1122 3192
f 3175 3178 3193
f 3193 3178 3194
f 3181 3184 3179
f 3179 3184 3195
f 3197 3198 3196
f 3196 3198 3180
f 3200 3178 3199
f 3199 3178 3177
f 3202 3196 3201
f 3201 3196 3195
f 3204 3184 3203
f 3203 3184 3183
f 3206 3207 3205
f 3205 3207 3186
f 3205 3186 3208
f 3208 3186 3189
f 3209 3208 3191
f 3191 3208 3189
f 3210 3194 3200
f 3200 3194 3178
f 3201 3195 3204
f 3204 3195 3184
f 3197 3211 3177
f 3177 3211 3199
f 3213 3214 3212
f 3212 3214 3215
f 3217 3218 3216
f 3216 3218 3219
f 3221 3222 3220
f 3220 3222 3223
f 3225 3226 3224
f 3224 3226 3227
f 3229 3230 3228
f 3228 3230 3231
f 3233 3234 3232
f 3232 3234 3235
f 3237 3238 3236
f 3236 3238 3239
f 3238 3240 3239
f 3239 3240 3241
f 3232 3235 3242
f 3242 3235 3243
f 3245 3246 3244
f 3244 3246 3247
f 3248 3249 3245
f 3245 3249 3246
f 3251 3252 3250
f 3250 3252 3253
f 3255 3252 3254
f 3254 3252 3251
f 3256 3257 3259
f 3259 3257 3258
f 3261 3262 3260
f 3260 3262 3263
f 3265 3263 3264
f 3264 3263 3262
f 3256 3259 3266
f 3266 3259 3267
f 3269 3270 3268
f 3268 3270 3271
f 3269 3272 3270
f 3270 3272 3273
f 3274 3275 3277
f 3277 3275 3276
f 3278 3279 3276
f 3276 3279 3277
f 3281 3282 3280
f 3280 3282 3283
f 3280 3284 3281
f 3281 3284 3285
f 3287 3288 3286
f 3286 3288 3289
f 3290 3291 3288
f 3288 3291 3289
f 3234 3218 3235
f 3235 3218 3217
f 3232 3292 3233
f 3233 3292 3293
f 3239 3294 3236
f 3236 3294 3219
f 3233 3293 3237
f 3237 3293 3295
f 3296 3294 3241
f 3241 3294 3239
f 3240 3238 3297
f 3297 3238 3298
f 3217 3216 3235
f 3235 3216 3243
f 3297 3299 3240
f 3240 3299 3242
f 3246 3300 3247
f 3247 3300 3223
f 3301 3302 3254
f 3254 3302 3244
f 3249 3303 3246
f 3246 3303 3300
f 3245 3304 3248
f 3248 3304 3292
f 3252 3221 3253
f 3253 3221 3220
f 3250 3248 3299
f 3299 3248 3292
f 3222 3221 3255
f 3255 3221 3252
f 3297 3301 3251
f 3251 3301 3254
f 3258 3214 3259
f 3259 3214 3213
f 3257 3256 3304
f 3304 3256 3305
f 3263 3306 3260
f 3260 3306 3215
f 3261 3257 3302
f 3302 3257 3304
f 3307 3306 3265
f 3265 3306 3263
f 3262 3301 3264
f 3264 3301 3308
f 3259 3213 3267
f 3267 3213 3212
f 3308 3309 3264
f 3264 3309 3266
f 3270 3310 3271
f 3271 3310 3231
f 3311 3312 3278
f 3278 3312 3268
f 3270 3273 3310
f 3310 3273 3313
f 3272 3269 3305
f 3305 3269 3314
f 3277 3229 3274
f 3274 3229 3228
f 3275 3272 3309
f 3309 3272 3305
f 3279 3230 3277
f 3277 3230 3229
f 3276 3308 3278
f 3278 3308 3311
f 3281 3315 3282
f 3282 3315 3227
f 3290 3316 3283
f 3283 3316 3317
f 3281 3285 3315
f 3315 3285 3318
f 3284 3280 3314
f 3314 3280 3319
f 3289 3225 3286
f 3286 3225 3224
f 3287 3284 3312
f 3284 3314 3312
f 3291 3226 3289
f 3289 3226 3225
f 3288 3311 3290
f 3290 3311 3316
f 3212 3215 3307
f 3307 3215 3306
f 3294 3296 3219
f 3219 3296 3216
f 3303 3220 3300
f 3300 3220 3223
f 3224 3227 3318
f 3318 3227 3315
f 3228 3231 3313
f 3313 3231 3310
f 3234 3233 3236
f 3236 3233 3237
f 3243 3241 3242
f 3242 3241 3240
f 3247 3255 3244
f 3244 3255 3254
f 3253 3249 3250
f 3250 3249 3248
f 3260 3258 3261
f 3261 3258 3257
f 3266 3267 3264
f 3264 3267 3265
f 3268 3271 3278
f 3278 3271 3279
f 3274 3273 3275
f 3275 3273 3272
f 3283 3282 3290
f 3290 3282 3291
f 3286 3285 3287
f 3287 3285 3284
f 3218 3234 3219
f 3219 3234 3236
f 3295 3298 3237
f 3237 3298 3238
f 3216 3296 3243
f 3243 3296 3241
f 3242 3299 3232
f 3232 3299 3292
f 3223 3222 3247
f 3247 3222 3255
f 3244 3302 3245
f 3245 3302 3304
f 3303 3249 3220
f 3220 3249 3253
f 3297 3251 3299
f 3299 3251 3250
f 3215 3214 3260
f 3260 3214 3258
f 3301 3262 3302
f 3302 3262 3261
f 3212 3307 3267
f 3267 3307 3265
f 3266 3309 3256
f 3256 3309 3305
f 3271 3231 3279
f 3279 3231 3230
f 3268 3312 3269
f 3269 3312 3314
f 3228 3313 3274
f 3274 3313 3273
f 3308 3276 3309
f 3309 3276 3275
f 3282 3227 3291
f 3291 3227 3226
f 3317 3319 3283
f 3283 3319 3280
f 3224 3318 3286
f 3286 3318 3285
f 3312 3311 3287
f 3311 3288 3287
f 3320 3321 3194
f 3194 3321 3193
f 1375 3321 1121
f 1121 3321 3322
f 3323 3324 3322
f 3322 3324 3192
f 3175 1124 3176
f 3176 1124 1123
f 3179 3195 3180
f 3180 3195 3196
f 3181 1131 3182
f 3182 1131 1130
f 3207 3185 3186
f 3186 3185 3187
f 1136 3188 1133
f 1133 3188 3187
f 3190 3188 1137
f 1137 3188 1136
f 3193 1159 3175
f 3175 1159 1124
f 3179 1128 3181
f 3181 1128 1131
f 1533 3198 1123
f 1123 3198 3176
f 3321 1375 3193
f 3193 1375 1159
f 3321 3320 3322
f 3322 3320 3323
f 1122 1121 3192
f 3192 1121 3322
f 3194 3210 3320
f 3320 3210 3325
f 3324 3323 3327
f 3327 3323 3326
f 3320 3325 3323
f 3323 3325 3326
f 3208 3328 3205
f 3205 3328 3329
f 3330 3206 3329
f 3329 3206 3205
f 3203 3331 3204
f 3204 3331 3332
f 3210 3333 3325
f 3325 3333 3334
f 3325 3334 3326
f 3326 3334 3335
f 3327 3326 3336
f 3336 3326 3335
f 3327 3209 3324
f 3324 3209 3191
f 3190 3192 3191
f 3191 3192 3324
f 3338 3339 3337
f 3337 3339 3340
f 3338 3341 3339
f 3339 3341 3342
f 3341 3343 3342
f 3342 3343 3344
f 3343 3345 3344
f 3344 3345 3346
f 3345 3347 3346
f 3346 3347 3348
f 3347 3349 3348
f 3348 3349 3350
f 3337 3340 3351
f 3351 3340 3352
f 3351 3352 3353
f 3353 3352 3354
f 3353 3354 3355
f 3355 3354 3356
f 3350 3349 3357
f 3357 3349 3358
f 3355 3356 3359
f 3359 3356 3360
f 3359 3360 3361
f 3361 3360 3362
f 3361 3362 3363
f 3363 3362 3364
f 3363 3364 3358
f 3358 3364 3357
f 3339 3342 3365
f 3365 3342 3366
f 3342 3344 3366
f 3366 3344 3367
f 3344 3346 3367
f 3367 3346 3368
f 3346 3348 3368
f 3368 3348 3369
f 3348 3350 3369
f 3369 3350 3370
f 3368 3369 3371
f 3371 3369 3372
f 3369 3370 3372
f 3372 3370 3373
f 3373 3374 3372
f 3372 3374 3375
f 3377 3378 3376
f 3376 3378 3379
f 3377 3375 3378
f 3378 3375 3374
f 3375 3380 3372
f 3372 3380 3371
f 3377 3381 3375
f 3375 3381 3380
f 3376 3382 3377
f 3377 3382 3381
f 3384 3385 3383
f 3383 3385 3386
f 3384 3383 3388
f 3388 3383 3387
f 3388 3387 3389
f 3389 3387 3390
f 3392 3385 3391
f 3391 3385 3384
f 3388 3393 3384
f 3384 3393 3391
f 3389 3394 3388
f 3388 3394 3393
f 3389 3395 3394
f 3394 3395 3396
f 3395 3389 3397
f 3397 3389 3390
f 3339 3365 3340
f 3340 3365 3398
f 3340 3398 3352
f 3352 3398 3399
f 3371 3400 3368
f 3368 3400 3367
f 3400 3401 3367
f 3367 3401 3366
f 3366 3401 3365
f 3365 3401 3402
f 3398 3365 3403
f 3403 3365 3402
f 3398 3403 3399
f 3399 3403 3404
f 3403 3405 3404
f 3404 3405 3406
f 3352 3399 3354
f 3354 3399 3407
f 3399 3404 3407
f 3407 3404 3408
f 3404 3406 3408
f 3408 3406 3409
f 3405 3410 3406
f 3406 3410 3411
f 3410 3412 3411
f 3411 3412 3413
f 3397 3414 3395
f 3395 3414 3415
f 3417 3415 3416
f 3416 3415 3412
f 3410 3418 3412
f 3412 3418 3416
f 3410 3405 3418
f 3418 3405 3419
f 3405 3403 3419
f 3419 3403 3402
f 3370 3350 3420
f 3420 3350 3357
f 3373 3370 3421
f 3421 3370 3420
f 3374 3373 3422
f 3422 3373 3421
f 3378 3374 3423
f 3423 3374 3422
f 3378 3423 3379
f 3379 3423 3424
f 3424 3425 3379
f 3379 3425 3386
f 3383 3426 3387
f 3387 3426 3427
f 3387 3427 3390
f 3390 3427 3428
f 3390 3428 3397
f 3397 3428 3429
f 3429 3430 3397
f 3397 3430 3414
f 3411 3413 3431
f 3431 3413 3432
f 3406 3411 3409
f 3409 3411 3431
f 3401 3400 3335
f 3335 3400 3336
f 3401 3335 3402
f 3402 3335 3334
f 3402 3334 3419
f 3419 3334 3333
f 3419 3333 3418
f 3418 3333 3433
f 3418 3433 3416
f 3416 3433 3434
f 3435 3417 3434
f 3434 3417 3416
f 3394 3396 3436
f 3436 3396 3437
f 3393 3394 3332
f 3332 3394 3436
f 3393 3332 3391
f 3391 3332 3331
f 3330 3392 3331
f 3331 3392 3391
f 3382 3329 3381
f 3381 3329 3328
f 3354 3407 3356
f 3356 3407 3438
f 3356 3438 3360
f 3360 3438 3439
f 3360 3439 3362
f 3362 3439 3440
f 3362 3440 3364
f 3364 3440 3441
f 3364 3441 3357
f 3357 3441 3420
f 3421 3420 3442
f 3442 3420 3441
f 3442 3441 3443
f 3443 3441 3440
f 3443 3440 3444
f 3444 3440 3439
f 3444 3439 3445
f 3445 3439 3438
f 3445 3438 3408
f 3408 3438 3407
f 3422 3421 3446
f 3446 3421 3442
f 3446 3442 3447
f 3447 3442 3443
f 3447 3443 3448
f 3448 3443 3444
f 3448 3444 3449
f 3449 3444 3445
f 3449 3445 3409
f 3409 3445 3408
f 3409 3431 3449
f 3449 3431 3450
f 3449 3450 3448
f 3448 3450 3451
f 3451 3452 3448
f 3448 3452 3447
f 3447 3452 3446
f 3446 3452 3453
f 3446 3453 3422
f 3422 3453 3423
f 3424 3423 3454
f 3454 3423 3453
f 3452 3455 3453
f 3453 3455 3454
f 3452 3451 3455
f 3455 3451 3456
f 3450 3457 3451
f 3451 3457 3456
f 3431 3432 3450
f 3450 3432 3457
f 3454 3458 3424
f 3424 3458 3425
f 3427 3426 3459
f 3459 3426 3460
f 3428 3427 3461
f 3461 3427 3459
f 3428 3461 3429
f 3429 3461 3462
f 3462 3463 3429
f 3429 3463 3430
f 3464 3465 3462
f 3462 3465 3463
f 3455 3466 3454
f 3454 3466 3458
f 3465 3464 3466
f 3466 3464 3467
f 3461 3459 3468
f 3468 3459 3469
f 3468 3469 3464
f 3464 3469 3467
f 3464 3462 3468
f 3468 3462 3461
f 3459 3460 3469
f 3469 3460 3467
f 3295 3351 3298
f 3298 3351 3353
f 3353 3355 3298
f 3298 3355 3297
f 3297 3355 3301
f 3301 3355 3359
f 3301 3359 3308
f 3308 3359 3361
f 3308 3361 3311
f 3311 3361 3363
f 3311 3363 3316
f 3316 3363 3358
f 3316 3358 3317
f 3317 3358 3349
f 3349 3347 3317
f 3317 3347 3319
f 3347 3345 3319
f 3319 3345 3314
f 3345 3343 3314
f 3314 3343 3305
f 3343 3341 3305
f 3305 3341 3304
f 3304 3341 3292
f 3292 3341 3338
f 3292 3338 3293
f 3293 3338 3337
f 3293 3337 3295
f 3295 3337 3351
f 3437 3202 3436
f 3436 3202 3201
f 3436 3201 3332
f 3332 3201 3204
f 3433 3200 3434
f 3434 3200 3199
f 3211 3435 3199
f 3199 3435 3434
f 3333 3210 3433
f 3433 3210 3200
f 3380 3470 3371
f 3400 3371 3336
f 3336 3371 3470
f 3381 3328 3380
f 3380 3328 3470
f 3470 3328 3209
f 3209 3328 3208
f 3336 3470 3327
f 3327 3470 3209
f 1545 1763 1546
f 1546 1763 1762
f 1403 1546 773
f 773 1546 770
f 1221 3013 1220
f 1220 3013 3471
f 1305 2877 1306
f 1306 2877 2879
f 1220 3471 828
f 828 3471 829
f 1217 1754 3472
f 3472 1754 1756
f 1049 3473 1048
f 1048 3473 3474
f 1371 1179 3473
f 3473 1179 3474
f 1074 3475 1179
f 1179 3475 3474
f 3474 3475 1048
f 1048 3475 1056
f 919 666 1345
f 1345 666 665
f 856 680 919
f 919 680 666
f 679 680 1449
f 1449 680 858
f 1367 878 1500
f 1500 878 877
f 1366 908 1367
f 1367 908 878
f 1512 916 1513
f 1513 916 915
f 947 1368 948
f 948 1368 1369
f 1047 1021 1044
f 1044 1021 1020
f 1370 1049 1019
f 1019 1049 1020
f 1173 1030 1174
f 1174 1030 1033
f 3126 1188 1464
f 1464 1188 1187
f 1800 1451 1512
f 1512 1451 916
f 1175 1174 1186
f 1186 1174 1187
f 1030 1173 1047
f 1047 1173 1021
f 1513 915 3476
f 3476 915 1481
f 1345 665 3477
f 3477 665 1483
f 1502 1501 876
f 876 1501 877
f 1205 1451 1803
f 1803 1451 1802
f 3479 2832 3478
f 3478 2832 2831
f 1449 858 2927
f 2927 858 2922
f 908 1366 947
f 947 1366 1368
f 949 948 3126
f 3126 948 1188
f 3480 3135 1502
f 1502 3135 1501
f 2927 2922 3157
f 3157 2922 3152
f 3477 1483 3479
f 3479 1483 2832
f 1803 1802 3151
f 3151 1802 3152
f 663 658 664
f 664 658 657
f 655 658 939
f 939 658 706
f 1512 870 1800
f 1800 870 869
f 875 874 876
f 876 874 873
f 849 874 905
f 905 874 958
f 949 962 946
f 946 962 961
f 978 3126 979
f 979 3126 1464
f 1031 1168 1032
f 1032 1168 1022
f 1045 1013 1046
f 1046 1013 1012
f 1045 1044 1056
f 1056 1044 1048
f 1047 1046 1030
f 1030 1046 1031
f 939 706 940
f 940 706 1450
f 979 1464 1032
f 1032 1464 1033
f 3480 1478 3476
f 3476 1478 3134
f 2829 1487 2830
f 2830 1487 1486
f 848 1230 873
f 873 1230 1479
f 867 870 933
f 933 870 1514
f 1800 869 1801
f 1801 869 1799
f 2830 1486 1325
f 1325 1486 2833
f 940 1450 2925
f 2925 1450 2928
f 946 961 907
f 907 961 958
f 959 962 977
f 977 962 978
f 3476 3134 1513
f 1513 3134 1514
f 2925 2928 3155
f 3155 2928 3158
f 1325 2833 656
f 656 2833 657
f 1801 1799 3157
f 3157 1799 3158
f 1074 1055 3475
f 3475 1055 1056
f 1371 3473 1370
f 1370 3473 1049
f 2884 615 3481
f 3481 615 618
f 3478 2831 2846
f 2846 2831 617
f 2831 1484 617
f 617 1484 618
f 1484 1487 618
f 618 1487 3481
f 2848 3481 2829
f 2829 3481 1487
f 1480 1517 1161
f 1161 1517 1162
f 3129 1323 1455
f 1455 1323 1322
f 3129 3134 1323
f 1323 3134 1478
f 1535 3173 1515
f 1515 3173 1516
f 3085 3095 3137
f 3137 3095 3094
f 3137 3094 3138
f 3138 3094 3104
f 3117 3139 3105
f 3105 3139 3106
f 1138 1141 3127
f 3127 1141 3128
f 3081 3131 1264
f 1264 3131 3130
f 1227 1226 3132
f 3132 1226 3133
f 1264 3130 1229
f 1229 3130 1322
f 1160 1501 1161
f 1161 1501 3135
f 1141 1476 3128
f 3128 1476 3136
f 1226 1163 3133
f 3133 1163 1162
f 1363 1138 1515
f 1515 1138 3127
f 3084 3095 3081
f 3081 3095 3131
f 3089 884 3105
f 3105 884 3140
f 884 883 3140
f 3140 883 3141
f 883 3482 3141
f 3141 3482 3142
f 3476 1481 3480
f 3480 1481 3135
f 1502 1479 3480
f 3480 1479 1478
f 3168 463 440
f 714 1880 715
f 715 1880 2905
f 896 732 2970
f 2970 732 731
f 1263 834 3082
f 3082 834 833
f 898 1231 853
f 853 1231 854
f 3125 890 2931
f 2931 890 889
f 1237 893 2851
f 2851 893 892
f 898 853 899
f 899 853 963
f 988 987 989
f 989 987 986
f 1002 1007 1003
f 1003 1007 1006
f 1038 1036 1007
f 1007 1036 1004
f 1070 1052 1005
f 1005 1052 1006
f 1069 1067 1070
f 1070 1067 1052
f 1130 1129 1134
f 1134 1129 1135
f 879 1167 880
f 880 1167 1166
f 1171 1169 1037
f 1037 1169 1038
f 1085 1180 1069
f 1069 1180 1067
f 1209 1210 879
f 879 1210 1167
f 2885 1215 1754
f 1754 1215 1214
f 1263 855 834
f 834 855 854
f 708 1244 1826
f 1826 1244 1243
f 2909 894 1254
f 1254 894 893
f 1228 1361 964
f 964 1361 1360
f 2908 2907 1436
f 1436 2907 1437
f 2990 1440 2991
f 2991 1440 1439
f 964 1360 965
f 965 1360 1454
f 950 1457 951
f 951 1457 1456
f 970 1463 971
f 971 1463 1462
f 1025 1169 984
f 984 1169 986
f 1084 1097 1469
f 1469 1097 1470
f 1096 1115 1474
f 1474 1115 1475
f 1140 1361 1141
f 1141 1361 1476
f 1212 1495 2828
f 2828 1495 1494
f 880 1166 1452
f 1452 1166 1499
f 715 2905 1504
f 1504 2905 2906
f 954 1519 955
f 955 1519 1518
f 1026 1520 992
f 992 1520 1518
f 1029 1520 1043
f 1043 1520 1521
f 997 1522 1040
f 1040 1522 1521
f 1015 1522 1016
f 1016 1522 1523
f 1523 996 1524
f 1524 996 1062
f 1057 1060 1525
f 1525 1060 1524
f 1094 1528 1082
f 1082 1528 1527
f 1526 1528 1089
f 1089 1528 1529
f 1090 1531 1108
f 1108 1531 1530
f 1125 1533 1126
f 1126 1533 1532
f 3483 1755 727
f 727 1755 1214
f 735 1814 707
f 707 1814 1813
f 2891 1834 1246
f 1246 1834 1243
f 2904 1881 1847
f 1847 1881 1848
f 1852 1855 1853
f 1853 1855 1858
f 1902 2903 1877
f 1877 2903 1878
f 2903 2904 1878
f 1878 2904 1847
f 714 713 1848
f 1848 713 1849
f 1440 2990 1883
f 1883 2990 2989
f 1883 2989 1852
f 1852 2989 1855
f 2895 1888 2892
f 2892 1888 1887
f 774 777 1877
f 1877 777 1903
f 1251 2835 1252
f 1252 2835 2834
f 1213 2844 1212
f 1212 2844 1495
f 2851 892 1213
f 1213 892 2844
f 3123 2911 3124
f 3124 2911 2910
f 887 2929 888
f 888 2929 889
f 1435 2963 1436
f 1436 2963 2961
f 1253 1438 1254
f 1254 1438 1437
f 2970 731 735
f 735 731 1814
f 733 732 2885
f 2885 732 1215
f 2901 2902 2976
f 2976 2902 2977
f 2975 2982 2976
f 2976 2982 2979
f 2899 2900 2981
f 2981 2900 2979
f 2899 2981 2898
f 2898 2981 2983
f 2986 2985 2984
f 2984 2985 2983
f 2897 2985 2896
f 2896 2985 2988
f 2991 1439 2987
f 2987 1439 2988
f 777 2978 1903
f 1903 2978 2977
f 1885 1888 1858
f 1858 1888 1853
f 3090 3088 836
f 836 3088 833
f 3083 3088 3097
f 3097 3088 3096
f 3097 3096 3104
f 3104 3096 3106
f 3111 3116 3108
f 3108 3116 3109
f 3112 3111 3114
f 3114 3111 3108
f 3113 3122 3114
f 3114 3122 3115
f 891 890 2837
f 2837 890 2834
f 951 1456 954
f 954 1456 1519
f 967 1457 936
f 936 1457 1454
f 971 1462 902
f 902 1462 963
f 1461 1463 988
f 988 1463 987
f 1466 1468 1474
f 1474 1468 1470
f 1089 1529 1090
f 1090 1529 1531
f 1184 1181 1469
f 1469 1181 1180
f 1082 1527 1061
f 1061 1527 1525
f 1129 1473 1135
f 1135 1473 1475
f 1108 1530 1105
f 1105 1530 1532
f 1452 1499 3132
f 3132 1499 3136
f 3109 3116 3139
f 3139 3116 3138
f 2912 2911 887
f 887 2911 2929
f 2836 2835 1497
f 1497 2835 1494
f 2913 3102 2910
f 2910 3102 3115
f 1133 3187 1134
f 1134 3187 3185
f 3177 3176 3197
f 3197 3176 3198
f 3203 3183 3206
f 3206 3183 3207
f 3196 3202 3197
f 3197 3202 3211
f 3183 3182 3207
f 3207 3182 3185
f 1125 3180 1533
f 1533 3180 3198
f 3331 3203 3330
f 3330 3203 3206
f 3376 3379 3385
f 3385 3379 3386
f 3382 3376 3392
f 3392 3376 3385
f 3412 3415 3413
f 3413 3415 3414
f 3417 3396 3415
f 3415 3396 3395
f 3383 3386 3426
f 3426 3386 3425
f 3413 3414 3432
f 3432 3414 3430
f 3437 3396 3435
f 3435 3396 3417
f 3329 3382 3330
f 3330 3382 3392
f 3426 3425 3460
f 3460 3425 3458
f 3432 3430 3457
f 3457 3430 3463
f 3457 3463 3456
f 3456 3463 3465
f 3460 3458 3467
f 3467 3458 3466
f 3466 3455 3465
f 3465 3455 3456
f 3202 3437 3211
f 3211 3437 3435
f 3104 3106 3138
f 3138 3106 3139
f 3132 3136 1227
f 1227 3136 1476
f 943 687 600
f 600 687 601
f 596 625 667
f 667 625 1297
f 687 686 601
f 601 686 653
f 1319 784 711
f 711 784 712
f 1811 607 783
f 783 607 712
f 862 921 917
f 917 921 920
f 3478 925 3479
f 3479 925 924
f 2846 926 3478
f 3478 926 925
f 659 662 929
f 929 662 930
f 856 921 857
f 857 921 1204
f 1206 864 1207
f 1207 864 863
f 2876 1219 2877
f 2877 1219 1218
f 667 1297 593
f 593 1297 1296
f 917 920 1333
f 1333 920 1346
f 686 693 653
f 653 693 930
f 1277 913 1498
f 1498 913 1207
f 592 1536 610
f 610 1536 711
f 864 1206 1805
f 1805 1206 1804
f 1317 1536 1900
f 1900 1536 1809
f 1900 1809 1295
f 1295 1809 1296
f 3479 924 3477
f 3477 924 2824
f 927 926 1203
f 1203 926 2847
f 3484 2859 3032
f 3032 2859 3033
f 3472 2878 1217
f 1217 2878 1218
f 2889 2888 2880
f 2880 2888 2881
f 2886 2883 2887
f 2887 2883 2882
f 929 928 2847
f 2847 928 1203
f 857 1204 2921
f 2921 1204 2926
f 1820 1819 2882
f 2882 1819 2881
f 1821 2883 2876
f 2876 2883 1219
f 782 2889 783
f 783 2889 2880
f 1352 3034 1353
f 1353 3034 3033
f 3031 3034 3041
f 3041 3034 3043
f 944 943 3043
f 3043 943 600
f 1339 3145 1498
f 1498 3145 3143
f 1208 882 3148
f 3148 882 3143
f 2921 2926 3151
f 3151 2926 3156
f 3477 2824 1345
f 1345 2824 1346
f 1805 1804 3154
f 3154 1804 3156
f 886 3103 883
f 883 3103 3482
f 841 1248 3485
f 3485 1248 3121
f 2811 2819 2812
f 2812 2819 2816
f 2818 2815 2817
f 2817 2815 2806
f 2817 2816 2818
f 2818 2816 2819
f 2793 2795 2819
f 2819 2795 2818
f 243 352 2793
f 2793 352 2795
f 242 353 243
f 243 353 352
f 359 191 242
f 242 191 353
f 247 192 359
f 359 192 191
f 157 193 247
f 247 193 192
f 156 194 157
f 157 194 193
f 378 261 156
f 156 261 194
f 378 381 261
f 261 381 195
f 195 381 196
f 196 381 376
f 196 376 198
f 198 376 375
f 375 1776 198
f 198 1776 197
f 1776 1767 197
f 197 1767 274
f 181 274 199
f 199 274 1767
f 568 566 564
f 564 566 563
f 568 569 566
f 566 569 567
f 501 1773 1771
f 1771 1773 578
f 547 579 1773
f 1773 579 578
f 3486 470 474
f 474 470 469
f 450 582 3487
f 3487 582 3488
f 582 583 3488
f 3488 583 3489
f 583 584 3489
f 3489 584 3490
f 3490 584 3491
f 3491 584 543
f 470 3486 466
f 466 3486 467
f 3489 3490 503
f 503 3490 504
f 503 3492 3489
f 3489 3492 3488
f 3492 503 3493
f 3493 503 502
f 3495 3492 3494
f 3494 3492 3493
f 3487 3488 3495
f 3495 3488 3492
f 468 1774 465
f 465 1774 570
f 3494 3493 1775
f 1775 3493 1771
f 3490 3491 504
f 504 3491 1772
f 3491 543 1772
f 1772 543 548
f 450 3487 474
f 474 3487 3486
f 3495 467 3487
f 3487 467 3486
f 3494 468 3495
f 3495 468 467
f 468 3494 1774
f 1774 3494 1775
f 501 1771 502
f 502 1771 3493
f 527 366 384
f 384 366 365
f 522 524 527
f 527 524 366
f 521 534 522
f 522 534 524
f 530 535 521
f 521 535 534
f 508 486 513
f 513 486 532
f 513 532 541
f 541 532 535
f 667 668 596
f 596 668 597
f 1294 1297 624
f 624 1297 625
f 603 641 604
f 604 641 640
f 1290 1293 650
f 650 1293 651
f 1758 691 660
f 660 691 661
f 602 671 599
f 599 671 670
f 654 662 690
f 690 662 661
f 2856 598 695
f 695 598 597
f 602 654 671
f 671 654 690
f 604 640 676
f 676 640 704
f 1826 1829 708
f 708 1829 709
f 1288 1284 740
f 740 1284 741
f 755 754 758
f 758 754 759
f 2853 2856 932
f 932 2856 695
f 689 691 1192
f 1192 691 1193
f 784 1319 1240
f 1240 1319 1241
f 1813 1816 1244
f 1244 1816 1245
f 754 1288 759
f 759 1288 740
f 1894 1242 1318
f 1318 1242 1241
f 2867 1348 1418
f 1418 1348 1347
f 676 704 673
f 673 704 1347
f 1284 1287 741
f 741 1287 1419
f 1421 1426 1422
f 1422 1426 1425
f 1758 660 615
f 615 660 616
f 1192 1191 1421
f 1421 1191 1426
f 2962 1839 1504
f 1504 1839 1505
f 941 1194 1759
f 1759 1194 1193
f 1287 1537 1419
f 1419 1537 1760
f 1882 2893 1823
f 1823 2893 1824
f 1886 1891 1827
f 1827 1891 1828
f 1887 1886 1834
f 1834 1886 1827
f 1841 716 1838
f 1838 716 1505
f 782 784 1850
f 1850 784 1240
f 1239 1242 1863
f 1863 1242 1864
f 1242 1894 1864
f 1864 1894 1873
f 1822 1239 1823
f 1823 1239 1863
f 1318 1317 1895
f 1895 1317 1900
f 1894 1896 1873
f 1873 1896 1897
f 1291 1896 1292
f 1292 1896 1895
f 605 1898 606
f 606 1898 1897
f 1258 1257 2854
f 2854 1257 2855
f 1257 1351 2855
f 2855 1351 2857
f 1351 1353 2857
f 2857 1353 2858
f 1353 3033 2858
f 2858 3033 2859
f 2860 2861 3036
f 3036 2861 3037
f 2862 2863 2870
f 2870 2863 3039
f 2870 2869 2862
f 2862 2869 2864
f 2868 2865 2869
f 2869 2865 2864
f 1764 2866 2868
f 2868 2866 2865
f 1537 1199 1760
f 1760 1199 1348
f 615 2884 1758
f 1758 2884 1759
f 1825 1246 2890
f 2890 1246 1245
f 2893 2892 1824
f 1824 2892 2891
f 761 2960 758
f 758 2960 2906
f 3000 2943 2940
f 2940 2943 2941
f 2968 710 2950
f 2950 710 709
f 1764 1423 2866
f 2866 1423 2953
f 1423 645 2953
f 2953 645 2954
f 645 644 2954
f 2954 644 2955
f 644 738 2955
f 2955 738 2956
f 738 764 2956
f 2956 764 2957
f 764 763 2957
f 2957 763 2958
f 763 2908 2958
f 2958 2908 2959
f 2908 1436 2959
f 2959 1436 2961
f 1837 2964 1435
f 1435 2964 2963
f 1837 2937 2964
f 2964 2937 2965
f 2936 2968 2966
f 2966 2968 2950
f 1840 2942 1838
f 1838 2942 2941
f 2939 2949 2940
f 2940 2949 3006
f 2939 2942 2966
f 2966 2942 2965
f 1822 1825 1850
f 1850 1825 2890
f 1891 3005 1828
f 1828 3005 3006
f 3035 3038 3045
f 3045 3038 3042
f 3045 3044 3035
f 3035 3044 3040
f 669 1422 3045
f 3045 1422 3044
f 599 670 3041
f 3041 670 3042
f 931 3067 932
f 932 3067 3065
f 2853 3066 2854
f 2854 3066 3076
f 3067 3496 3065
f 3065 3496 3497
f 3066 3498 3076
f 3076 3498 3499
f 707 1813 708
f 708 1813 1244
f 2960 2962 2906
f 2906 2962 1504
f 2892 1887 2891
f 2891 1887 1834
f 1839 2962 2963
f 2963 2962 2961
f 595 626 596
f 596 626 625
f 623 626 3484
f 3484 626 2859
f 1291 1290 606
f 606 1290 603
f 1290 650 603
f 603 650 641
f 641 650 642
f 642 650 649
f 2860 2863 649
f 649 2863 642
f 3036 3039 2860
f 2860 3039 2863
f 3035 3040 3036
f 3036 3040 3039
f 1294 1293 1295
f 1295 1293 1292
f 624 651 1294
f 1294 651 1293
f 623 652 624
f 624 652 651
f 3484 2861 623
f 623 2861 652
f 3032 3037 3484
f 3484 3037 2861
f 3031 3038 3032
f 3032 3038 3037
f 3481 2848 2884
f 2884 2848 942
f 2846 617 1427
f 1427 617 616
f 3049 3167 3048
f 3048 3167 3500
f 1906 3048 3070
f 3070 3048 3500
f 1337 1768 3501
f 3501 1768 3502
f 3020 3503 3021
f 3021 3503 3024
f 2914 3023 3020
f 3020 3023 3503
f 859 1770 860
f 860 1770 3504
f 1336 3505 1768
f 1768 3505 3502
f 3065 3497 3066
f 3066 3497 3498
f 2814 3075 3067
f 3067 3075 3496
f 2839 3174 766
f 766 3174 3017
f 1337 3501 1338
f 1338 3501 1769
f 767 3018 3026
f 3026 3018 3506
f 3076 3499 3064
f 3064 3499 3507
f 727 730 3483
f 3483 730 3030
f 3064 3507 2871
f 2871 3507 3077
f 3100 3160 1786
f 1786 3160 1784
f 3026 3506 752
f 752 3506 3015
f 860 3504 2923
f 2923 3504 3508
f 753 3016 3027
f 3027 3016 3509
f 3027 3509 3008
f 3008 3509 3028
f 1782 1785 1783
f 1783 1785 3022
f 2923 3508 3153
f 3153 3508 3161
f 3148 3149 1208
f 1208 3149 3150
f 1335 1328 3510
f 3510 1328 1327
f 1336 1335 3505
f 3505 1335 3510
f 866 3511 1340
f 1340 3511 3146
f 865 1808 866
f 866 1808 3511
f 842 841 3159
f 3159 841 3485
f 2849 3512 1329
f 1329 3512 1326
f 1202 1331 2849
f 2849 1331 3512
f 3514 3515 3513
f 3513 3515 3516
f 3518 3516 3517
f 3517 3516 3515
f 3519 3520 3514
f 3514 3520 3515
f 3522 3523 3521
f 3521 3523 3524
f 3526 3527 3525
f 3525 3527 3528
f 3530 3531 3529
f 3529 3531 3532
f 3534 3535 3533
f 3533 3535 3536
f 3529 3532 3537
f 3537 3532 3538
f 3537 3539 3529
f 3529 3539 3540
f 3542 3543 3541
f 3541 3543 3544
f 3546 3547 3545
f 3545 3547 3548
f 3550 3534 3549
f 3549 3534 3533
f 3550 3543 3551
f 3551 3543 3552
f 3537 3545 3539
f 3539 3545 3548
f 3553 3554 3556
f 3556 3554 3555
f 3537 3557 3545
f 3545 3557 3546
f 3558 3559 3561
f 3561 3559 3560
f 3563 3564 3562
f 3562 3564 3565
f 3564 3563 3566
f 3566 3563 3567
f 3569 3570 3568
f 3568 3570 3571
f 3573 3574 3572
f 3572 3574 3575
f 3577 3578 3576
f 3576 3578 3579
f 3581 3582 3580
f 3580 3582 3583
f 3585 3586 3584
f 3584 3586 3579
f 3586 3587 3579
f 3579 3587 3576
f 3589 3590 3588
f 3588 3590 3591
f 3592 3593 3595
f 3595 3593 3594
f 3597 3598 3596
f 3596 3598 3595
f 3583 3600 3599
f 3599 3600 3601
f 3603 3599 3602
f 3602 3599 3601
f 3605 3606 3604
f 3604 3606 3607
f 3608 3555 3596
f 3596 3555 3554
f 3597 3610 3609
f 3609 3610 3565
f 3564 3611 3565
f 3565 3611 3609
f 3611 3564 3612
f 3612 3564 3566
f 3613 3614 3569
f 3569 3614 3570
f 3615 3616 3573
f 3573 3616 3574
f 3517 3617 3518
f 3518 3617 3618
f 3620 3621 3619
f 3619 3621 3622
f 3624 3625 3623
f 3623 3625 3626
f 3628 3629 3627
f 3627 3629 3630
f 3632 3633 3631
f 3631 3633 3634
f 3636 3637 3635
f 3635 3637 3638
f 3640 3641 3639
f 3639 3641 3642
f 3643 3644 3639
f 3639 3644 3640
f 3646 3513 3645
f 3645 3513 3647
f 3648 3514 3646
f 3646 3514 3513
f 3649 3519 3648
f 3648 3519 3514
f 3650 3651 3527
f 3527 3651 3652
f 3654 3651 3653
f 3653 3651 3650
f 3568 3571 3655
f 3655 3571 3656
f 3657 3658 3653
f 3653 3658 3659
f 3661 3662 3660
f 3660 3662 3658
f 3664 3665 3663
f 3663 3665 3666
f 3667 3657 3650
f 3650 3657 3653
f 3669 3523 3668
f 3668 3523 3670
f 3672 3673 3671
f 3671 3673 3674
f 3676 3677 3675
f 3675 3677 3678
f 3671 3674 3676
f 3676 3674 3677
f 3680 3681 3679
f 3679 3681 3682
f 3683 3684 3680
f 3680 3684 3681
f 3685 3686 3661
f 3661 3686 3662
f 3686 3687 3662
f 3662 3687 3688
f 3684 3683 3689
f 3689 3683 3690
f 3692 3693 3691
f 3691 3693 3694
f 3691 3694 3695
f 3695 3694 3696
f 3698 3699 3697
f 3697 3699 3700
f 3702 3703 3701
f 3701 3703 3704
f 3705 3706 3519
f 3519 3706 3520
f 3673 3672 3707
f 3707 3672 3708
f 3709 3710 3682
f 3682 3710 3679
f 3711 3712 3692
f 3692 3712 3693
f 3714 3715 3713
f 3713 3715 3716
f 3718 3700 3717
f 3717 3700 3699
f 3720 3721 3719
f 3719 3721 3722
f 3724 3725 3723
f 3723 3725 3726
f 3727 3728 3730
f 3730 3728 3729
f 3722 3721 3731
f 3731 3721 3732
f 3697 3700 3733
f 3733 3700 3714
f 3733 3714 3734
f 3734 3714 3713
f 3721 3723 3732
f 3732 3723 3735
f 3720 3736 3724
f 3724 3736 3737
f 3700 3718 3714
f 3714 3718 3715
f 3717 3699 3738
f 3738 3699 3739
f 3536 3740 3533
f 3533 3740 3540
f 3742 3743 3741
f 3741 3743 3744
f 3746 3747 3745
f 3745 3747 3748
f 3750 3751 3749
f 3749 3751 3752
f 3627 3632 3628
f 3628 3632 3631
f 3754 3755 3753
f 3753 3755 3626
f 3562 3565 3756
f 3756 3565 3610
f 3527 3652 3528
f 3528 3652 3757
f 3758 3524 3669
f 3669 3524 3523
f 3582 3598 3583
f 3583 3598 3600
f 3759 3670 3522
f 3522 3670 3523
f 3675 3678 3760
f 3760 3678 3761
f 3762 3763 3690
f 3690 3763 3689
f 3765 3766 3764
f 3764 3766 3767
f 3768 3739 3698
f 3698 3739 3699
f 3726 3725 3770
f 3770 3725 3769
f 3645 3647 3771
f 3771 3647 3772
f 3645 3678 3646
f 3646 3678 3677
f 3646 3677 3648
f 3648 3677 3674
f 3673 3649 3674
f 3674 3649 3648
f 3707 3773 3673
f 3673 3773 3649
f 3775 3776 3774
f 3774 3776 3777
f 3779 3526 3778
f 3778 3526 3525
f 3526 3779 3667
f 3667 3779 3780
f 3780 3781 3667
f 3667 3781 3657
f 3672 3679 3708
f 3708 3679 3710
f 3671 3680 3672
f 3672 3680 3679
f 3676 3683 3671
f 3671 3683 3680
f 3675 3690 3676
f 3676 3690 3683
f 3760 3762 3675
f 3675 3762 3690
f 3682 3681 3783
f 3783 3681 3782
f 3689 3784 3684
f 3684 3784 3785
f 3684 3785 3681
f 3681 3785 3782
f 3786 3709 3783
f 3783 3709 3682
f 3784 3689 3787
f 3787 3689 3763
f 3789 3557 3788
f 3788 3557 3790
f 3792 3793 3791
f 3791 3793 3794
f 3616 3615 3795
f 3795 3615 3796
f 3797 3798 3727
f 3727 3798 3728
f 3800 3801 3799
f 3799 3801 3802
f 3803 3578 3592
f 3592 3578 3593
f 3805 3806 3804
f 3804 3806 3807
f 3599 3603 3585
f 3585 3603 3586
f 3587 3586 3604
f 3604 3586 3603
f 3588 3591 3794
f 3794 3591 3791
f 3581 3803 3582
f 3582 3803 3592
f 3594 3561 3608
f 3608 3561 3790
f 3662 3688 3808
f 3808 3688 3809
f 3665 3664 3810
f 3810 3664 3811
f 3719 3812 3720
f 3720 3812 3736
f 3717 3813 3718
f 3718 3813 3737
f 3723 3721 3724
f 3724 3721 3720
f 3813 3717 3814
f 3814 3717 3738
f 3815 3816 303
f 303 3816 304
f 3818 3819 3817
f 3817 3819 3820
f 3578 3803 3579
f 3579 3803 3584
f 3558 3593 3577
f 3577 3593 3578
f 3822 3823 3821
f 3821 3823 3824
f 3546 3826 3825
f 3825 3826 3827
f 3828 3829 3547
f 3547 3829 3541
f 3831 3542 3830
f 3830 3542 3832
f 3834 3822 3833
f 3833 3822 3821
f 3835 3836 3827
f 3827 3836 3825
f 3800 3799 3828
f 3828 3799 3829
f 3830 3832 3837
f 3837 3832 3838
f 331 330 3551
f 3551 330 3839
f 3831 333 3552
f 3552 333 332
f 3819 3797 3841
f 3841 3797 3840
f 3513 3516 3647
f 3647 3516 3746
f 337 336 3745
f 3745 336 3772
f 3525 3528 3775
f 3775 3528 3749
f 3610 3597 3554
f 3554 3597 3596
f 3706 3702 3520
f 3520 3702 3701
f 3756 3610 3553
f 3553 3610 3554
f 3757 3750 3528
f 3528 3750 3749
f 3517 3515 3701
f 3701 3515 3520
f 3842 3584 3581
f 3581 3584 3803
f 3525 3775 3778
f 3778 3775 3774
f 3638 3843 3635
f 3635 3843 3618
f 3617 3621 3618
f 3618 3621 3635
f 3617 3517 3704
f 3704 3517 3701
f 3521 3624 3522
f 3522 3624 3623
f 3749 3844 3775
f 3775 3844 3776
f 3846 3847 3845
f 3845 3847 3848
f 3843 3747 3618
f 3618 3747 3518
f 3850 3851 3849
f 3849 3851 3748
f 3853 3854 3852
f 3852 3854 3855
f 3856 3857 3622
f 3622 3857 3619
f 3859 3860 3858
f 3858 3860 3861
f 3862 3844 3752
f 3752 3844 3749
f 3863 3759 3623
f 3623 3759 3522
f 3864 3777 3630
f 3630 3777 3776
f 3713 3865 3734
f 3734 3865 3866
f 3868 3869 3867
f 3867 3869 3870
f 3872 3873 3871
f 3871 3873 3874
f 3876 3877 3875
f 3875 3877 3878
f 3879 3880 3878
f 3878 3880 3881
f 3882 3883 3885
f 3885 3883 3884
f 3780 3886 3781
f 3781 3886 3887
f 3888 3685 3869
f 3869 3685 3661
f 3880 3879 3883
f 3883 3879 3884
f 3693 3783 3694
f 3694 3783 3782
f 3696 3785 3764
f 3764 3785 3784
f 3694 3782 3696
f 3696 3782 3785
f 3693 3786 3783
f 3787 3765 3784
f 3784 3765 3764
f 386 385 3765
f 3765 385 3766
f 3695 3889 3691
f 3691 3889 3890
f 3691 3890 3692
f 3692 3890 3891
f 3892 3711 3891
f 3891 3711 3692
f 3767 3893 3695
f 3695 3893 3889
f 3766 3894 3767
f 3767 3894 3893
f 3882 3885 3895
f 3895 3885 3896
f 3898 3698 3897
f 3897 3698 3697
f 3897 3697 3899
f 3899 3697 3733
f 3899 3733 3900
f 3900 3733 3734
f 3901 3768 3898
f 3898 3768 3698
f 3901 3902 3768
f 3768 3902 3903
f 3904 3905 3907
f 3907 3905 3906
f 3869 3661 3870
f 3870 3661 3660
f 3908 3909 3896
f 3896 3909 3895
f 3909 3758 3895
f 3895 3758 3669
f 3751 3531 3752
f 3752 3531 3848
f 3858 3536 3854
f 3854 3536 3535
f 3652 3562 3757
f 3757 3562 3756
f 3651 3654 3563
f 3563 3654 3567
f 3655 3656 3808
f 3808 3656 3659
f 3530 3740 3845
f 3845 3740 3861
f 3751 3750 3556
f 3556 3750 3553
f 3817 3820 3796
f 3796 3820 3795
f 410 409 3910
f 3910 409 3855
f 3750 3757 3553
f 3553 3757 3756
f 3908 3886 3909
f 3909 3886 3780
f 409 411 3855
f 3855 411 3851
f 413 412 3760
f 3760 412 3762
f 415 414 3763
f 3763 414 3787
f 3790 3557 3538
f 3538 3557 3537
f 3555 3608 3538
f 3538 3608 3790
f 3574 3911 3575
f 3575 3911 3912
f 3535 3534 3910
f 3910 3534 3839
f 3831 3552 3542
f 3542 3552 3543
f 3534 3550 3839
f 3839 3550 3551
f 3543 3550 3544
f 3544 3550 3549
f 3913 3914 3916
f 3916 3914 3915
f 3806 3805 3589
f 3589 3805 3590
f 3849 3843 3917
f 3917 3843 3638
f 3853 3644 3859
f 3859 3644 3742
f 3747 3746 3518
f 3518 3746 3516
f 3695 3696 3767
f 3767 3696 3764
f 3903 3918 3768
f 3768 3918 3739
f 3738 3739 3816
f 3816 3739 3918
f 3919 3920 3769
f 3769 3920 3770
f 3921 3726 3922
f 3922 3726 3770
f 3678 3645 3761
f 3761 3645 3771
f 3924 3913 3923
f 3923 3913 3916
f 3802 3925 3838
f 3838 3925 3837
f 3577 3926 3558
f 3558 3926 3559
f 3815 3919 3814
f 3814 3919 3769
f 3927 3928 3822
f 3822 3928 3823
f 3829 3832 3541
f 3541 3832 3542
f 3834 3927 3822
f 3832 3829 3838
f 3838 3829 3799
f 3745 3772 3746
f 3746 3772 3647
f 3849 3748 3843
f 3843 3748 3747
f 3854 3853 3858
f 3858 3853 3859
f 3854 3535 3855
f 3855 3535 3910
f 3557 3789 3546
f 3546 3789 3826
f 3923 3823 3924
f 3924 3823 3928
f 3823 3923 3929
f 3929 3923 3930
f 3531 3751 3532
f 3532 3751 3556
f 3532 3556 3538
f 3538 3556 3555
f 3932 3634 3931
f 3931 3634 3633
f 3814 3769 3813
f 3813 3769 3725
f 3620 3636 3621
f 3621 3636 3635
f 3847 3862 3848
f 3848 3862 3752
f 3531 3530 3848
f 3848 3530 3845
f 3933 3934 3830
f 3830 3934 3831
f 3925 3933 3837
f 3837 3933 3830
f 3934 440 3831
f 3831 440 333
f 3925 3802 3833
f 3833 3802 3801
f 3776 3844 3630
f 3630 3844 3627
f 3808 3659 3662
f 3662 3659 3658
f 3667 3650 3526
f 3526 3650 3527
f 3935 3666 3936
f 3936 3666 3665
f 3718 3737 3715
f 3715 3737 3736
f 3663 3809 3664
f 3664 3809 3688
f 3807 3806 3938
f 3938 3806 3937
f 445 413 3761
f 3761 413 3760
f 3902 447 3903
f 3903 447 446
f 3897 3890 3898
f 3898 3890 3889
f 3899 3891 3897
f 3897 3891 3890
f 3898 3889 3901
f 3901 3889 3893
f 3893 3894 3901
f 3901 3894 3902
f 414 386 3787
f 3787 386 3765
f 3940 3941 3939
f 3939 3941 3942
f 3840 3797 3943
f 3943 3797 3727
f 3665 3810 3936
f 3936 3810 3944
f 3921 3735 3726
f 3726 3735 3723
f 3920 3945 3770
f 3770 3945 3922
f 3521 3524 3774
f 3774 3524 3778
f 3864 3946 3625
f 3625 3946 3947
f 3773 3705 3649
f 3649 3705 3519
f 3779 3778 3758
f 3758 3778 3524
f 3812 3716 3736
f 3736 3716 3715
f 3624 3521 3777
f 3777 3521 3774
f 3703 3856 3704
f 3704 3856 3622
f 3900 3892 3899
f 3899 3892 3891
f 3641 3917 3642
f 3642 3917 3948
f 3895 3669 3882
f 3882 3669 3668
f 3855 3851 3852
f 3852 3851 3850
f 3894 458 3902
f 3902 458 447
f 3781 3887 3660
f 3660 3887 3870
f 3570 3566 3571
f 3571 3566 3567
f 3950 3576 3949
f 3949 3576 3587
f 3605 3602 3614
f 3614 3602 3612
f 3614 3612 3570
f 3570 3612 3566
f 3571 3567 3656
f 3656 3567 3654
f 3660 3658 3781
f 3781 3658 3657
f 3604 3607 3587
f 3587 3607 3949
f 3653 3659 3654
f 3654 3659 3656
f 3529 3540 3530
f 3530 3540 3740
f 3687 3811 3688
f 3688 3811 3664
f 3813 3725 3737
f 3737 3725 3724
f 3919 3815 461
f 461 3815 303
f 3818 3798 3819
f 3819 3798 3797
f 3819 3841 3820
f 3820 3841 3951
f 3816 3815 3738
f 3738 3815 3814
f 3540 3539 3533
f 3533 3539 3549
f 3548 3547 3544
f 3544 3547 3541
f 3539 3548 3549
f 3549 3548 3544
f 3741 3931 3860
f 3860 3931 3846
f 3801 3800 3835
f 3835 3800 3836
f 3934 3933 3824
f 3824 3933 3821
f 3825 3828 3546
f 3546 3828 3547
f 3833 3821 3925
f 3925 3821 3933
f 3800 3828 3836
f 3836 3828 3825
f 3824 3952 3934
f 3934 3952 440
f 3860 3846 3861
f 3861 3846 3845
f 3629 3946 3630
f 3630 3946 3864
f 3740 3536 3861
f 3861 3536 3858
f 3833 3801 3834
f 3834 3801 3835
f 3583 3599 3580
f 3580 3599 3585
f 3651 3563 3652
f 3652 3563 3562
f 3758 3909 3779
f 3779 3909 3780
f 3621 3617 3622
f 3622 3617 3704
f 3625 3947 3626
f 3626 3947 3753
f 3633 3632 3847
f 3847 3632 3862
f 3852 3850 3640
f 3640 3850 3641
f 3644 3853 3640
f 3640 3853 3852
f 3859 3742 3860
f 3860 3742 3741
f 3632 3627 3862
f 3862 3627 3844
f 3755 3863 3626
f 3626 3863 3623
f 3917 3638 3948
f 3948 3638 3637
f 3644 3643 3742
f 3742 3643 3743
f 3931 3633 3846
f 3846 3633 3847
f 3625 3624 3864
f 3864 3624 3777
f 3917 3641 3849
f 3849 3641 3850
f 3744 3932 3741
f 3741 3932 3931
f 3903 446 3918
f 3918 446 464
f 3953 3954 3956
f 3956 3954 3955
f 3958 3959 3957
f 3957 3959 3960
f 3876 3958 3877
f 3877 3958 3957
f 3877 3957 3961
f 3961 3957 3962
f 3963 3964 3958
f 3958 3964 3959
f 3965 3966 3876
f 3876 3966 3958
f 3966 3963 3958
f 3966 3967 3963
f 3963 3967 3968
f 3878 3877 3879
f 3879 3877 3961
f 3967 3969 3968
f 3968 3969 3970
f 3969 3971 3970
f 3970 3971 3972
f 3974 3904 3973
f 3973 3904 3907
f 3971 3975 3972
f 3972 3975 3976
f 3976 3975 3978
f 3978 3975 3977
f 3979 3980 3977
f 3977 3980 3978
f 3981 3982 3979
f 3979 3982 3980
f 3983 3984 3981
f 3981 3984 3982
f 3972 3985 3970
f 3970 3985 3986
f 3871 3987 3969
f 3969 3987 3971
f 3872 3871 3967
f 3967 3871 3969
f 3965 3872 3966
f 3966 3872 3967
f 3970 3986 3968
f 3968 3986 3988
f 3879 3961 3884
f 3884 3961 3940
f 3884 3940 3885
f 3885 3940 3939
f 3989 3990 3992
f 3992 3990 3991
f 3942 3993 3995
f 3995 3993 3994
f 3994 3996 3995
f 3995 3996 3974
f 3997 3998 3994
f 3994 3998 3996
f 3999 3997 3993
f 3993 3997 3994
f 4001 3996 4000
f 4000 3996 3998
f 4000 3998 4002
f 4002 3998 4003
f 4004 4003 3997
f 3997 4003 3998
f 3997 3999 4004
f 4004 3999 4005
f 4006 3995 3973
f 3973 3995 3974
f 3939 3942 4006
f 4006 3942 3995
f 3906 3887 3907
f 3907 3887 3886
f 3887 3906 3870
f 3870 3906 3867
f 3908 3973 3886
f 3886 3973 3907
f 3865 4007 3866
f 3866 4007 4008
f 3984 3983 4009
f 4009 3983 4010
f 3961 3962 3940
f 3940 3962 3941
f 4012 3868 4011
f 4011 3868 3867
f 4013 3975 3987
f 3987 3975 3971
f 4014 3977 4013
f 4013 3977 3975
f 4015 4010 4007
f 4007 4010 3983
f 4007 3983 4008
f 4008 3983 3981
f 4008 3981 4016
f 4016 3981 3979
f 4017 3984 4018
f 4018 3984 4009
f 3977 4014 3979
f 3979 4014 4016
f 3982 3984 4019
f 4019 3984 4017
f 4021 4022 4020
f 4020 4022 4023
f 4022 4012 4023
f 4023 4012 4011
f 4023 3904 4020
f 4020 3904 3974
f 4024 4025 4018
f 4018 4025 4017
f 4026 4027 4024
f 4024 4027 4025
f 4028 4026 4029
f 4029 4026 4024
f 4018 4021 4024
f 4024 4021 4029
f 4030 4031 4026
f 4026 4031 4027
f 4032 4030 4028
f 4028 4030 4026
f 4029 4001 4028
f 4028 4001 4000
f 4028 4000 4032
f 4032 4000 4002
f 4034 4035 4033
f 4033 4035 4036
f 4037 4038 4019
f 4019 4038 4039
f 4041 4039 4040
f 4040 4039 4038
f 4040 4038 4042
f 4042 4038 4036
f 4042 4036 4043
f 4043 4036 4035
f 3985 4044 4046
f 4046 4044 4045
f 4047 4048 4045
f 4045 4048 4046
f 4047 4049 4048
f 4048 4049 4050
f 4042 4047 4040
f 4040 4047 4045
f 4043 4049 4042
f 4042 4049 4047
f 4040 4045 4041
f 4041 4045 4044
f 4052 3959 4051
f 4051 3959 3964
f 4053 4054 4051
f 4051 4054 4055
f 3956 3960 4052
f 4052 3960 3959
f 3953 3956 4056
f 4056 3956 4052
f 4058 3953 4057
f 4057 3953 4056
f 4060 4061 4059
f 4059 4061 4062
f 4063 4064 4054
f 4054 4064 4057
f 4054 4053 4063
f 4063 4053 4065
f 4066 4067 4069
f 4069 4067 4068
f 4048 4050 4063
f 4063 4050 4064
f 4063 4065 4048
f 4048 4065 4046
f 3985 4046 3986
f 3986 4046 4065
f 3986 4065 3988
f 3988 4065 4053
f 3988 4053 3964
f 3964 4053 4051
f 3976 3978 4044
f 4044 3978 4041
f 3980 3982 4039
f 4039 3982 4019
f 4039 4041 3980
f 3980 4041 3978
f 3973 3908 4006
f 4006 3908 3896
f 3885 3939 3896
f 3896 3939 4006
f 4031 4034 4027
f 4027 4034 4033
f 4027 4033 4025
f 4025 4033 4037
f 4019 4017 4037
f 4037 4017 4025
f 3993 3942 4070
f 4070 3942 3941
f 3999 3993 4071
f 4071 3993 4070
f 3999 4071 4005
f 4005 4071 4072
f 4073 4074 4076
f 4076 4074 4075
f 4078 4079 4077
f 4077 4079 4080
f 4082 4080 4081
f 4081 4080 4079
f 4084 4085 4083
f 4083 4085 4086
f 4087 4088 4090
f 4090 4088 4089
f 4092 4093 4091
f 4091 4093 4094
f 4096 4097 4095
f 4095 4097 4098
f 4100 4101 4099
f 4099 4101 4102
f 4103 4104 4106
f 4106 4104 4105
f 4108 4109 4107
f 4107 4109 4110
f 4112 4113 4111
f 4111 4113 4114
f 4116 4117 4115
f 4115 4117 4118
f 4120 4121 4119
f 4119 4121 4122
f 4123 4124 4126
f 4126 4124 4125
f 4127 4128 4130
f 4130 4128 4129
f 4132 4133 4131
f 4131 4133 4134
f 4136 4108 4135
f 4135 4108 4107
f 4138 4139 4137
f 4137 4139 4140
f 4141 4142 4088
f 4088 4142 4089
f 4144 4145 4143
f 4143 4145 4146
f 4148 4149 4147
f 4147 4149 4150
f 4152 4153 4151
f 4151 4153 4154
f 4156 4082 4155
f 4155 4082 4081
f 4157 4158 4160
f 4160 4158 4159
f 4161 4162 4164
f 4164 4162 4163
f 4166 4122 4165
f 4165 4122 4121
f 4168 4152 4167
f 4167 4152 4151
f 4169 4170 4172
f 4172 4170 4171
f 4174 4175 4173
f 4173 4175 4176
f 4178 4149 4177
f 4177 4149 4179
f 4173 4176 4180
f 4180 4176 4181
f 4156 4085 4182
f 4182 4085 4183
f 4182 4184 4156
f 4156 4184 4082
f 4185 4186 4184
f 4184 4186 4187
f 4186 4188 4187
f 4187 4188 4189
f 4190 4191 4073
f 4073 4191 4074
f 4177 4179 4158
f 4158 4179 4159
f 4193 4127 4192
f 4192 4127 4130
f 4144 4194 4151
f 4151 4194 4167
f 4196 4197 4195
f 4195 4197 4198
f 4095 4199 4096
f 4096 4199 4200
f 4201 4202 4204
f 4204 4202 4203
f 4205 4206 4208
f 4208 4206 4207
f 4121 4120 4209
f 4209 4120 4210
f 4212 4213 4211
f 4211 4213 4214
f 4216 4217 4215
f 4215 4217 4218
f 4220 4221 4219
f 4219 4221 4222
f 4224 4196 4223
f 4223 4196 4195
f 4225 4226 4134
f 4134 4226 4131
f 4228 4229 4227
f 4227 4229 4230
f 4232 4233 4231
f 4231 4233 4098
f 4235 4236 4234
f 4234 4236 4237
f 4239 4240 4238
f 4238 4240 4241
f 4242 4243 4245
f 4245 4243 4244
f 4246 4247 4249
f 4249 4247 4248
f 4251 4252 4250
f 4250 4252 4253
f 4255 4256 4254
f 4254 4256 4257
f 4259 4260 4258
f 4258 4260 4261
f 4263 4264 4262
f 4262 4264 4265
f 4267 4268 4266
f 4266 4268 4269
f 4271 4199 4270
f 4270 4199 4272
f 4273 4274 4276
f 4276 4274 4275
f 4115 4118 4277
f 4277 4118 4278
f 4280 4281 4279
f 4279 4281 4282
f 4211 4283 4212
f 4212 4283 4284
f 4286 4287 4285
f 4285 4287 4288
f 4165 4121 4289
f 4289 4121 4209
f 4291 4286 4290
f 4290 4286 4285
f 4293 4294 4292
f 4292 4294 4295
f 4297 4298 4296
f 4296 4298 4299
f 4301 4302 4300
f 4300 4302 4303
f 4299 4304 4296
f 4296 4304 4305
f 4306 4292 4307
f 4307 4292 4295
f 4307 4308 4306
f 4306 4308 4309
f 4310 4309 4075
f 4075 4309 4308
f 4299 4298 4312
f 4312 4298 4311
f 4302 4301 4293
f 4293 4301 4294
f 3735 3921 4313
f 4313 3921 4314
f 4315 4314 3922
f 3922 4314 3921
f 4316 3945 829
f 829 3945 830
f 4289 4317 4165
f 4165 4317 4318
f 4320 4321 4319
f 4319 4321 4322
f 4324 4325 4323
f 4323 4325 4326
f 4327 4328 4330
f 4330 4328 4329
f 4290 4331 4291
f 4291 4331 4332
f 4165 4318 4166
f 4166 4318 4333
f 4334 4335 4337
f 4337 4335 4336
f 4339 4340 4338
f 4338 4340 4341
f 4168 4343 4342
f 4342 4343 4344
f 4346 4347 4345
f 4345 4347 4348
f 4350 4351 4349
f 4349 4351 4352
f 4354 4355 4353
f 4353 4355 4356
f 4357 4358 4324
f 4324 4358 4325
f 4337 4359 4334
f 4334 4359 4360
f 4362 4363 4361
f 4361 4363 4364
f 4366 4367 4365
f 4365 4367 4368
f 4369 4370 4372
f 4372 4370 4371
f 4331 4290 4374
f 4374 4290 4373
f 4373 4376 4375
f 4375 4376 4377
f 4379 4380 4378
f 4378 4380 4381
f 4217 4382 4218
f 4218 4382 4383
f 4385 4386 4384
f 4384 4386 4387
f 4388 4389 4338
f 4338 4389 4390
f 4337 4336 4392
f 4392 4336 4391
f 4394 4362 4393
f 4393 4362 4361
f 4396 4397 4395
f 4395 4397 4398
f 4400 4401 4399
f 4399 4401 4402
f 4345 4403 4346
f 4346 4403 4404
f 4405 4406 4342
f 4342 4406 4407
f 4409 4410 4408
f 4408 4410 4411
f 4408 4412 4409
f 4409 4412 4413
f 4181 4415 4414
f 4414 4415 4416
f 4182 4183 4417
f 4417 4183 4418
f 4419 4353 4311
f 4311 4353 4312
f 4421 4422 4420
f 4420 4422 4423
f 4353 4356 4312
f 4312 4356 4424
f 4166 4333 4425
f 4425 4333 4426
f 4425 4143 4166
f 4166 4143 4122
f 4427 4107 4428
f 4428 4107 4110
f 4429 4430 4174
f 4174 4430 4175
f 4335 4431 4336
f 4336 4431 4390
f 4336 4390 4391
f 4391 4390 4389
f 4432 4433 4435
f 4435 4433 4434
f 4437 4438 4436
f 4436 4438 4439
f 4441 4442 4440
f 4440 4442 4443
f 4359 4444 4361
f 4361 4444 4393
f 4446 4447 4445
f 4445 4447 4448
f 4338 4341 4388
f 4388 4341 4449
f 4450 4451 4398
f 4398 4451 4395
f 4453 4454 4452
f 4452 4454 4455
f 4457 4458 4456
f 4456 4458 4459
f 4460 4461 4448
f 4448 4461 4445
f 4463 4464 4462
f 4462 4464 4465
f 4462 4465 4466
f 4466 4465 4467
f 4468 4469 4467
f 4467 4469 4466
f 4469 4468 4470
f 4470 4468 4471
f 4472 4473 4471
f 4471 4473 4470
f 4475 4476 4474
f 4474 4476 4477
f 4479 4480 4478
f 4478 4480 4481
f 4483 4484 4482
f 4482 4484 4485
f 4487 4488 4486
f 4486 4488 4489
f 4491 4492 4490
f 4490 4492 4493
f 4494 4495 4493
f 4493 4495 4490
f 4496 4497 4494
f 4494 4497 4495
f 4497 4496 4498
f 4498 4496 4499
f 4500 4501 4503
f 4503 4501 4502
f 4505 4506 4504
f 4504 4506 4507
f 4466 4508 4462
f 4462 4508 4509
f 4470 4510 4469
f 4469 4510 4511
f 4513 4479 4512
f 4512 4479 4478
f 4515 4443 4514
f 4514 4443 4442
f 4516 4517 4519
f 4519 4517 4518
f 4521 4495 4520
f 4520 4495 4497
f 4522 4490 4521
f 4521 4490 4495
f 4491 4523 4488
f 4488 4523 4524
f 4525 4489 4524
f 4524 4489 4488
f 4484 4526 4485
f 4485 4526 4527
f 4503 4528 4500
f 4500 4528 4529
f 4530 4531 4533
f 4533 4531 4532
f 4535 4506 4534
f 4534 4506 4530
f 4486 4536 4487
f 4487 4536 4537
f 4487 4537 4492
f 4492 4537 4538
f 4494 4539 4496
f 4496 4539 4540
f 4542 4533 4541
f 4541 4533 4499
f 4544 4545 4543
f 4543 4545 4546
f 4548 4549 4547
f 4547 4549 4550
f 4536 4551 4537
f 4537 4551 4552
f 4537 4552 4538
f 4538 4552 4553
f 4554 4539 4556
f 4556 4539 4555
f 4557 4540 4554
f 4554 4540 4539
f 4559 4557 4558
f 4558 4557 4560
f 4540 4557 4541
f 4541 4557 4559
f 4562 4563 4561
f 4561 4563 4564
f 4546 4565 4543
f 4543 4565 4566
f 4547 4567 4548
f 4548 4567 4568
f 4570 4571 4569
f 4569 4571 4572
f 4574 4575 4573
f 4573 4575 4576
f 4578 4579 4577
f 4577 4579 4580
f 4582 4583 4581
f 4581 4583 4584
f 4585 4586 4588
f 4588 4586 4587
f 4589 4585 4590
f 4590 4585 4588
f 4592 4593 4591
f 4591 4593 4594
f 4596 4597 4595
f 4595 4597 4598
f 4600 4601 4599
f 4599 4601 4602
f 4563 4604 4603
f 4603 4604 4605
f 4603 4606 4608
f 4608 4606 4607
f 4609 4610 4594
f 4594 4610 4591
f 4611 4612 4614
f 4614 4612 4613
f 4616 4617 4615
f 4615 4617 4618
f 4602 4620 4619
f 4619 4620 4621
f 4619 4622 4602
f 4602 4622 4599
f 4605 4599 4623
f 4623 4599 4622
f 4605 4623 4603
f 4603 4623 4606
f 4625 4626 4624
f 4624 4626 4627
f 4438 4437 4628
f 4628 4437 4629
f 4442 4441 4630
f 4630 4441 4631
f 4630 4632 4442
f 4442 4632 4514
f 4633 4634 4529
f 4529 4634 4500
f 4500 4634 4501
f 4501 4634 4635
f 4637 4546 4636
f 4636 4546 4545
f 4639 4565 4638
f 4638 4565 4640
f 4573 4576 4641
f 4641 4576 4642
f 4593 4643 4594
f 4594 4643 4644
f 4645 4609 4644
f 4644 4609 4594
f 4647 4648 4646
f 4646 4648 4649
f 4651 4652 4650
f 4650 4652 4653
f 4654 4498 4519
f 4519 4498 4532
f 4520 4508 4521
f 4521 4508 4511
f 4522 4510 4523
f 4523 4510 4655
f 4524 4656 4525
f 4525 4656 4657
f 4514 4529 4515
f 4515 4529 4528
f 4658 4659 4661
f 4661 4659 4660
f 4496 4540 4499
f 4499 4540 4541
f 4493 4555 4494
f 4494 4555 4539
f 4549 4483 4550
f 4550 4483 4482
f 4545 4544 4501
f 4501 4544 4502
f 4636 4545 4635
f 4635 4545 4501
f 4589 4663 4662
f 4662 4663 4664
f 4662 4665 4558
f 4558 4665 4559
f 4569 4586 4570
f 4570 4586 4560
f 4552 4666 4553
f 4553 4666 4667
f 4668 4669 4670
f 4670 4669 4666
f 4672 4673 4671
f 4671 4673 4674
f 4287 4675 4288
f 4288 4675 4676
f 4678 4679 4677
f 4677 4679 4680
f 4681 4678 4682
f 4682 4678 4677
f 4682 4683 4681
f 4681 4683 4684
f 4161 4164 4685
f 4685 4164 4686
f 4414 4687 4689
f 4689 4687 4688
f 4405 4690 4346
f 4346 4690 4347
f 4691 4399 4693
f 4693 4399 4692
f 1209 4694 4365
f 4365 4694 4366
f 4650 1211 4651
f 4651 1211 1210
f 4695 4696 4255
f 4255 4696 4256
f 4697 4698 4218
f 4218 4698 4215
f 4700 4701 4699
f 4699 4701 4702
f 4703 4704 4303
f 4303 4704 4300
f 4315 3922 4316
f 4316 3922 3945
f 4653 4706 4705
f 4705 4706 4707
f 4709 4710 4708
f 4708 4710 4711
f 4335 4334 4713
f 4713 4334 4712
f 4714 4340 4321
f 4321 4340 4322
f 4716 4717 4715
f 4715 4717 4718
f 4238 4241 4719
f 4719 4241 4720
f 4231 4721 4307
f 4307 4721 4308
f 4723 4724 4722
f 4722 4724 4725
f 4727 4728 4726
f 4726 4728 4729
f 4730 4731 4327
f 4327 4731 4328
f 4733 4734 4732
f 4732 4734 4735
f 4720 4381 4736
f 4736 4381 4737
f 4738 4739 4741
f 4741 4739 4740
f 4743 4744 4742
f 4742 4744 4745
f 4338 4390 4339
f 4339 4390 4431
f 4746 4747 4431
f 4431 4747 4339
f 4291 4332 4289
f 4289 4332 4317
f 4289 4209 4291
f 4291 4209 4286
f 4287 4286 4210
f 4210 4286 4209
f 4749 4750 4748
f 4748 4750 4751
f 4212 4284 4752
f 4752 4284 4753
f 4752 4754 4212
f 4212 4754 4213
f 4252 4251 4225
f 4225 4251 4226
f 4227 4230 4248
f 4248 4230 4249
f 4205 4755 4757
f 4757 4755 4756
f 4708 4711 4758
f 4758 4711 4647
f 4367 4366 4759
f 4759 4366 4760
f 4526 4513 4527
f 4527 4513 4512
f 4420 4423 4385
f 4385 4423 4386
f 4705 4761 4653
f 4653 4761 4650
f 4761 1279 4650
f 4650 1279 1211
f 4762 4763 3944
f 3944 4763 3936
f 4274 4273 4765
f 4765 4273 4764
f 4767 4768 4766
f 4766 4768 4769
f 4770 4771 4769
f 4769 4771 4766
f 4771 4770 4242
f 4242 4770 4243
f 4093 4163 4094
f 4094 4163 4162
f 4772 4773 4775
f 4775 4773 4774
f 4777 4778 4776
f 4776 4778 4779
f 4417 4185 4182
f 4182 4185 4184
f 4780 4078 4781
f 4781 4078 4077
f 4781 4077 4782
f 4782 4077 4189
f 4188 4783 4189
f 4189 4783 4782
f 4295 4232 4307
f 4307 4232 4231
f 4785 4786 4784
f 4784 4786 4787
f 4784 1307 4785
f 4785 1307 1306
f 4078 4780 4096
f 4096 4780 4097
f 4075 4074 4310
f 4310 4074 4788
f 4788 4074 4789
f 4789 4074 4191
f 4789 4191 4059
f 4059 4191 4790
f 4791 4277 4792
f 4792 4277 4278
f 3732 3735 4793
f 4793 3735 4313
f 4793 4794 3732
f 3732 4794 3731
f 4792 4795 4791
f 4791 4795 4796
f 4797 4798 4799
f 4799 4798 4724
f 4763 4800 3936
f 3936 4800 3935
f 4801 4062 3729
f 3729 4062 3730
f 4713 4712 4802
f 4802 4712 4803
f 4146 4804 4119
f 4119 4804 4805
f 4498 4654 4497
f 4497 4654 4520
f 4806 4807 1326
f 1326 4807 1327
f 4689 4688 1330
f 1330 4688 1331
f 4801 4789 4062
f 4062 4789 4059
f 3730 4062 4808
f 4808 4062 4061
f 4810 4811 4809
f 4809 4811 4812
f 4813 4403 4814
f 4814 4403 4345
f 4815 4816 4349
f 4349 4816 4350
f 4817 4818 4820
f 4820 4818 4819
f 4406 4821 4407
f 4407 4821 4822
f 4823 4161 4824
f 4824 4161 4685
f 4181 4414 4825
f 4825 4414 4689
f 4741 4740 4826
f 4826 4740 4827
f 4828 4829 4827
f 4827 4829 4826
f 4142 4141 4415
f 4415 4141 4148
f 4830 1354 4761
f 4761 1354 1279
f 4832 4833 4831
f 4831 4833 4834
f 4835 4836 4626
f 4626 4836 4421
f 4451 4709 4395
f 4395 4709 4708
f 4627 4420 4837
f 4837 4420 4385
f 4837 1365 4838
f 4838 1365 1364
f 4397 4396 4839
f 4839 4396 4840
f 4842 4628 4841
f 4841 4628 4629
f 4671 4674 4631
f 4631 4674 4630
f 4674 4659 4630
f 4630 4659 4632
f 4633 4632 4658
f 4658 4632 4659
f 4658 4504 4633
f 4633 4504 4634
f 4635 4634 4507
f 4507 4634 4504
f 4843 4636 4507
f 4507 4636 4635
f 4844 4637 4843
f 4843 4637 4636
f 4637 4844 4640
f 4640 4844 4664
f 4638 4663 4642
f 4642 4663 4845
f 4847 4643 4846
f 4846 4643 4641
f 4644 4848 4645
f 4645 4848 4849
f 4851 4852 4850
f 4850 4852 4853
f 4855 4856 4854
f 4854 4856 4857
f 4859 4860 4858
f 4858 4860 4857
f 4715 4718 4859
f 4859 4718 4860
f 4862 4863 4861
f 4861 4863 4864
f 4866 4867 4865
f 4865 4867 4868
f 4870 4871 4869
f 4869 4871 4872
f 4869 4872 4116
f 4116 4872 4117
f 4820 4819 4874
f 4874 4819 4873
f 4876 4877 4875
f 4875 4877 4878
f 4880 4881 4879
f 4879 4881 4882
f 4884 4885 4883
f 4883 4885 4886
f 4887 4888 4280
f 4280 4888 4281
f 4818 4817 4889
f 4889 4817 4890
f 4891 4193 4823
f 4823 4193 4192
f 4892 4893 4228
f 4228 4893 4229
f 4158 4157 4894
f 4894 4157 4895
f 4896 4897 4132
f 4132 4897 4133
f 4099 4683 4100
f 4100 4683 4682
f 4101 4100 4899
f 4899 4100 4898
f 4150 4106 4147
f 4147 4106 4900
f 4100 4682 4898
f 4898 4682 4677
f 4080 4082 4187
f 4187 4082 4184
f 4077 4080 4189
f 4189 4080 4187
f 4191 4190 4790
f 4790 4190 4901
f 4177 4158 4680
f 4680 4158 4894
f 4108 4136 4752
f 4752 4136 4754
f 4752 4753 4108
f 4108 4753 4109
f 4817 4902 4890
f 4890 4902 4903
f 4904 4905 4907
f 4907 4905 4906
f 4909 4910 4908
f 4908 4910 4911
f 4913 4914 4912
f 4912 4914 4915
f 4916 4917 4919
f 4919 4917 4918
f 4312 4424 4299
f 4299 4424 4304
f 4920 4921 4297
f 4297 4921 4298
f 4194 4922 4167
f 4167 4922 4923
f 4924 4400 4691
f 4691 4400 4399
f 4395 4708 4396
f 4396 4708 4758
f 4367 4925 4368
f 4368 4925 4926
f 4919 4918 4873
f 4873 4918 4874
f 4836 4927 4421
f 4421 4927 4422
f 4921 4928 4298
f 4298 4928 4311
f 4143 4146 4122
f 4122 4146 4119
f 4929 4930 4455
f 4455 4930 4452
f 4932 4933 4931
f 4931 4933 4934
f 4935 4936 4932
f 4932 4936 4933
f 4461 4460 4457
f 4457 4460 4458
f 4480 4479 4475
f 4475 4479 4476
f 4660 4673 4517
f 4517 4673 4937
f 4661 4505 4658
f 4658 4505 4504
f 4484 4483 4489
f 4489 4483 4486
f 4462 4509 4463
f 4463 4509 4518
f 4469 4511 4466
f 4466 4511 4508
f 4655 4473 4656
f 4656 4473 4477
f 4476 4657 4477
f 4477 4657 4656
f 4479 4513 4476
f 4476 4513 4657
f 4489 4525 4484
f 4484 4525 4526
f 4483 4549 4486
f 4486 4549 4536
f 4549 4548 4536
f 4536 4548 4551
f 4548 4568 4551
f 4551 4568 4670
f 4663 4589 4845
f 4845 4589 4590
f 4668 4577 4938
f 4938 4577 4580
f 4940 4938 4939
f 4939 4938 4941
f 4940 4942 4669
f 4669 4942 4943
f 4587 4582 4944
f 4944 4582 4581
f 4848 4847 4608
f 4608 4847 4564
f 4616 4945 4613
f 4613 4945 4598
f 4615 4946 4616
f 4616 4946 4945
f 4947 4939 4948
f 4948 4939 4946
f 4599 4605 4600
f 4600 4605 4604
f 4608 4607 4848
f 4848 4607 4849
f 4613 4612 4616
f 4616 4612 4617
f 4835 4949 4709
f 4709 4949 4710
f 4357 1477 4837
f 4837 1477 1365
f 4712 4950 4803
f 4803 4950 4951
f 4401 4952 4402
f 4402 4952 4953
f 4759 4760 4402
f 4402 4760 4399
f 4508 4520 4509
f 4509 4520 4654
f 4510 4522 4511
f 4511 4522 4521
f 4513 4526 4657
f 4657 4526 4525
f 4632 4633 4514
f 4514 4633 4529
f 4931 4934 4453
f 4453 4934 4454
f 4153 4954 4154
f 4154 4954 4955
f 4957 4958 4956
f 4956 4958 4959
f 4961 4962 4960
f 4960 4962 4963
f 4120 4964 4210
f 4210 4964 4965
f 4967 4968 4966
f 4966 4968 4969
f 4349 4692 4815
f 4815 4692 4970
f 4652 4971 4653
f 4653 4971 4706
f 4758 4647 4972
f 4972 4647 4646
f 4973 4363 4646
f 4646 4363 4972
f 4950 4360 4974
f 4974 4360 4364
f 4431 4335 4746
f 4746 4335 4713
f 4358 4714 4325
f 4325 4714 4321
f 4765 4764 4266
f 4266 4764 4975
f 4202 4976 4203
f 4203 4976 4977
f 4917 4978 4918
f 4918 4978 4979
f 4279 4282 4854
f 4854 4282 4269
f 4820 4880 4817
f 4817 4880 4902
f 4890 4903 4980
f 4980 4903 4886
f 4982 4983 4981
f 4981 4983 4123
f 4795 4851 4796
f 4796 4851 4850
f 4918 4979 4874
f 4874 4979 4881
f 4809 4404 4810
f 4810 4404 4403
f 4354 4985 4984
f 4984 4985 4986
f 1364 1516 4838
f 4838 1516 4987
f 4759 4988 4367
f 4367 4988 4925
f 4989 4990 4481
f 4481 4990 4478
f 4443 4515 4990
f 4990 4515 4991
f 4527 4512 4992
f 4992 4512 4991
f 4528 4503 4992
f 4992 4503 4993
f 4993 4994 4485
f 4485 4994 4482
f 4544 4995 4502
f 4502 4995 4994
f 4995 4996 4550
f 4550 4996 4547
f 4998 4999 4997
f 4997 4999 4566
f 4998 5000 4578
f 4578 5000 4579
f 5001 5002 4596
f 4596 5002 4597
f 5003 4591 5004
f 5004 4591 4610
f 4626 4421 4627
f 4627 4421 4420
f 4837 4838 4627
f 4627 4838 4624
f 4761 4705 4830
f 4830 4705 5005
f 4705 4707 5005
f 5005 4707 5006
f 4308 4721 4075
f 4075 4721 4076
f 5007 4200 4797
f 4797 4200 4798
f 4685 4686 5008
f 5008 4686 5009
f 4889 4890 5010
f 5010 4890 4980
f 4323 1541 4324
f 4324 1541 1540
f 4385 4384 4358
f 4358 4384 4714
f 4396 4758 4840
f 4840 4758 4972
f 4866 4852 5011
f 5011 4852 5012
f 5013 4260 4980
f 4980 4260 5010
f 4875 4878 5014
f 5014 4878 5015
f 5017 5018 5016
f 5016 5018 5019
f 5016 5019 5020
f 5020 5019 5021
f 5023 5024 5022
f 5022 5024 5025
f 5027 5028 5026
f 5026 5028 5029
f 5031 5032 5030
f 5030 5032 5033
f 5035 5036 5034
f 5034 5036 5037
f 5039 5040 5038
f 5038 5040 5041
f 5043 5044 5042
f 5042 5044 5045
f 5038 5046 5039
f 5039 5046 5047
f 5049 5050 5048
f 5048 5050 5051
f 5053 5054 5052
f 5052 5054 5055
f 5057 5024 5056
f 5056 5024 5058
f 5060 5061 5059
f 5059 5061 5062
f 5064 5065 5063
f 5063 5065 5066
f 5043 5050 5064
f 5064 5050 5065
f 5038 5041 5067
f 5067 5041 5068
f 5070 5071 5069
f 5069 5071 5072
f 5074 5075 5073
f 5073 5075 5076
f 5034 5077 5035
f 5035 5077 5078
f 5080 5081 5079
f 5079 5081 5082
f 5084 5085 5083
f 5083 5085 5086
f 5085 5084 5087
f 5087 5084 5088
f 5090 5091 5089
f 5089 5091 5092
f 5094 5095 5093
f 5093 5095 5096
f 5098 5099 5097
f 5097 5099 5100
f 5102 5103 5101
f 5101 5103 5104
f 5105 5106 5108
f 5108 5106 5107
f 5110 5111 5109
f 5109 5111 5112
f 5114 5094 5113
f 5113 5094 5093
f 5116 5117 5115
f 5115 5117 5118
f 5120 5121 5119
f 5119 5121 5122
f 5124 5125 5123
f 5123 5125 5126
f 5128 5129 5127
f 5127 5129 5130
f 5097 5131 5098
f 5098 5131 5132
f 5134 5135 5133
f 5133 5135 5122
f 5084 5125 5088
f 5088 5125 5136
f 5138 5139 5137
f 5137 5139 5140
f 5142 5102 5141
f 5141 5102 5101
f 5106 5143 5107
f 5107 5143 5144
f 5146 5147 5145
f 5145 5147 5148
f 5149 5150 5109
f 5109 5150 5110
f 5151 5110 5152
f 5152 5110 5150
f 4715 5140 4716
f 4716 5140 5139
f 5143 4870 5144
f 5144 4870 4869
f 4115 5146 4116
f 4116 5146 5145
f 4791 4796 5149
f 5149 4796 5150
f 4796 4850 5150
f 5150 4850 5152
f 4858 5142 4859
f 4859 5142 5141
f 5153 5154 5115
f 5115 5154 5105
f 5156 5157 5155
f 5155 5157 5158
f 5159 5160 5053
f 5053 5160 5054
f 5161 5162 5020
f 5020 5162 5068
f 5026 5029 5163
f 5163 5029 5021
f 5083 5086 5164
f 5164 5086 5165
f 5090 5167 5166
f 5166 5167 5168
f 5169 5170 5172
f 5172 5170 5171
f 5174 5175 5173
f 5173 5175 5176
f 5177 5109 5178
f 5178 5109 5112
f 5179 5180 5182
f 5182 5180 5181
f 5123 5126 5120
f 5120 5126 5121
f 5180 5167 5181
f 5181 5167 5183
f 5184 5185 5179
f 5179 5185 5180
f 5186 5149 5177
f 5177 5149 5109
f 4868 5184 4865
f 4865 5184 5179
f 5188 5189 5187
f 5187 5189 5190
f 4277 4791 5186
f 5186 4791 5149
f 5179 5182 4865
f 4865 5182 4853
f 5189 4862 5190
f 5190 4862 4861
f 5156 5075 5191
f 5191 5075 5192
f 5036 5035 5193
f 5193 5035 5194
f 5115 5118 5153
f 5153 5118 5195
f 5022 5025 5196
f 5196 5025 5197
f 5155 5158 5069
f 5069 5158 5062
f 5063 5066 5198
f 5198 5066 5199
f 5073 5076 5200
f 5200 5076 5072
f 5202 5131 5201
f 5201 5131 5203
f 5143 5106 5204
f 5204 5106 5205
f 5114 5113 5206
f 5206 5113 5127
f 5098 5132 5193
f 5193 5132 5195
f 5204 5207 5143
f 5143 5207 4870
f 5088 5136 5208
f 5208 5136 5092
f 5209 5210 5089
f 5089 5210 5183
f 5211 5018 5060
f 5060 5018 5061
f 5017 5040 5070
f 5070 5040 5071
f 5191 5160 5156
f 5156 5160 5157
f 5048 5028 5049
f 5049 5028 5058
f 5207 5204 4858
f 4858 5204 5142
f 4859 5141 4715
f 4715 5141 5140
f 5212 5162 5042
f 5042 5162 5051
f 5182 5152 4853
f 4853 5152 4850
f 5214 5134 5213
f 5213 5134 5133
f 5164 5165 5133
f 5133 5165 5213
f 5215 5216 5201
f 5201 5216 5217
f 5147 5218 5148
f 5148 5218 5219
f 5147 5177 5218
f 5218 5177 5178
f 5141 5101 5140
f 5140 5101 5137
f 5201 5217 5202
f 5202 5217 5104
f 5146 5186 5147
f 5147 5186 5177
f 4277 5186 4115
f 4115 5186 5146
f 5191 5192 5031
f 5031 5192 5032
f 5052 5055 5220
f 5220 5055 5197
f 4116 5145 4869
f 4869 5145 5144
f 5034 5037 5214
f 5214 5037 5134
f 5097 5100 5114
f 5114 5100 5094
f 5108 5107 5219
f 5219 5107 5148
f 5221 5135 5116
f 5116 5135 5117
f 5124 5111 5209
f 5209 5111 5210
f 5107 5144 5148
f 5148 5144 5145
f 5152 5182 5151
f 5151 5182 5181
f 5208 5222 5088
f 5088 5222 5087
f 5222 5208 5171
f 5171 5208 5172
f 5223 1756 4698
f 4698 1756 1755
f 4427 5224 4107
f 4107 5224 4135
f 4178 4679 5225
f 5225 4679 5226
f 5227 5228 4892
f 4892 5228 4893
f 5229 5230 4171
f 4171 5230 4172
f 4855 4268 4884
f 4884 4268 4885
f 4884 4871 4855
f 4855 4871 4856
f 4684 5231 4896
f 4896 5231 4897
f 4768 4767 5009
f 5009 4767 5008
f 5205 5154 5102
f 5102 5154 5103
f 5099 5098 5194
f 5194 5098 5193
f 5198 5199 5079
f 5079 5199 5033
f 5102 5142 5205
f 5205 5142 5204
f 5224 4427 4681
f 4681 4427 4678
f 3712 3711 5232
f 5232 3711 5233
f 3968 3988 3963
f 3963 3988 3964
f 3976 4044 3972
f 3972 4044 3985
f 4038 4037 4036
f 4036 4037 4033
f 4794 4762 3731
f 3731 4762 3944
f 3731 3944 3722
f 3722 3944 3810
f 3874 5234 5232
f 5232 5234 3712
f 3906 3905 3867
f 3867 3905 4011
f 3904 4023 3905
f 3905 4023 4011
f 3719 3722 3811
f 3811 3722 3810
f 3812 3719 3687
f 3687 3719 3811
f 3716 3812 3686
f 3686 3812 3687
f 3713 3716 3685
f 3685 3716 3686
f 4810 4403 5235
f 5235 4403 4813
f 4345 1770 4814
f 4814 1770 1769
f 4067 4066 4058
f 4058 4066 5236
f 4043 4068 4049
f 4049 4068 4050
f 4034 5237 3989
f 3989 5237 3990
f 4031 4030 4072
f 4072 4030 4005
f 4003 4004 4002
f 4002 4004 4032
f 4004 4005 4032
f 4032 4005 4030
f 4067 4064 4068
f 4068 4064 4050
f 4058 4057 4067
f 4067 4057 4064
f 4035 4034 5238
f 5238 4034 3989
f 5236 5239 4058
f 4058 5239 5240
f 5234 3874 5241
f 5241 3874 3873
f 5241 3873 3881
f 3881 3873 3878
f 4800 4763 4788
f 4788 4763 4310
f 4763 4762 4310
f 4310 4762 4309
f 4762 4794 4309
f 4309 4794 4306
f 4794 4793 4306
f 4306 4793 4292
f 4293 4313 4302
f 4302 4313 4314
f 4302 4314 4303
f 4303 4314 4315
f 4303 4315 4703
f 4703 4315 4316
f 4035 4069 4043
f 4043 4069 4068
f 4324 1540 4357
f 4357 1540 1477
f 5232 3987 3874
f 3874 3987 3871
f 3987 5232 4013
f 4013 5232 5233
f 4013 5233 4014
f 4014 5233 5242
f 3888 4015 3865
f 3865 4015 4007
f 3866 4008 5243
f 5243 4008 4016
f 3873 5244 3878
f 3878 5244 3875
f 3965 5244 3872
f 3872 5244 3873
f 3876 3875 3965
f 3965 3875 5244
f 5243 4016 5242
f 5242 4016 4014
f 5246 5247 5245
f 5245 5247 5248
f 3576 3950 3577
f 3577 3950 3926
f 3584 3842 3585
f 3585 3842 3580
f 5249 5247 1784
f 1784 5247 1785
f 5250 5251 5253
f 5253 5251 5252
f 5255 5252 5254
f 5254 5252 5256
f 5254 5256 5258
f 5258 5256 5257
f 5258 5257 5260
f 5260 5257 5259
f 4356 5261 4424
f 4424 5261 5259
f 4355 5262 4356
f 4356 5262 5261
f 4924 5264 5263
f 5263 5264 5265
f 4693 5266 4691
f 4691 5266 5267
f 4351 5268 4352
f 4352 5268 5269
f 1808 1807 4351
f 4351 1807 5268
f 3580 3842 3581
f 3799 3802 3838
f 4800 4788 4801
f 4801 4788 4789
f 3729 3935 4801
f 4801 3935 4800
f 3728 3666 3729
f 3729 3666 3935
f 3728 3798 3666
f 3666 3798 3663
f 3798 3818 3663
f 3663 3818 3809
f 3818 3817 3809
f 3809 3817 3808
f 3796 3655 3817
f 3817 3655 3808
f 3615 3568 3796
f 3796 3568 3655
f 3573 3569 3615
f 3615 3569 3568
f 3572 3613 3573
f 3573 3613 3569
f 3792 3606 3572
f 3572 3606 3613
f 3607 3791 3949
f 3949 3791 3591
f 3590 3950 3591
f 3591 3950 3949
f 3805 3926 3590
f 3590 3926 3950
f 3804 3559 3805
f 3805 3559 3926
f 3804 3914 3559
f 3559 3914 3560
f 3924 3789 3913
f 3913 3789 3788
f 3924 3928 3789
f 3789 3928 3826
f 3928 3927 3826
f 3826 3927 3827
f 3927 3834 3827
f 3827 3834 3835
f 4079 4078 5270
f 5270 4078 5007
f 5271 5272 4233
f 4233 5272 5273
f 5275 5276 5274
f 5274 5276 5277
f 5278 5279 4236
f 4236 5279 4237
f 5278 5280 5271
f 5271 5280 5272
f 4235 5281 4236
f 4236 5281 5282
f 5284 5285 5283
f 5283 5285 5286
f 5288 5289 5287
f 5287 5289 5290
f 5292 5293 5291
f 5291 5293 5294
f 5287 5290 4726
f 4726 5290 5295
f 4293 4292 4313
f 4313 4292 4793
f 4720 4736 4719
f 4719 4736 5296
f 5297 4909 5298
f 5298 4909 4908
f 5299 5300 4976
f 4976 5300 5301
f 5302 4202 5303
f 5303 4202 4201
f 5304 5305 4983
f 4983 5305 5306
f 5308 5309 5307
f 5307 5309 5310
f 4722 4725 5283
f 5283 4725 5311
f 5291 5294 4125
f 4125 5294 4126
f 5313 5314 5312
f 5312 5314 5315
f 5316 5317 5319
f 5319 5317 5318
f 5321 5308 5320
f 5320 5308 5307
f 4819 4981 4873
f 4873 4981 5322
f 4981 4123 5322
f 5322 4123 4126
f 5324 5325 5323
f 5323 5325 5326
f 4764 5327 4975
f 4975 5327 5328
f 4172 5327 4169
f 4169 5327 5329
f 4768 4171 4769
f 4769 4171 4170
f 4243 4755 4244
f 4244 4755 5330
f 4755 4205 5330
f 5330 4205 4208
f 4206 4906 4207
f 4207 4906 4905
f 4686 5014 5009
f 5009 5014 5229
f 4756 4770 4170
f 4170 4770 4769
f 4170 4169 4756
f 4756 4169 4757
f 4273 5329 4764
f 4764 5329 5327
f 4276 5331 4273
f 4273 5331 5329
f 4770 4756 4243
f 4243 4756 4755
f 5333 4889 5332
f 5332 4889 5010
f 4877 5332 4878
f 4878 5332 4259
f 4875 4164 4876
f 4876 4164 4163
f 5334 5335 5324
f 5324 5335 5325
f 4983 5306 4123
f 4123 5306 4124
f 4818 4982 4819
f 4819 4982 4981
f 5332 5010 4259
f 4259 5010 4260
f 5014 4686 4875
f 4875 4686 4164
f 4171 4768 5229
f 5229 4768 5009
f 5337 4916 5336
f 5336 4916 4919
f 5293 5337 5294
f 5294 5337 5336
f 4982 4818 5333
f 5333 4818 4889
f 5338 5339 4262
f 4262 5339 5340
f 5307 5310 5338
f 5338 5310 5339
f 5341 5342 4204
f 4204 5342 5309
f 5336 4919 5322
f 5322 4919 4873
f 5294 5336 4126
f 4126 5336 5322
f 5323 5326 5343
f 5343 5326 5286
f 4914 5344 4915
f 4915 5344 5345
f 5312 5315 5344
f 5344 5315 5345
f 5347 5348 5346
f 5346 5348 5349
f 5350 5351 4832
f 4832 5351 4833
f 5352 5353 5349
f 5349 5353 5346
f 5354 5338 4265
f 4265 5338 4262
f 5320 5307 5354
f 5354 5307 5338
f 4201 5308 5303
f 5303 5308 5321
f 5356 5357 5355
f 5355 5357 4799
f 5358 5359 5334
f 5334 5359 5335
f 5358 5360 4093
f 4093 5360 4163
f 5360 5305 4163
f 4163 5305 4876
f 5305 5304 4876
f 4876 5304 4877
f 5270 4778 4079
f 4079 4778 4081
f 4779 5361 4774
f 4774 5361 5357
f 5356 5359 4775
f 4775 5359 4092
f 5333 5304 4982
f 4982 5304 4983
f 5332 4877 5333
f 5333 4877 5304
f 5015 4258 5230
f 5230 4258 5328
f 5327 4172 5328
f 5328 4172 5230
f 4169 5329 4757
f 4757 5329 5331
f 4757 5331 4205
f 4205 5331 4206
f 5331 4276 4206
f 4206 4276 4906
f 4276 4275 4906
f 4906 4275 4907
f 4275 4888 4907
f 4907 4888 4744
f 4887 4717 4745
f 4745 4717 4864
f 4716 5139 4861
f 4861 5139 5190
f 5139 5138 5190
f 5190 5138 5187
f 5138 5216 5187
f 5187 5216 5176
f 5215 5362 5173
f 5173 5362 5130
f 5364 5365 5363
f 5363 5365 5340
f 4742 4863 5366
f 5366 4863 4867
f 4862 5189 4868
f 4868 5189 5184
f 5189 5188 5184
f 5184 5188 5185
f 5188 5175 5185
f 5185 5175 5168
f 3560 3788 3561
f 3561 3788 3790
f 3596 3595 3608
f 3608 3595 3594
f 3598 3582 3595
f 3595 3582 3592
f 3600 3609 3601
f 3601 3609 3611
f 3602 3601 3612
f 3612 3601 3611
f 3606 3605 3613
f 3613 3605 3614
f 3793 5367 3794
f 3794 5367 5368
f 3598 3597 3600
f 3600 3597 3609
f 3793 3792 3575
f 3575 3792 3572
f 3561 3594 3558
f 3558 3594 3593
f 3807 3915 3804
f 3804 3915 3914
f 3916 3915 5370
f 5370 3915 5369
f 3602 3605 3603
f 3603 3605 3604
f 3606 3792 3607
f 3607 3792 3791
f 3914 3913 3560
f 3560 3913 3788
f 5174 5129 5166
f 5166 5129 5371
f 5170 5169 5093
f 5093 5169 5113
f 5166 5371 5090
f 5090 5371 5091
f 5128 5169 5372
f 5372 5169 5172
f 5127 5113 5128
f 5128 5113 5169
f 5114 5206 5203
f 5203 5206 5362
f 5200 5373 5073
f 5073 5373 5096
f 5374 5375 5200
f 5200 5375 5373
f 5039 5047 5374
f 5374 5047 5375
f 5087 5046 5085
f 5085 5046 5376
f 5212 5377 5067
f 5067 5377 5376
f 5042 5045 5212
f 5212 5045 5377
f 5064 5378 5043
f 5043 5378 5044
f 5063 5077 5064
f 5064 5077 5378
f 5079 5082 5198
f 5198 5082 5078
f 5099 5081 5100
f 5100 5081 5379
f 5100 5379 5094
f 5094 5379 5095
f 5381 5382 5380
f 5380 5382 5383
f 5385 5386 5384
f 5384 5386 5383
f 5385 5387 5386
f 5386 5387 5388
f 5390 5391 5389
f 5389 5391 5392
f 5393 5394 5396
f 5396 5394 5395
f 5398 5399 5397
f 5397 5399 5400
f 5402 5403 5401
f 5401 5403 5404
f 5406 5407 5405
f 5405 5407 5404
f 5408 5409 5163
f 5163 5409 5410
f 5411 5412 5414
f 5414 5412 5413
f 5057 5416 5415
f 5415 5416 5417
f 5393 5416 5418
f 5418 5416 5419
f 5396 5395 5420
f 5420 5395 5421
f 5423 5424 5422
f 5422 5424 5425
f 5415 5417 5220
f 5220 5417 5426
f 5418 5391 5393
f 5393 5391 5394
f 5414 5388 5411
f 5411 5388 5392
f 5059 5427 5060
f 5060 5427 5428
f 5423 5427 5429
f 5429 5427 5430
f 5432 5382 5431
f 5431 5382 5425
f 5429 5407 5423
f 5423 5407 5424
f 5380 5409 5381
f 5381 5409 5433
f 5381 5433 5422
f 5422 5433 5428
f 5027 5412 5056
f 5056 5412 5419
f 5435 5436 5434
f 5434 5436 5437
f 5159 5439 5438
f 5438 5439 5440
f 5053 5436 5159
f 5159 5436 5439
f 5441 5403 5398
f 5398 5403 5399
f 5163 5410 5026
f 5026 5410 5413
f 5438 5440 5442
f 5442 5440 5430
f 5444 5445 5443
f 5443 5445 5446
f 5447 5448 5450
f 5450 5448 5449
f 5451 5446 5452
f 5452 5446 5445
f 5454 5455 5453
f 5453 5455 5451
f 5456 5454 5458
f 5458 5454 5457
f 5460 5461 5459
f 5459 5461 5462
f 5464 5465 5463
f 5463 5465 5466
f 5468 5469 5467
f 5467 5469 5470
f 5472 5473 5471
f 5471 5473 5474
f 5475 5476 5478
f 5478 5476 5477
f 5479 5480 5482
f 5482 5480 5481
f 5483 5484 5448
f 5448 5484 5485
f 5448 5485 5449
f 5449 5485 5486
f 5487 5476 5488
f 5488 5476 5475
f 5490 5491 5489
f 5489 5491 5492
f 5494 5495 5493
f 5493 5495 5496
f 5498 5494 5497
f 5497 5494 5493
f 5500 5501 5499
f 5499 5501 5502
f 5503 5504 5446
f 5446 5504 5443
f 5506 5507 5505
f 5505 5507 5508
f 5510 5511 5509
f 5509 5511 5512
f 5514 5515 5513
f 5513 5515 5516
f 5518 5519 5517
f 5517 5519 5520
f 5495 5521 5496
f 5496 5521 5522
f 5524 5525 5523
f 5523 5525 5526
f 5527 5528 5494
f 5494 5528 5495
f 5499 5502 5529
f 5529 5502 5530
f 5531 5532 5485
f 5485 5532 5486
f 5485 5484 5531
f 5531 5484 5533
f 5482 5481 5534
f 5534 5481 5535
f 5536 5512 5506
f 5506 5512 5511
f 5455 5503 5451
f 5451 5503 5446
f 5467 5470 5511
f 5511 5470 5537
f 5538 5467 5510
f 5510 5467 5511
f 5540 5541 5539
f 5539 5541 5542
f 5543 5544 5546
f 5546 5544 5545
f 5548 5472 5547
f 5547 5472 5471
f 5493 5496 5549
f 5549 5496 5550
f 5496 5522 5550
f 5550 5522 5551
f 5553 5554 5552
f 5552 5554 5555
f 5557 5447 5556
f 5556 5447 5558
f 5557 5483 5447
f 5447 5483 5448
f 5478 5477 5553
f 5553 5477 5559
f 5477 5560 5559
f 5559 5560 5561
f 5476 5562 5477
f 5477 5562 5560
f 5476 5487 5562
f 5562 5487 5563
f 5560 5564 5561
f 5561 5564 5565
f 5564 5560 5566
f 5566 5560 5562
f 5563 5567 5562
f 5562 5567 5566
f 5569 5521 5568
f 5568 5521 5570
f 5481 5572 5571
f 5571 5572 5573
f 5574 5535 5571
f 5571 5535 5481
f 5576 5577 5575
f 5575 5577 5578
f 5579 5580 5456
f 5456 5580 5581
f 5475 5582 5488
f 5488 5582 5583
f 5584 5536 5505
f 5505 5536 5506
f 5585 5586 5588
f 5588 5586 5587
f 5590 5591 5589
f 5589 5591 5592
f 5519 5593 5520
f 5520 5593 5594
f 5595 5596 5462
f 5462 5596 5597
f 5599 5600 5598
f 5598 5600 5514
f 5602 5603 5601
f 5601 5603 5604
f 5524 5543 5525
f 5525 5543 5546
f 5543 5524 5606
f 5606 5524 5605
f 5607 5608 5500
f 5500 5608 5501
f 5610 5551 5609
f 5609 5551 5522
f 5611 5510 5598
f 5598 5510 5509
f 5612 5597 5457
f 5457 5597 5458
f 5510 5611 5538
f 5538 5611 5613
f 5580 5508 5581
f 5581 5508 5507
f 5615 5616 5614
f 5614 5616 5617
f 5619 5620 5618
f 5618 5620 5621
f 5623 5624 5622
f 5622 5624 5625
f 5627 5624 5626
f 5626 5624 5623
f 5629 5630 5628
f 5628 5630 5631
f 5633 5634 5632
f 5632 5634 5466
f 5635 5636 5463
f 5463 5636 5637
f 5523 5638 5524
f 5524 5638 5605
f 5639 5640 5641
f 5641 5640 5595
f 5611 5513 5613
f 5613 5513 5642
f 5643 5586 5608
f 5608 5586 5501
f 5622 5625 5590
f 5590 5625 5591
f 5598 5514 5611
f 5611 5514 5513
f 5645 5646 5644
f 5644 5646 5647
f 5620 5619 5491
f 5491 5619 5648
f 5649 5643 5492
f 5492 5643 5608
f 5650 5651 5653
f 5653 5651 5652
f 5463 5466 5635
f 5635 5466 5634
f 5597 5612 5462
f 5462 5612 5459
f 5635 5634 5523
f 5523 5634 5638
f 5654 5638 5633
f 5633 5638 5634
f 5655 5656 5525
f 5525 5656 5526
f 5658 5659 5657
f 5657 5659 5527
f 5660 5464 5637
f 5637 5464 5463
f 5632 5466 5661
f 5661 5466 5465
f 5661 5662 5632
f 5632 5662 5658
f 5662 5663 5658
f 5658 5663 5659
f 5665 5659 5664
f 5664 5659 5663
f 5632 5658 5633
f 5633 5658 5657
f 5666 5629 5530
f 5530 5629 5667
f 5528 5527 5665
f 5665 5527 5659
f 5668 5669 5570
f 5570 5669 5568
f 5669 5668 5670
f 5670 5668 5671
f 5646 5672 5673
f 5672 5674 5673
f 5673 5674 5675
f 5674 5460 5675
f 5675 5460 5459
f 5461 5676 5462
f 5462 5676 5595
f 5677 5678 5680
f 5680 5678 5679
f 5628 5681 5629
f 5629 5681 5667
f 5682 5529 5667
f 5667 5529 5530
f 5675 5459 5683
f 5683 5459 5612
f 5585 5666 5502
f 5502 5666 5530
f 5589 5684 5602
f 5602 5684 5603
f 5646 5645 5663
f 5663 5645 5664
f 5685 5647 5673
f 5673 5647 5646
f 5686 5687 5683
f 5683 5687 5685
f 5688 5689 5533
f 5533 5689 5531
f 5690 5691 5535
f 5535 5691 5534
f 5692 5690 5574
f 5574 5690 5535
f 5685 5687 5689
f 5689 5687 5693
f 5489 5694 5490
f 5490 5694 5695
f 5690 5692 5696
f 5696 5692 5697
f 5696 5644 5690
f 5690 5644 5691
f 5447 5450 5558
f 5558 5450 5698
f 5699 5700 5642
f 5642 5700 5613
f 5701 5702 5540
f 5540 5702 5541
f 5431 5703 5432
f 5432 5703 5697
f 5385 5384 5574
f 5574 5384 5692
f 5389 5387 5573
f 5573 5387 5571
f 5565 5390 5573
f 5573 5390 5389
f 5390 5565 5704
f 5704 5565 5564
f 5566 5705 5564
f 5564 5705 5704
f 5569 5441 5609
f 5609 5441 5398
f 5568 5405 5569
f 5569 5405 5441
f 5670 5706 5669
f 5669 5706 5406
f 5703 5431 5670
f 5670 5431 5706
f 5432 5697 5384
f 5384 5697 5692
f 5574 5571 5385
f 5385 5571 5387
f 5607 5707 5489
f 5489 5707 5694
f 5518 5708 5519
f 5519 5708 5709
f 5711 5576 5710
f 5710 5576 5575
f 5713 5714 5712
f 5712 5714 5715
f 5553 5552 5478
f 5478 5552 5716
f 5717 5475 5716
f 5716 5475 5478
f 5718 5719 5605
f 5605 5719 5606
f 5505 5622 5584
f 5584 5622 5590
f 5508 5623 5505
f 5505 5623 5622
f 5626 5623 5580
f 5580 5623 5508
f 5580 5579 5626
f 5626 5579 5720
f 5579 5721 5720
f 5720 5721 5722
f 5666 5585 5723
f 5723 5585 5588
f 5724 5725 5639
f 5639 5725 5640
f 5554 5726 5555
f 5555 5726 5727
f 5453 5728 5729
f 5689 5688 5685
f 5685 5688 5647
f 5604 5730 5512
f 5512 5730 5509
f 5628 5631 5618
f 5618 5631 5592
f 5601 5604 5536
f 5536 5604 5512
f 5732 5676 5731
f 5731 5676 5660
f 5730 5604 5733
f 5733 5604 5603
f 5563 5487 5551
f 5551 5487 5550
f 5489 5492 5607
f 5607 5492 5608
f 5573 5572 5565
f 5565 5572 5561
f 5609 5522 5569
f 5569 5522 5521
f 5499 5734 5500
f 5500 5734 5735
f 5596 5736 5721
f 5721 5736 5722
f 5737 5600 5594
f 5594 5600 5520
f 5599 5730 5517
f 5517 5730 5733
f 5660 5738 5731
f 5731 5738 5739
f 5648 5649 5491
f 5491 5649 5492
f 5501 5586 5502
f 5502 5586 5585
f 5525 5546 5655
f 5655 5546 5740
f 5600 5599 5520
f 5520 5599 5517
f 5708 5739 5709
f 5709 5739 5738
f 5636 5635 5526
f 5526 5635 5523
f 5670 5671 5703
f 5703 5671 5741
f 5490 5695 5742
f 5742 5695 5743
f 5682 5678 5744
f 5744 5678 5677
f 5678 5681 5679
f 5679 5681 5621
f 5742 5743 5679
f 5679 5743 5680
f 5618 5621 5628
f 5628 5621 5681
f 5725 5724 5589
f 5589 5724 5684
f 5456 5458 5579
f 5579 5458 5721
f 5675 5683 5673
f 5673 5683 5685
f 5529 5682 5745
f 5745 5682 5744
f 5721 5458 5596
f 5596 5458 5597
f 5701 5540 5719
f 5719 5540 5606
f 5703 5741 5697
f 5697 5741 5696
f 5500 5735 5607
f 5607 5735 5707
f 5549 5746 5493
f 5493 5746 5497
f 5700 5747 5613
f 5613 5747 5538
f 5420 5421 5434
f 5434 5421 5400
f 5689 5693 5531
f 5531 5693 5532
f 5705 5566 5748
f 5748 5566 5567
f 5609 5398 5610
f 5610 5398 5397
f 5669 5406 5568
f 5568 5406 5405
f 5488 5583 5549
f 5549 5583 5746
f 5714 5713 5710
f 5710 5713 5711
f 5747 5468 5538
f 5538 5468 5467
f 5548 5547 5749
f 5749 5547 5750
f 5733 5603 5751
f 5751 5603 5684
f 5589 5602 5590
f 5590 5602 5584
f 5636 5752 5614
f 5614 5752 5615
f 5753 5754 5738
f 5738 5754 5755
f 5602 5601 5584
f 5584 5601 5536
f 5723 5736 5630
f 5630 5736 5640
f 5595 5640 5596
f 5596 5640 5736
f 5734 5499 5745
f 5745 5499 5529
f 5627 5587 5643
f 5643 5587 5586
f 5553 5559 5554
f 5554 5559 5480
f 5559 5561 5480
f 5480 5561 5572
f 5554 5480 5726
f 5726 5480 5479
f 5749 5750 5715
f 5715 5750 5712
f 5683 5612 5686
f 5686 5612 5457
f 5678 5682 5681
f 5681 5682 5667
f 5598 5509 5599
f 5599 5509 5730
f 5679 5621 5742
f 5742 5621 5620
f 5652 5616 5653
f 5653 5616 5615
f 5220 5426 5052
f 5052 5426 5437
f 5487 5488 5550
f 5550 5488 5549
f 5742 5620 5490
f 5490 5620 5491
f 5551 5610 5563
f 5563 5610 5567
f 5610 5397 5567
f 5567 5397 5748
f 5614 5617 5753
f 5753 5617 5754
f 5480 5572 5481
f 5755 5756 5738
f 5738 5756 5709
f 5745 5744 5758
f 5758 5744 5757
f 5745 5758 5734
f 5734 5758 5759
f 5735 5734 5760
f 5760 5734 5759
f 5707 5735 5761
f 5761 5735 5760
f 5744 5677 5757
f 5757 5677 5762
f 5677 5680 5762
f 5762 5680 5763
f 5763 5680 5764
f 5764 5680 5743
f 5765 5766 5762
f 5762 5766 5757
f 5768 5769 5767
f 5767 5769 5770
f 5771 5772 5770
f 5770 5772 5767
f 5770 5769 5774
f 5774 5769 5773
f 5775 5776 5774
f 5774 5776 5777
f 5773 5778 5774
f 5774 5778 5775
f 5779 5766 5773
f 5773 5766 5778
f 5777 5771 5774
f 5774 5771 5770
f 5780 5781 5783
f 5783 5781 5782
f 5781 5780 5771
f 5771 5780 5772
f 5773 5769 5779
f 5779 5769 5768
f 5768 5759 5779
f 5779 5759 5758
f 5768 5784 5759
f 5759 5784 5760
f 5767 5785 5768
f 5768 5785 5784
f 5785 5767 5786
f 5786 5767 5772
f 5766 5779 5757
f 5757 5779 5758
f 5780 5787 5772
f 5772 5787 5786
f 5785 5786 5788
f 5788 5786 5789
f 5786 5787 5789
f 5789 5787 5790
f 5788 5789 5791
f 5791 5789 5792
f 5791 5793 5788
f 5788 5793 5794
f 5795 5792 5790
f 5790 5792 5789
f 5785 5788 5784
f 5784 5788 5794
f 5784 5794 5760
f 5760 5794 5761
f 5787 5780 5796
f 5796 5780 5783
f 5775 5778 5797
f 5797 5778 5766
f 5797 5798 5775
f 5775 5798 5776
f 5766 5765 5797
f 5797 5765 5799
f 5798 5797 5800
f 5800 5797 5799
f 5798 5801 5776
f 5776 5801 5802
f 5707 5761 5694
f 5694 5761 5803
f 5695 5804 5743
f 5743 5804 5764
f 5804 5695 5803
f 5803 5695 5694
f 5803 5793 5804
f 5804 5793 5805
f 5793 5791 5805
f 5805 5791 5806
f 5804 5805 5764
f 5764 5805 5807
f 5803 5761 5793
f 5793 5761 5794
f 5808 5763 5807
f 5807 5763 5764
f 5808 5765 5763
f 5763 5765 5762
f 5809 5799 5808
f 5808 5799 5765
f 5809 5808 5810
f 5810 5808 5807
f 5811 5809 5812
f 5812 5809 5810
f 5805 5806 5807
f 5807 5806 5810
f 5806 5813 5810
f 5810 5813 5812
f 5799 5809 5800
f 5800 5809 5811
f 5815 5800 5814
f 5814 5800 5811
f 5814 5817 5816
f 5816 5817 5818
f 5814 5811 5817
f 5817 5811 5812
f 5814 5816 5815
f 5815 5816 5796
f 5815 5796 5801
f 5801 5796 5783
f 5801 5798 5815
f 5815 5798 5800
f 5791 5792 5806
f 5806 5792 5813
f 5818 5813 5795
f 5795 5813 5792
f 5818 5817 5813
f 5813 5817 5812
f 5816 5818 5790
f 5790 5818 5795
f 5790 5787 5816
f 5816 5787 5796
f 5771 5777 5781
f 5781 5777 5782
f 5782 5802 5783
f 5783 5802 5801
f 5782 5777 5802
f 5802 5777 5776
f 5588 5587 5722
f 5722 5587 5720
f 5591 5619 5592
f 5592 5619 5618
f 5625 5624 5648
f 5648 5624 5649
f 5624 5627 5649
f 5649 5627 5643
f 5631 5630 5725
f 5725 5630 5640
f 5625 5648 5591
f 5591 5648 5619
f 5588 5722 5723
f 5723 5722 5736
f 5631 5725 5592
f 5592 5725 5589
f 5723 5630 5666
f 5666 5630 5629
f 5587 5627 5720
f 5720 5627 5626
f 5820 5821 5819
f 5819 5821 5822
f 5824 5825 5823
f 5823 5825 5826
f 5823 5826 5827
f 5827 5826 5828
f 5829 5830 5832
f 5832 5830 5831
f 5518 5833 5708
f 5708 5833 5834
f 5835 5836 5824
f 5824 5836 5825
f 5838 5839 5837
f 5837 5839 5840
f 5751 5684 5842
f 5842 5684 5841
f 5843 5841 5724
f 5724 5841 5684
f 5845 5846 5844
f 5844 5846 5847
f 5848 5830 5836
f 5836 5830 5825
f 5518 5751 5833
f 5833 5751 5842
f 5839 5838 5821
f 5821 5838 5849
f 5850 5848 5822
f 5822 5848 5836
f 5851 5845 5828
f 5828 5845 5852
f 5854 5855 5853
f 5853 5855 5856
f 5845 5844 5852
f 5852 5844 5857
f 5858 5827 5852
f 5852 5827 5828
f 5851 5828 5829
f 5829 5828 5826
f 5819 5859 5820
f 5820 5859 5860
f 5835 5861 5819
f 5819 5861 5859
f 5851 5829 5862
f 5862 5829 5832
f 5844 5847 5837
f 5837 5847 5834
f 5819 5822 5835
f 5835 5822 5836
f 5823 5863 5824
f 5824 5863 5864
f 5849 5850 5821
f 5821 5850 5822
f 5825 5830 5826
f 5826 5830 5829
f 5820 5860 5865
f 5865 5860 5866
f 5858 5854 5867
f 5867 5854 5853
f 5854 5857 5855
f 5855 5857 5840
f 5855 5865 5856
f 5856 5865 5866
f 5837 5840 5844
f 5844 5840 5857
f 5827 5858 5868
f 5868 5858 5867
f 5824 5864 5835
f 5835 5864 5861
f 5732 5731 5862
f 5862 5731 5846
f 5863 5823 5868
f 5868 5823 5827
f 5843 5831 5848
f 5848 5831 5830
f 5854 5858 5857
f 5857 5858 5852
f 5855 5840 5865
f 5865 5840 5839
f 5865 5839 5820
f 5820 5839 5821
f 5868 5867 5870
f 5870 5867 5869
f 5868 5870 5863
f 5863 5870 5871
f 5863 5871 5864
f 5864 5871 5872
f 5864 5872 5861
f 5861 5872 5873
f 5867 5853 5869
f 5869 5853 5874
f 5853 5856 5874
f 5874 5856 5875
f 5856 5866 5875
f 5875 5866 5876
f 5877 5878 5874
f 5874 5878 5869
f 5880 5881 5879
f 5879 5881 5882
f 5883 5884 5880
f 5880 5884 5881
f 5881 5884 5886
f 5886 5884 5885
f 5887 5888 5886
f 5886 5888 5889
f 5885 5890 5886
f 5886 5890 5887
f 5889 5882 5886
f 5886 5882 5881
f 5882 5891 5879
f 5879 5891 5892
f 5885 5884 5893
f 5893 5884 5883
f 5883 5871 5893
f 5893 5871 5870
f 5883 5894 5871
f 5871 5894 5872
f 5880 5895 5883
f 5883 5895 5894
f 5896 5895 5879
f 5879 5895 5880
f 5893 5878 5885
f 5885 5878 5890
f 5878 5893 5869
f 5869 5893 5870
f 5897 5896 5892
f 5892 5896 5879
f 5895 5896 5898
f 5898 5896 5899
f 5896 5897 5899
f 5899 5897 5900
f 5898 5899 5901
f 5901 5899 5902
f 5901 5903 5898
f 5898 5903 5904
f 5900 5905 5899
f 5899 5905 5902
f 5898 5904 5895
f 5895 5904 5894
f 5894 5904 5872
f 5872 5904 5873
f 5897 5892 5907
f 5907 5892 5906
f 5892 5891 5906
f 5906 5891 5908
f 5887 5890 5909
f 5909 5890 5878
f 5888 5887 5910
f 5910 5887 5909
f 5878 5877 5909
f 5909 5877 5911
f 5909 5911 5910
f 5910 5911 5912
f 5913 5914 5910
f 5910 5914 5888
f 5908 5914 5906
f 5906 5914 5913
f 5861 5873 5859
f 5859 5873 5915
f 5860 5916 5866
f 5866 5916 5876
f 5916 5860 5915
f 5915 5860 5859
f 5915 5903 5916
f 5916 5903 5917
f 5903 5901 5917
f 5917 5901 5918
f 5916 5917 5876
f 5876 5917 5919
f 5903 5915 5904
f 5904 5915 5873
f 5920 5875 5919
f 5919 5875 5876
f 5920 5877 5875
f 5875 5877 5874
f 5920 5921 5877
f 5877 5921 5911
f 5921 5920 5922
f 5922 5920 5919
f 5923 5921 5924
f 5924 5921 5922
f 5917 5918 5919
f 5919 5918 5922
f 5918 5925 5922
f 5922 5925 5924
f 5921 5923 5911
f 5911 5923 5912
f 5927 5912 5926
f 5926 5912 5923
f 5926 5929 5928
f 5928 5929 5930
f 5926 5923 5929
f 5929 5923 5924
f 5926 5928 5927
f 5927 5928 5907
f 5927 5907 5913
f 5913 5907 5906
f 5913 5910 5927
f 5927 5910 5912
f 5901 5902 5918
f 5918 5902 5925
f 5930 5925 5905
f 5905 5925 5902
f 5930 5929 5925
f 5925 5929 5924
f 5928 5930 5900
f 5900 5930 5905
f 5900 5897 5928
f 5928 5897 5907
f 5882 5889 5891
f 5891 5889 5908
f 5908 5889 5914
f 5914 5889 5888
f 5832 5831 5641
f 5641 5831 5639
f 5833 5838 5834
f 5834 5838 5837
f 5842 5841 5849
f 5849 5841 5850
f 5841 5843 5850
f 5850 5843 5848
f 5847 5846 5739
f 5739 5846 5731
f 5842 5849 5833
f 5833 5849 5838
f 5862 5832 5732
f 5732 5832 5641
f 5847 5739 5834
f 5834 5739 5708
f 5862 5846 5851
f 5851 5846 5845
f 5831 5843 5639
f 5639 5843 5724
f 5676 5732 5595
f 5595 5732 5641
f 5676 5461 5660
f 5660 5461 5464
f 5461 5460 5464
f 5464 5460 5465
f 5460 5674 5465
f 5465 5674 5661
f 5931 5932 5934
f 5934 5932 5933
f 5936 5937 5935
f 5935 5937 5938
f 5935 5938 5939
f 5939 5938 5940
f 5942 5943 5941
f 5941 5943 5944
f 5945 5946 5936
f 5936 5946 5937
f 5948 5949 5947
f 5947 5949 5950
f 5951 5952 5519
f 5519 5952 5593
f 5953 5951 5709
f 5709 5951 5519
f 5955 5956 5954
f 5954 5956 5957
f 5958 5942 5946
f 5946 5942 5937
f 5948 5959 5949
f 5949 5959 5933
f 5960 5958 5934
f 5934 5958 5946
f 5961 5955 5940
f 5940 5955 5962
f 5963 5964 5966
f 5966 5964 5965
f 5955 5954 5962
f 5962 5954 5967
f 5968 5939 5962
f 5962 5939 5940
f 5961 5940 5941
f 5941 5940 5938
f 5931 5969 5932
f 5932 5969 5970
f 5945 5971 5931
f 5931 5971 5969
f 5941 5944 5961
f 5961 5944 5972
f 5954 5957 5947
f 5947 5957 5973
f 5945 5931 5946
f 5946 5931 5934
f 5935 5974 5936
f 5936 5974 5975
f 5959 5960 5933
f 5933 5960 5934
f 5937 5942 5938
f 5938 5942 5941
f 5932 5970 5976
f 5976 5970 5977
f 5968 5964 5978
f 5978 5964 5963
f 5965 5964 5950
f 5950 5964 5967
f 5976 5977 5965
f 5965 5977 5966
f 5947 5950 5954
f 5954 5950 5967
f 5939 5968 5979
f 5979 5968 5978
f 5936 5975 5945
f 5945 5975 5971
f 5972 5754 5956
f 5956 5754 5617
f 5974 5935 5979
f 5979 5935 5939
f 5953 5943 5958
f 5958 5943 5942
f 5964 5968 5967
f 5967 5968 5962
f 5965 5950 5976
f 5976 5950 5949
f 5976 5949 5932
f 5932 5949 5933
f 5979 5978 5981
f 5981 5978 5980
f 5979 5981 5974
f 5974 5981 5982
f 5974 5982 5975
f 5975 5982 5983
f 5975 5983 5971
f 5971 5983 5984
f 5978 5963 5980
f 5980 5963 5985
f 5963 5966 5985
f 5985 5966 5986
f 5986 5966 5987
f 5987 5966 5977
f 5988 5989 5985
f 5985 5989 5980
f 5991 5992 5990
f 5990 5992 5993
f 5994 5995 5991
f 5991 5995 5992
f 5992 5995 5997
f 5997 5995 5996
f 5998 5999 5997
f 5997 5999 6000
f 5996 6001 5997
f 5997 6001 5998
f 6000 5993 5997
f 5997 5993 5992
f 6002 6003 5993
f 5993 6003 5990
f 5995 5994 5996
f 5996 5994 6004
f 5994 5982 6004
f 6004 5982 5981
f 5994 6005 5982
f 5982 6005 5983
f 5991 6006 5994
f 5994 6006 6005
f 6006 5991 6007
f 6007 5991 5990
f 5996 6004 6001
f 6001 6004 5989
f 5989 6004 5980
f 5980 6004 5981
f 6003 6008 5990
f 5990 6008 6007
f 6009 6006 6010
f 6010 6006 6007
f 6008 6011 6007
f 6007 6011 6010
f 6012 6009 6013
f 6013 6009 6010
f 6009 6012 6015
f 6015 6012 6014
f 6011 6016 6010
f 6010 6016 6013
f 6006 6009 6005
f 6005 6009 6015
f 6005 6015 5983
f 5983 6015 5984
f 6008 6003 6018
f 6018 6003 6017
f 6003 6002 6017
f 6017 6002 6019
f 5998 6001 6020
f 6020 6001 5989
f 5999 5998 6021
f 6021 5998 6020
f 5989 5988 6020
f 6020 5988 6022
f 6021 6020 6023
f 6023 6020 6022
f 6021 6024 5999
f 5999 6024 6025
f 6019 6025 6017
f 6017 6025 6024
f 5971 5984 5969
f 5969 5984 6026
f 5970 6027 5977
f 5977 6027 5987
f 6027 5970 6026
f 6026 5970 5969
f 6026 6014 6027
f 6027 6014 6028
f 6014 6012 6028
f 6028 6012 6029
f 6027 6028 5987
f 5987 6028 6030
f 6026 5984 6014
f 6014 5984 6015
f 6031 5986 6030
f 6030 5986 5987
f 6031 5988 5986
f 5986 5988 5985
f 6032 6022 6031
f 6031 6022 5988
f 6032 6031 6033
f 6033 6031 6030
f 6034 6032 6035
f 6035 6032 6033
f 6028 6029 6030
f 6030 6029 6033
f 6029 6036 6033
f 6033 6036 6035
f 6032 6034 6022
f 6022 6034 6023
f 6038 6023 6037
f 6037 6023 6034
f 6037 6040 6039
f 6039 6040 6041
f 6037 6034 6040
f 6040 6034 6035
f 6037 6039 6038
f 6038 6039 6018
f 6038 6018 6024
f 6024 6018 6017
f 6024 6021 6038
f 6038 6021 6023
f 6012 6013 6029
f 6029 6013 6036
f 6041 6036 6016
f 6016 6036 6013
f 6041 6040 6036
f 6036 6040 6035
f 6041 6016 6039
f 6039 6016 6011
f 6011 6008 6039
f 6039 6008 6018
f 5993 6000 6002
f 6002 6000 6019
f 6019 6000 6025
f 6025 6000 5999
f 5943 5756 5944
f 5944 5756 5755
f 6042 5948 5973
f 5973 5948 5947
f 5952 5951 5959
f 5959 5951 5960
f 5951 5953 5960
f 5960 5953 5958
f 5616 5957 5617
f 5617 5957 5956
f 6042 5952 5948
f 5948 5952 5959
f 5944 5755 5972
f 5972 5755 5754
f 5957 5616 5973
f 5973 5616 5652
f 5956 5955 5972
f 5972 5955 5961
f 5943 5953 5756
f 5756 5953 5709
f 6044 6045 6043
f 6043 6045 6046
f 6048 6049 6047
f 6047 6049 6050
f 6047 6050 6051
f 6051 6050 6052
f 6054 6055 6053
f 6053 6055 6056
f 6057 6058 6060
f 6060 6058 6059
f 6061 6062 6048
f 6048 6062 6049
f 6063 6064 6066
f 6066 6064 6065
f 6067 6068 6070
f 6070 6068 6069
f 6071 6069 5653
f 5653 6069 6068
f 6072 6073 6075
f 6075 6073 6074
f 6062 6076 6049
f 6049 6076 6054
f 6058 6067 6059
f 6059 6067 6070
f 6064 6077 6065
f 6065 6077 6045
f 6078 6076 6046
f 6046 6076 6062
f 6073 6080 6079
f 6079 6080 6052
f 6082 6083 6081
f 6081 6083 6084
f 6072 6085 6073
f 6073 6085 6080
f 6086 6051 6080
f 6080 6051 6052
f 6079 6052 6053
f 6053 6052 6050
f 6043 6087 6044
f 6044 6087 6088
f 6061 6089 6043
f 6043 6089 6087
f 6053 6056 6079
f 6079 6056 6090
f 6063 6072 6060
f 6060 6072 6075
f 6043 6046 6061
f 6061 6046 6062
f 6047 6091 6048
f 6048 6091 6092
f 6077 6078 6045
f 6045 6078 6046
f 6049 6054 6050
f 6050 6054 6053
f 6044 6088 6093
f 6093 6088 6094
f 6086 6082 6095
f 6095 6082 6081
f 6083 6082 6066
f 6066 6082 6085
f 6093 6094 6083
f 6083 6094 6084
f 6072 6063 6085
f 6085 6063 6066
f 6051 6086 6096
f 6096 6086 6095
f 6048 6092 6061
f 6061 6092 6089
f 5656 5655 6090
f 6090 5655 6074
f 6091 6047 6096
f 6096 6047 6051
f 6071 6055 6076
f 6076 6055 6054
f 6082 6086 6085
f 6085 6086 6080
f 6093 6083 6065
f 6065 6083 6066
f 6044 6093 6045
f 6045 6093 6065
f 6096 6095 6098
f 6098 6095 6097
f 6096 6098 6091
f 6091 6098 6099
f 6091 6099 6092
f 6092 6099 6100
f 6092 6100 6089
f 6089 6100 6101
f 6095 6081 6097
f 6097 6081 6102
f 6081 6084 6102
f 6102 6084 6103
f 6103 6084 6104
f 6104 6084 6094
f 6106 6097 6105
f 6105 6097 6102
f 6107 6108 6110
f 6110 6108 6109
f 6111 6112 6108
f 6108 6112 6109
f 6109 6112 6114
f 6114 6112 6113
f 6114 6115 6117
f 6117 6115 6116
f 6113 6118 6114
f 6114 6118 6115
f 6117 6110 6114
f 6114 6110 6109
f 6110 6119 6107
f 6107 6119 6120
f 6112 6111 6113
f 6113 6111 6121
f 6111 6099 6121
f 6121 6099 6098
f 6111 6122 6099
f 6099 6122 6100
f 6123 6122 6108
f 6108 6122 6111
f 6124 6123 6107
f 6107 6123 6108
f 6113 6121 6118
f 6118 6121 6106
f 6106 6121 6097
f 6097 6121 6098
f 6125 6124 6120
f 6120 6124 6107
f 6126 6123 6127
f 6127 6123 6124
f 6125 6128 6124
f 6124 6128 6127
f 6129 6126 6130
f 6130 6126 6127
f 6126 6129 6132
f 6132 6129 6131
f 6128 6133 6127
f 6127 6133 6130
f 6123 6126 6122
f 6122 6126 6132
f 6122 6132 6100
f 6100 6132 6101
f 6120 6134 6125
f 6125 6134 6135
f 6120 6119 6134
f 6134 6119 6136
f 6115 6118 6137
f 6137 6118 6106
f 6115 6137 6116
f 6116 6137 6138
f 6137 6106 6139
f 6139 6106 6105
f 6138 6137 6140
f 6140 6137 6139
f 6141 6142 6138
f 6138 6142 6116
f 6136 6142 6134
f 6134 6142 6141
f 6089 6101 6087
f 6087 6101 6143
f 6088 6144 6094
f 6094 6144 6104
f 6143 6144 6087
f 6087 6144 6088
f 6131 6145 6143
f 6143 6145 6144
f 6129 6146 6131
f 6131 6146 6145
f 6144 6145 6104
f 6104 6145 6147
f 6143 6101 6131
f 6131 6101 6132
f 6148 6103 6147
f 6147 6103 6104
f 6103 6148 6102
f 6102 6148 6105
f 6148 6149 6105
f 6105 6149 6139
f 6149 6148 6150
f 6150 6148 6147
f 6151 6149 6152
f 6152 6149 6150
f 6145 6146 6147
f 6147 6146 6150
f 6146 6153 6150
f 6150 6153 6152
f 6149 6151 6139
f 6139 6151 6140
f 6155 6140 6154
f 6154 6140 6151
f 6154 6157 6156
f 6156 6157 6158
f 6154 6151 6157
f 6157 6151 6152
f 6154 6156 6155
f 6155 6156 6135
f 6155 6135 6141
f 6141 6135 6134
f 6141 6138 6155
f 6155 6138 6140
f 6146 6129 6153
f 6153 6129 6130
f 6158 6153 6133
f 6133 6153 6130
f 6158 6157 6153
f 6153 6157 6152
f 6156 6158 6128
f 6128 6158 6133
f 6128 6125 6156
f 6156 6125 6135
f 6110 6117 6119
f 6119 6117 6136
f 6136 6117 6142
f 6142 6117 6116
f 6055 5615 6056
f 6056 5615 5752
f 6060 6059 6063
f 6063 6059 6064
f 6077 6070 6078
f 6078 6070 6069
f 6069 6071 6078
f 6078 6071 6076
f 6159 6057 6075
f 6075 6057 6060
f 6059 6070 6064
f 6064 6070 6077
f 6056 5752 6090
f 6090 5752 5656
f 6090 6074 6079
f 6079 6074 6073
f 6055 6071 5615
f 5615 6071 5653
f 5547 5471 6160
f 6160 5471 6161
f 5729 5577 6163
f 6163 5577 6162
f 5577 5576 6162
f 6162 5576 6164
f 5713 6165 5711
f 5711 6165 6166
f 5474 5729 6167
f 6167 5729 6163
f 5750 5547 6168
f 6168 5547 6160
f 5471 5474 6161
f 6161 5474 6167
f 6169 5712 6168
f 6168 5712 5750
f 5711 6166 5576
f 5576 6166 6164
f 6165 5713 6169
f 6169 5713 5712
f 6168 6170 6169
f 6169 6170 6171
f 6169 6171 6165
f 6165 6171 6172
f 6165 6172 6166
f 6166 6172 6173
f 6166 6173 6164
f 6164 6173 6174
f 6168 6160 6170
f 6170 6160 6175
f 6160 6161 6175
f 6175 6161 6176
f 6161 6167 6176
f 6176 6167 6177
f 6179 6170 6178
f 6178 6170 6175
f 6181 6182 6180
f 6180 6182 6183
f 6184 6185 6181
f 6181 6185 6182
f 6186 6187 6185
f 6185 6187 6182
f 6186 6188 6187
f 6187 6188 6189
f 6190 6183 6187
f 6187 6183 6182
f 6183 6190 6191
f 6191 6190 6192
f 6191 6193 6183
f 6183 6193 6180
f 6186 6185 6194
f 6194 6185 6184
f 6184 6172 6194
f 6194 6172 6171
f 6184 6195 6172
f 6172 6195 6173
f 6181 6196 6184
f 6184 6196 6195
f 6196 6181 6197
f 6197 6181 6180
f 6186 6194 6188
f 6188 6194 6179
f 6179 6194 6170
f 6170 6194 6171
f 6193 6198 6180
f 6180 6198 6197
f 6199 6196 6200
f 6200 6196 6197
f 6198 6201 6197
f 6197 6201 6200
f 6202 6199 6203
f 6203 6199 6200
f 6199 6202 6205
f 6205 6202 6204
f 6201 6206 6200
f 6200 6206 6203
f 6196 6199 6195
f 6195 6199 6205
f 6195 6205 6173
f 6173 6205 6174
f 6198 6193 6208
f 6208 6193 6207
f 6193 6191 6207
f 6207 6191 6192
f 6189 6188 6209
f 6209 6188 6179
f 6210 6189 6211
f 6211 6189 6209
f 6209 6179 6212
f 6212 6179 6178
f 6211 6209 6213
f 6213 6209 6212
f 6211 6214 6210
f 6210 6214 6215
f 6192 6215 6207
f 6207 6215 6214
f 6190 6187 6210
f 6210 6187 6189
f 6192 6190 6215
f 6215 6190 6210
f 6162 6164 6216
f 6216 6164 6174
f 6167 6163 6177
f 6177 6163 6217
f 6216 6217 6162
f 6162 6217 6163
f 6204 6218 6216
f 6216 6218 6217
f 6202 6219 6204
f 6204 6219 6218
f 6217 6218 6177
f 6177 6218 6220
f 6216 6174 6204
f 6204 6174 6205
f 6221 6176 6220
f 6220 6176 6177
f 6176 6221 6175
f 6175 6221 6178
f 6221 6222 6178
f 6178 6222 6212
f 6222 6221 6223
f 6223 6221 6220
f 6224 6222 6225
f 6225 6222 6223
f 6218 6219 6220
f 6220 6219 6223
f 6219 6226 6223
f 6223 6226 6225
f 6222 6224 6212
f 6212 6224 6213
f 6228 6213 6227
f 6227 6213 6224
f 6229 6227 6231
f 6231 6227 6230
f 6227 6224 6230
f 6230 6224 6225
f 6227 6229 6228
f 6228 6229 6208
f 6228 6208 6214
f 6214 6208 6207
f 6214 6211 6228
f 6228 6211 6213
f 6219 6202 6226
f 6226 6202 6203
f 6231 6226 6206
f 6206 6226 6203
f 6231 6230 6226
f 6226 6230 6225
f 6229 6231 6201
f 6201 6231 6206
f 6201 6198 6229
f 6229 6198 6208
f 5674 5672 5661
f 5661 5672 5662
f 5662 5672 5663
f 5663 5672 5646
f 5651 6042 5652
f 5652 6042 5973
f 5518 5517 5751
f 5751 5517 5733
f 5738 5660 5753
f 5753 5660 5637
f 5752 5636 5656
f 5656 5636 5526
f 5952 6042 5593
f 5593 6042 5651
f 5593 5651 5594
f 5594 5651 5650
f 5600 5737 5514
f 5514 5737 5515
f 5546 5545 5740
f 5740 5545 6232
f 6232 6058 5740
f 5740 6058 6057
f 6067 6058 6233
f 6233 6058 6232
f 6233 6232 6234
f 6234 6232 5545
f 6234 5545 6235
f 6235 5545 5544
f 5606 6236 5543
f 5543 6236 5544
f 6235 5544 5539
f 5539 5544 6236
f 6237 6235 5542
f 5542 6235 5539
f 6235 6237 6234
f 6234 6237 6238
f 6234 6238 6233
f 6233 6238 6239
f 5653 6068 5650
f 5650 6068 6239
f 5642 5513 6240
f 6240 5513 5516
f 5539 6236 5540
f 5540 6236 5606
f 5636 5614 5637
f 5637 5614 5753
f 6239 5737 5650
f 5650 5737 5594
f 6239 6068 6233
f 6233 6068 6067
f 6075 6074 6159
f 6159 6074 5655
f 6057 6159 5740
f 5740 6159 5655
f 5515 5737 6238
f 6238 5737 6239
f 6238 6237 5515
f 5515 6237 5516
f 5542 6240 6237
f 6237 6240 5516
f 6240 5542 5642
f 5642 5542 5541
f 5702 5699 5541
f 5541 5699 5642
f 5582 5475 5717
f 5470 5443 5537
f 5537 5443 5504
f 5469 5444 5470
f 5470 5444 5443
f 5726 5557 5727
f 5727 5557 5556
f 5537 5504 5511
f 5511 5504 5506
f 5504 5503 5506
f 5506 5503 5507
f 5503 5455 5507
f 5507 5455 5581
f 5455 5454 5581
f 5581 5454 5456
f 5473 5453 5474
f 5474 5453 5729
f 5457 5454 5473
f 5473 5454 5453
f 5473 5472 5457
f 5457 5472 5686
f 5472 5548 5686
f 5686 5548 5687
f 5749 5693 5548
f 5548 5693 5687
f 5715 5532 5749
f 5749 5532 5693
f 5714 5486 5715
f 5715 5486 5532
f 5714 5710 5486
f 5486 5710 5449
f 5728 5578 5729
f 5729 5578 5577
f 5452 5445 5698
f 5698 5445 5558
f 5445 5444 5558
f 5558 5444 5556
f 5444 5469 5556
f 5556 5469 5727
f 5469 5468 5727
f 5727 5468 5555
f 5468 5747 5555
f 5555 5747 5552
f 5747 5700 5552
f 5552 5700 5716
f 5700 5699 5716
f 5716 5699 5717
f 5699 5702 5717
f 5717 5702 5582
f 5702 5701 5582
f 5582 5701 5583
f 5726 5479 5557
f 5557 5479 5483
f 5483 5479 5484
f 5484 5479 5482
f 5534 5533 5482
f 5482 5533 5484
f 5691 5688 5534
f 5534 5688 5533
f 5644 5647 5691
f 5691 5647 5688
f 5719 5746 5701
f 5701 5746 5583
f 5718 5497 5719
f 5719 5497 5746
f 5718 5605 5654
f 5654 5605 5638
f 5498 5654 5657
f 5657 5654 5633
f 5497 5718 5498
f 5498 5718 5654
f 5657 5527 5498
f 5498 5527 5494
f 5528 5570 5495
f 5495 5570 5521
f 5665 5668 5528
f 5528 5668 5570
f 5664 5671 5665
f 5665 5671 5668
f 5645 5741 5664
f 5664 5741 5671
f 5644 5696 5645
f 5645 5696 5741
f 5710 5575 5449
f 5449 5575 5450
f 5575 5578 5450
f 5450 5578 5698
f 5578 5728 5698
f 5698 5728 5452
f 5452 5728 5451
f 5451 5728 5453
f 3619 6241 3620
f 3620 6241 6242
f 6243 6244 3628
f 3628 6244 3629
f 6245 6246 3634
f 3634 6246 3631
f 6247 6248 3636
f 3636 6248 3637
f 6249 6250 3642
f 3642 6250 3639
f 3639 6250 3643
f 3643 6250 6251
f 3743 6252 3744
f 3744 6252 6253
f 6246 6243 3631
f 3631 6243 3628
f 3753 6254 3754
f 3754 6254 6255
f 3857 6256 3619
f 3619 6256 6241
f 6257 6245 3932
f 3932 6245 3634
f 6242 6247 3620
f 3620 6247 3636
f 6258 6259 3946
f 3946 6259 3947
f 6260 6249 3948
f 3948 6249 3642
f 6244 6258 3629
f 3629 6258 3946
f 3947 6259 3753
f 3753 6259 6254
f 6248 6260 3637
f 3637 6260 3948
f 3643 6251 3743
f 3743 6251 6252
f 3744 6253 3932
f 3932 6253 6257
f 6250 6249 6251
f 6251 6249 6252
f 6245 6261 6246
f 6246 6261 6262
f 6263 6264 6247
f 6247 6264 6248
f 6252 6265 6253
f 6253 6265 6266
f 6246 6262 6243
f 6243 6262 6267
f 6268 6261 6257
f 6257 6261 6245
f 6269 6263 6242
f 6242 6263 6247
f 6270 6271 6260
f 6260 6271 6249
f 6264 6270 6248
f 6248 6270 6260
f 6253 6266 6257
f 6257 6266 6268
f 6249 6271 6252
f 6252 6271 6265
f 6254 6259 6272
f 6272 6259 6273
f 6266 6265 6270
f 6270 6265 6271
f 6268 6266 6264
f 6264 6266 6270
f 6261 6268 6263
f 6263 6268 6264
f 6269 6262 6263
f 6263 6262 6261
f 4186 4185 6274
f 6274 4185 6275
f 6241 6276 6242
f 6242 6276 6269
f 6258 6244 6277
f 6277 6244 6278
f 6256 6279 6241
f 6241 6279 6276
f 6259 6258 6273
f 6273 6258 6277
f 6243 6267 6244
f 6244 6267 6278
f 6276 6267 6269
f 6269 6267 6262
f 6254 6272 6255
f 6255 6272 6280
f 3865 3713 3888
f 3888 3713 3685
f 5242 5233 3892
f 3892 5233 3711
f 3900 5243 3892
f 3892 5243 5242
f 3734 3866 3900
f 3900 3866 5243
f 4117 6281 4118
f 4118 6281 6282
f 4118 6282 4278
f 4278 6282 4879
f 4717 4887 4718
f 4718 4887 4280
f 4792 4278 4882
f 4882 4278 4879
f 4795 4792 6283
f 6283 4792 4882
f 4852 4851 5012
f 5012 4851 6284
f 4856 5207 4857
f 4857 5207 4858
f 4860 4279 4857
f 4857 4279 4854
f 4718 4280 4860
f 4860 4280 4279
f 4864 4863 4745
f 4745 4863 4742
f 5366 4867 5011
f 5011 4867 4866
f 4871 4884 4872
f 4872 4884 4883
f 4872 4883 4117
f 4117 4883 6281
f 6284 4851 6283
f 6283 4851 4795
f 4852 4866 4853
f 4853 4866 4865
f 4871 4870 4856
f 4856 4870 5207
f 4717 4716 4864
f 4864 4716 4861
f 4868 4867 4862
f 4862 4867 4863
f 4268 4855 4269
f 4269 4855 4854
f 4281 4274 4282
f 4282 4274 4765
f 4744 4743 4907
f 4907 4743 4904
f 4874 4881 4820
f 4820 4881 4880
f 4885 5013 4886
f 4886 5013 4980
f 4888 4275 4281
f 4281 4275 4274
f 4902 6282 4903
f 4903 6282 6281
f 6283 4979 6284
f 6284 4979 4978
f 4282 4765 4269
f 4269 4765 4266
f 4880 4879 4902
f 4902 4879 6282
f 4903 6281 4886
f 4886 6281 4883
f 4882 4881 6283
f 6283 4881 4979
f 5013 4885 4267
f 4267 4885 4268
f 4888 4887 4744
f 4744 4887 4745
f 4410 6285 4411
f 4411 6285 4812
f 4750 4749 6286
f 6286 4749 6287
f 6289 4695 6288
f 6288 4695 4255
f 4750 4675 4751
f 4751 4675 4965
f 6290 6291 4963
f 4963 6291 4960
f 4807 4806 4411
f 4411 4806 4408
f 6292 6293 4959
f 4959 6293 4956
f 4958 6294 4959
f 4959 6294 4955
f 4962 4964 4963
f 4963 4964 4805
f 4962 4961 4751
f 4751 4961 4748
f 6296 6297 6295
f 6295 6297 6298
f 6299 6300 6288
f 6288 6300 4735
f 6302 4961 6301
f 6301 4961 4960
f 6304 6287 6303
f 6303 6287 4749
f 4968 6305 4969
f 4969 6305 6306
f 4413 6308 6307
f 6307 6308 4900
f 6301 4960 6309
f 6309 4960 6291
f 4412 4408 6310
f 6310 4408 4806
f 4696 6311 4256
f 4256 6311 6312
f 6303 4749 6313
f 6313 4749 4748
f 6313 4748 6302
f 6302 4748 4961
f 6315 6316 6314
f 6314 6316 6317
f 4084 6318 6315
f 6315 6318 6316
f 4083 6319 4084
f 4084 6319 6318
f 4112 6320 4083
f 4083 6320 6319
f 6322 4138 6321
f 6321 4138 4137
f 6324 4128 6323
f 6323 4128 4127
f 4127 4193 6323
f 6323 4193 6325
f 4193 4891 6325
f 6325 4891 6326
f 4891 6327 6326
f 6326 6327 6328
f 6327 4824 5227
f 5227 4824 5228
f 5231 4684 6329
f 6329 4684 4683
f 4683 4099 6329
f 6329 4099 6330
f 4099 4102 6330
f 6330 4102 6331
f 4174 4826 4429
f 4429 4826 4829
f 4173 4741 4174
f 4174 4741 4826
f 4180 4738 4173
f 4173 4738 4741
f 6332 6333 4180
f 4180 6333 4738
f 6274 6334 4186
f 4186 6334 4188
f 4181 4825 4180
f 4180 4825 6332
f 5044 5213 5045
f 5045 5213 5165
f 5046 5087 5047
f 5047 5087 5222
f 5077 5063 5078
f 5078 5063 5198
f 5081 5099 5082
f 5082 5099 5194
f 5095 5074 5096
f 5096 5074 5073
f 5373 5170 5096
f 5096 5170 5093
f 5375 5171 5373
f 5373 5171 5170
f 5047 5222 5375
f 5375 5222 5171
f 5046 5038 5376
f 5376 5038 5067
f 5377 5086 5376
f 5376 5086 5085
f 5045 5165 5377
f 5377 5165 5086
f 5378 5214 5044
f 5044 5214 5213
f 5077 5034 5378
f 5378 5034 5214
f 5082 5194 5078
f 5078 5194 5035
f 5081 5080 5379
f 5379 5080 6335
f 5379 6335 5095
f 5095 6335 5074
f 5032 5080 5033
f 5033 5080 5079
f 5040 5017 5041
f 5041 5017 5016
f 5050 5043 5051
f 5051 5043 5042
f 5065 5023 5066
f 5066 5023 5022
f 5050 5049 5065
f 5065 5049 5023
f 5041 5016 5068
f 5068 5016 5020
f 5071 5374 5072
f 5072 5374 5200
f 5075 5156 5076
f 5076 5156 5155
f 5162 5212 5068
f 5068 5212 5067
f 5075 5074 5192
f 5192 5074 6335
f 5066 5022 5199
f 5199 5022 5196
f 5076 5155 5072
f 5072 5155 5069
f 5040 5039 5071
f 5071 5039 5374
f 5162 5161 5051
f 5051 5161 5048
f 5192 6335 5032
f 5032 6335 5080
f 5199 5196 5033
f 5033 5196 5030
f 5018 5211 5019
f 5019 5211 5408
f 5019 5408 5021
f 5021 5408 5163
f 5024 5057 5025
f 5025 5057 5415
f 5028 5048 5029
f 5029 5048 5161
f 5054 5031 5055
f 5055 5031 5030
f 5024 5023 5058
f 5058 5023 5049
f 5061 5070 5062
f 5062 5070 5069
f 5157 5438 5158
f 5158 5438 5442
f 5160 5191 5054
f 5054 5191 5031
f 5029 5161 5021
f 5021 5161 5020
f 5025 5415 5197
f 5197 5415 5220
f 5158 5442 5062
f 5062 5442 5059
f 5018 5017 5061
f 5061 5017 5070
f 5160 5159 5157
f 5157 5159 5438
f 5028 5027 5058
f 5058 5027 5056
f 5055 5030 5197
f 5197 5030 5196
f 5409 5380 5410
f 5410 5380 6336
f 5026 5413 5027
f 5027 5413 5412
f 5396 5417 5393
f 5393 5417 5416
f 5416 5057 5419
f 5419 5057 5056
f 5417 5396 5426
f 5426 5396 5420
f 5427 5423 5428
f 5428 5423 5422
f 5427 5059 5430
f 5430 5059 5442
f 5409 5408 5433
f 5433 5408 5211
f 5433 5211 5428
f 5428 5211 5060
f 5412 5411 5419
f 5419 5411 5418
f 5436 5053 5437
f 5437 5053 5052
f 5439 5402 5440
f 5440 5402 5401
f 5436 5435 5439
f 5439 5435 5402
f 5410 6336 5413
f 5413 6336 5414
f 5440 5401 5430
f 5430 5401 5429
f 5426 5420 5437
f 5437 5420 5434
f 5382 5432 5383
f 5383 5432 5384
f 5386 6336 5383
f 5383 6336 5380
f 6336 5386 5414
f 5414 5386 5388
f 5391 5418 5392
f 5392 5418 5411
f 5705 5395 5704
f 5704 5395 5394
f 5399 5435 5400
f 5400 5435 5434
f 5403 5441 5404
f 5404 5441 5405
f 5407 5429 5404
f 5404 5429 5401
f 5395 5705 5421
f 5421 5705 5748
f 5424 5706 5425
f 5425 5706 5431
f 5391 5390 5394
f 5394 5390 5704
f 5392 5388 5389
f 5389 5388 5387
f 5382 5381 5425
f 5425 5381 5422
f 5407 5406 5424
f 5424 5406 5706
f 5403 5402 5399
f 5399 5402 5435
f 5421 5748 5400
f 5400 5748 5397
f 4097 4721 4098
f 4098 4721 4231
f 4233 5273 4098
f 4098 5273 4095
f 6337 6338 4785
f 4785 6338 4786
f 4076 4780 4073
f 4073 4780 4781
f 4782 4190 4781
f 4781 4190 4073
f 4783 4901 4782
f 4782 4901 4190
f 4780 4076 4097
f 4097 4076 4721
f 6337 2879 4701
f 4701 2879 2878
f 5280 6339 5272
f 5272 6339 6340
f 5282 5281 6341
f 6341 5281 6342
f 4109 6302 4110
f 4110 6302 6301
f 4283 6304 4284
f 4284 6304 6303
f 6305 4379 6306
f 6306 4379 4378
f 4110 6301 4428
f 4428 6301 6309
f 6310 4688 4412
f 4412 4688 4687
f 4284 6303 4753
f 4753 6303 6313
f 4753 6313 4109
f 4109 6313 6302
f 6343 5226 4428
f 4428 5226 4427
f 4147 4900 4416
f 4416 4900 6308
f 6312 6311 4241
f 4241 6311 4720
f 5223 6344 4702
f 4702 6344 4699
f 4221 4220 6345
f 6345 4220 6346
f 5276 5275 6347
f 6347 5275 6348
f 5275 4728 6348
f 6348 4728 6349
f 4727 6350 5284
f 5284 6350 5285
f 6351 6352 6354
f 6354 6352 6353
f 5313 5312 5292
f 5292 5312 5293
f 5312 5344 5293
f 5293 5344 5337
f 5344 4914 5337
f 5337 4914 4916
f 4914 4913 4916
f 4916 4913 4917
f 4913 6355 4917
f 4917 6355 4978
f 6356 6357 6284
f 6284 6357 5012
f 6357 6358 5012
f 5012 6358 5011
f 5011 6358 5366
f 5366 6358 6359
f 6360 4742 6359
f 6359 4742 5366
f 4743 6361 4904
f 4904 6361 5364
f 5363 4905 5364
f 5364 4905 4904
f 5363 6362 4905
f 4905 6362 4207
f 6362 6363 4207
f 4207 6363 4208
f 6363 5342 4208
f 4208 5342 5330
f 5342 5341 5330
f 5330 5341 4244
f 5341 6364 4244
f 4244 6364 4245
f 6364 6365 4245
f 4245 6365 4246
f 6366 6367 4253
f 4253 6367 4250
f 4214 6368 4211
f 4211 6368 4380
f 4380 4379 4211
f 4211 4379 4283
f 4379 6305 4283
f 4283 6305 6304
f 6305 4968 6304
f 6304 4968 6287
f 4968 4967 6287
f 6287 4967 6286
f 4967 6297 6286
f 6286 6297 4676
f 6296 4376 4288
f 4288 4376 4285
f 4376 4373 4285
f 4285 4373 4290
f 6369 6370 6372
f 6372 6370 6371
f 5245 6373 5246
f 5246 6373 6374
f 4317 6375 4318
f 4318 6375 6376
f 4331 6377 4332
f 4332 6377 6378
f 6379 4333 6376
f 6376 4333 4318
f 4343 6380 4344
f 4344 6380 6381
f 4347 6382 4348
f 4348 6382 6383
f 4374 6371 4331
f 4331 6371 6377
f 4333 6379 4426
f 4426 6379 6384
f 4690 6385 4347
f 4347 6385 6382
f 4332 6378 4317
f 4317 6378 6375
f 4922 6386 4923
f 4923 6386 6387
f 6388 6389 4375
f 4375 6389 6390
f 6355 6356 4978
f 4978 6356 6284
f 4742 6360 4743
f 4743 6360 6361
f 6391 4238 6392
f 6392 4238 4719
f 6392 4719 6393
f 6393 4719 5296
f 6395 6396 6394
f 6394 6396 6397
f 6399 6400 6398
f 6398 6400 6401
f 6402 5302 6403
f 6403 5302 5303
f 5303 5321 6403
f 6403 5321 6404
f 5320 6405 5321
f 5321 6405 6404
f 5319 6406 5350
f 5350 6406 5351
f 5319 5318 6406
f 6406 5318 6407
f 5288 4197 6408
f 6408 4197 6409
f 4217 4216 6410
f 6410 4216 6411
f 5227 6412 6327
f 6327 6412 6328
f 4892 6413 5227
f 5227 6413 6412
f 4228 6414 4892
f 4892 6414 6413
f 4227 6415 4228
f 4228 6415 6414
f 4248 6416 4227
f 4227 6416 6415
f 4247 6417 4248
f 4248 6417 6416
f 6417 4247 6419
f 6419 4247 6418
f 6419 6418 6421
f 6421 6418 6420
f 6422 5301 6423
f 6423 5301 5300
f 6423 5300 6424
f 6424 5300 6399
f 6408 6409 6398
f 6398 6409 6425
f 6426 6427 6397
f 6397 6427 6394
f 6428 4224 6429
f 6429 4224 4223
f 6347 6346 5276
f 5276 6346 4220
f 6346 6347 6341
f 6341 6347 6339
f 5280 5278 5282
f 5282 5278 4236
f 4896 5224 4684
f 4684 5224 4681
f 4132 4135 4896
f 4896 4135 5224
f 4131 4136 4132
f 4132 4136 4135
f 4226 4754 4131
f 4131 4754 4136
f 4251 4213 4226
f 4226 4213 4754
f 4250 4214 4251
f 4251 4214 4213
f 4250 6367 4214
f 4214 6367 6368
f 6367 4910 6368
f 6368 4910 4737
f 4909 5297 4736
f 4736 5297 5296
f 5297 6395 5296
f 5296 6395 6393
f 6427 6430 6394
f 6394 6430 6431
f 6429 4383 6428
f 6428 4383 4382
f 4219 5277 4220
f 4220 5277 5276
f 4222 4697 4383
f 4383 4697 4218
f 6345 4699 4221
f 4221 4699 6344
f 6342 4700 6345
f 6345 4700 4699
f 4235 4786 5281
f 5281 4786 6338
f 4234 4787 4235
f 4235 4787 4786
f 5279 5278 6432
f 6432 5278 5271
f 4237 5279 6433
f 6433 5279 6432
f 4787 4234 6433
f 6433 4234 4237
f 6435 6436 6434
f 6434 6436 6437
f 6359 6438 6360
f 6360 6438 6437
f 6439 6440 6441
f 6441 6440 6438
f 6443 6439 6442
f 6442 6439 6441
f 6357 6356 6442
f 6442 6356 6444
f 6444 6446 6445
f 6445 6446 6447
f 4912 6446 4913
f 4913 6446 6355
f 6361 6436 5364
f 5364 6436 5365
f 5319 5350 5316
f 5316 5350 6448
f 4832 6449 5350
f 5350 6449 6448
f 4831 6450 4832
f 4832 6450 6449
f 5354 6451 5320
f 5320 6451 6405
f 4265 6452 5354
f 5354 6452 6451
f 4264 6453 4265
f 4265 6453 6452
f 6450 4831 6447
f 6447 4831 6445
f 4263 6435 4264
f 4264 6435 6434
f 6454 6453 6439
f 6439 6453 6440
f 6439 6443 6454
f 6454 6443 4834
f 4833 6455 4834
f 4834 6455 6454
f 5351 6456 4833
f 4833 6456 6455
f 6457 6391 6458
f 6458 6391 6392
f 6458 6392 6431
f 6431 6392 6393
f 5298 6396 5297
f 5297 6396 6395
f 6402 6400 5302
f 5302 6400 5299
f 6402 6403 6459
f 6459 6403 6460
f 6460 6403 6461
f 6461 6403 6404
f 6405 6462 6404
f 6404 6462 6461
f 6406 6462 5351
f 5351 6462 6456
f 6406 6407 6462
f 6462 6407 6461
f 6407 6463 6461
f 6461 6463 6460
f 6463 6464 6460
f 6460 6464 6459
f 6464 6465 6459
f 6459 6465 6401
f 6430 6466 6431
f 6431 6466 6458
f 6466 6410 6458
f 6458 6410 6457
f 6410 6411 6457
f 6457 6411 6467
f 6396 6424 6397
f 6397 6424 6425
f 6393 6395 6431
f 6431 6395 6394
f 6451 6456 6405
f 6405 6456 6462
f 6452 6455 6451
f 6451 6455 6456
f 6453 6454 6452
f 6452 6454 6455
f 6443 6445 4834
f 4834 6445 4831
f 6440 6453 6434
f 6434 6453 4264
f 6468 5306 5360
f 5360 5306 5305
f 6469 4124 6468
f 6468 4124 5306
f 6470 4125 6469
f 6469 4125 4124
f 6471 5291 6470
f 6470 5291 4125
f 6353 5292 6471
f 6471 5292 5291
f 5292 6353 5313
f 5313 6353 6352
f 5347 5314 6352
f 6352 5314 5313
f 5353 5318 5346
f 5346 5318 5317
f 5334 6468 5358
f 5358 6468 5360
f 5324 6469 5334
f 5334 6469 6468
f 5323 6470 5324
f 5324 6470 6469
f 5343 6471 5323
f 5323 6471 6470
f 6354 6353 5343
f 5343 6353 6471
f 6348 6349 4270
f 4270 6349 5311
f 5272 6340 5273
f 5273 6340 4272
f 6432 5271 4232
f 4232 5271 4233
f 4294 6432 4295
f 4295 6432 4232
f 6432 4294 6433
f 6433 4294 4301
f 4301 4300 6433
f 6433 4300 4787
f 4704 4784 4300
f 4300 4784 4787
f 4704 3013 4784
f 4784 3013 1307
f 5103 6472 5104
f 5104 6472 5202
f 5108 5116 5105
f 5105 5116 5115
f 5111 5124 5112
f 5112 5124 5123
f 5154 5205 5105
f 5105 5205 5106
f 5167 5180 5168
f 5168 5180 5185
f 5175 5188 5176
f 5176 5188 5187
f 5112 5123 5178
f 5178 5123 5120
f 5167 5090 5183
f 5183 5090 5089
f 5210 5151 5183
f 5183 5151 5181
f 5216 5138 5217
f 5217 5138 5137
f 5218 5119 5219
f 5219 5119 5221
f 5218 5178 5119
f 5119 5178 5120
f 5217 5137 5104
f 5104 5137 5101
f 5116 5108 5221
f 5221 5108 5219
f 5111 5110 5210
f 5210 5110 5151
f 5154 5153 5103
f 5103 5153 6472
f 5216 5215 5176
f 5176 5215 5173
f 5175 5174 5168
f 5168 5174 5166
f 5091 5172 5092
f 5092 5172 5208
f 5117 5037 5118
f 5118 5037 5036
f 5121 5164 5122
f 5122 5164 5133
f 5125 5084 5126
f 5126 5084 5083
f 5129 5174 5130
f 5130 5174 5173
f 5131 5202 5132
f 5132 5202 6472
f 5135 5221 5122
f 5122 5221 5119
f 5125 5124 5136
f 5136 5124 5209
f 5126 5083 5121
f 5121 5083 5164
f 5118 5036 5195
f 5195 5036 5193
f 5131 5097 5203
f 5203 5097 5114
f 5132 6472 5195
f 5195 6472 5153
f 5136 5209 5092
f 5092 5209 5089
f 5135 5134 5117
f 5117 5134 5037
f 5362 5206 5130
f 5130 5206 5127
f 5372 5371 5128
f 5128 5371 5129
f 5371 5372 5091
f 5091 5372 5172
f 5362 5215 5203
f 5203 5215 5201
f 6463 6407 5353
f 5353 6407 5318
f 6464 6463 5352
f 5352 6463 5353
f 6408 6465 5288
f 5288 6465 5289
f 4196 4224 6426
f 6426 4224 6427
f 6430 6427 6428
f 6428 6427 4224
f 6466 6430 4382
f 4382 6430 6428
f 6410 6466 4217
f 4217 6466 4382
f 4240 4239 3015
f 3015 4239 3016
f 4254 4257 3017
f 3017 4257 3018
f 6473 6474 4732
f 4732 6474 6475
f 6474 6374 6475
f 6475 6374 6373
f 5246 6374 3022
f 3022 6374 3023
f 4254 6299 4255
f 4255 6299 6288
f 6473 6300 3024
f 3024 6300 3025
f 6476 4257 6312
f 6312 4257 4256
f 4240 6476 4241
f 4241 6476 6312
f 6477 4239 6391
f 6391 4239 4238
f 6467 6477 6457
f 6457 6477 6391
f 6411 3029 6467
f 6467 3029 3028
f 4216 3030 6411
f 6411 3030 3029
f 6479 6480 6478
f 6478 6480 6481
f 6483 6484 6482
f 6482 6484 6485
f 6486 6487 4102
f 4102 6487 6331
f 6483 6488 6478
f 6478 6488 6489
f 4429 4829 6490
f 6490 4829 6479
f 6491 6486 4101
f 4101 6486 4102
f 4895 6491 4899
f 4899 6491 4101
f 4160 6488 4157
f 4157 6488 6492
f 6489 4087 6490
f 6490 4087 4090
f 4267 4261 5013
f 5013 4261 4260
f 4258 4261 5328
f 5328 4261 4975
f 4261 4267 4975
f 4975 4267 4266
f 5367 3793 3912
f 3912 3793 3575
f 6494 3616 6493
f 6493 3616 3795
f 6496 3589 6495
f 6495 3589 3588
f 6495 3588 5368
f 5368 3588 3794
f 3841 3840 3050
f 3050 3840 3051
f 3912 3911 3052
f 3052 3911 3053
f 3929 3930 3054
f 3054 3930 3055
f 5370 3930 3916
f 3916 3930 3923
f 3938 5369 3807
f 3807 5369 3915
f 3589 6496 3806
f 3806 6496 3937
f 3938 3937 3056
f 3056 3937 3057
f 3051 3840 3058
f 3058 3840 3943
f 3730 4808 3727
f 3727 4808 3943
f 3820 3951 3795
f 3795 3951 6493
f 3951 3841 3059
f 3059 3841 3050
f 3911 3574 6494
f 6494 3574 3616
f 3823 3929 3824
f 3824 3929 3952
f 4061 4060 3060
f 3060 4060 3061
f 6497 6498 4901
f 4901 6498 4790
f 6333 6499 4738
f 4738 6499 4739
f 6500 6501 6314
f 6314 6501 4418
f 6502 6275 4417
f 4417 6275 4185
f 6503 6497 4783
f 4783 6497 4901
f 6498 4060 4790
f 4790 4060 4059
f 4808 4061 3069
f 3069 4061 3060
f 5367 3071 5368
f 5368 3071 3070
f 5369 3073 5370
f 5370 3073 3072
f 6274 6275 3074
f 3074 6275 3075
f 6499 6504 4739
f 4739 6504 6317
f 6333 6332 3077
f 3077 6332 3078
f 6334 6274 3079
f 3079 6274 3074
f 6332 4825 3078
f 3078 4825 3080
f 6334 6503 4188
f 4188 6503 4783
f 4825 4689 3080
f 3080 4689 1330
f 6506 4747 6505
f 6505 4747 4746
f 6505 6507 6506
f 6506 6507 6508
f 4297 6509 4920
f 4920 6509 6510
f 4296 6511 4297
f 4297 6511 6509
f 6506 6508 4319
f 4319 6508 6512
f 4372 4371 6514
f 6514 4371 6513
f 6511 4296 5251
f 5251 4296 4305
f 5251 5250 6511
f 6511 5250 6515
f 6516 6509 6515
f 6515 6509 6511
f 6517 6507 6519
f 6519 6507 6518
f 6512 6520 6513
f 6513 6520 6514
f 6507 6517 6508
f 6508 6517 6521
f 5249 6523 6522
f 6522 6523 6524
f 6525 6370 5253
f 5253 6370 6526
f 4370 4323 4371
f 4371 4323 4326
f 4370 3103 4323
f 4323 3103 1541
f 6521 6517 6527
f 6527 6517 6519
f 6520 6528 6514
f 6514 6528 6529
f 6531 6532 6530
f 6530 6532 6533
f 5250 6534 6515
f 6515 6534 6535
f 6530 6533 6536
f 6536 6533 6537
f 6526 6538 6534
f 6534 6538 6537
f 6515 6535 6516
f 6516 6535 6539
f 4325 4321 4326
f 4326 4321 4320
f 4371 4326 6513
f 6513 4326 4320
f 6531 4731 6541
f 6541 4731 6540
f 4731 4730 6540
f 6540 4730 6542
f 4730 3121 6542
f 6542 3121 3120
f 6530 4328 6531
f 6531 4328 4731
f 4328 6530 4329
f 4329 6530 6536
f 4329 6536 6524
f 6524 6536 6543
f 6544 6545 6522
f 6522 6545 5248
f 6389 6388 5245
f 5245 6388 6373
f 6388 6546 6373
f 6373 6546 6475
f 4733 6546 6295
f 6295 6546 4377
f 4732 6475 4733
f 4733 6475 6546
f 4393 4432 4394
f 4394 4432 4435
f 4434 4672 4842
f 4842 4672 4671
f 4440 4439 4441
f 4441 4439 4438
f 4436 4450 4437
f 4437 4450 4398
f 4447 4444 4448
f 4448 4444 4392
f 4446 4464 4433
f 4433 4464 6547
f 4454 4423 4455
f 4455 4423 4422
f 4452 4481 4453
f 4453 4481 4480
f 4458 4389 4459
f 4459 4389 4388
f 4456 4471 4457
f 4457 4471 4468
f 4391 4460 4392
f 4392 4460 4448
f 4461 4467 4445
f 4445 4467 4465
f 4437 4398 4629
f 4629 4398 4397
f 4438 4628 4441
f 4441 4628 4631
f 4841 4629 4839
f 4839 4629 4397
f 4628 4842 4631
f 4631 4842 4671
f 4930 4989 4452
f 4452 4989 4481
f 4929 4927 4436
f 4436 4927 4450
f 4933 4387 4934
f 4934 4387 4386
f 4931 4475 4932
f 4932 4475 4474
f 4936 4449 4933
f 4933 4449 4387
f 4935 4472 4456
f 4456 4472 4471
f 4389 4458 4391
f 4391 4458 4460
f 4457 4468 4461
f 4461 4468 4467
f 4934 4386 4454
f 4454 4386 4423
f 4453 4480 4931
f 4931 4480 4475
f 4575 4997 4576
f 4576 4997 4639
f 4579 4596 4580
f 4580 4596 4595
f 4583 4582 4572
f 4572 4582 4569
f 4587 4944 4588
f 4588 4944 4562
f 4588 4562 4590
f 4590 4562 4561
f 4576 4639 4642
f 4642 4639 4638
f 4642 4845 4641
f 4641 4845 4846
f 4845 4590 4846
f 4846 4590 4561
f 4941 4938 4595
f 4595 4938 4580
f 4938 4940 4668
f 4668 4940 4669
f 4583 4942 4584
f 4584 4942 4947
f 4582 4587 4569
f 4569 4587 4586
f 5000 5001 4579
f 4579 5001 4596
f 4558 4560 4585
f 4585 4560 4586
f 4565 4639 4566
f 4566 4639 4997
f 4568 4567 4577
f 4577 4567 4578
f 4570 4554 4571
f 4571 4554 4556
f 4640 4565 4637
f 4637 4565 4546
f 4662 4664 4665
f 4665 4664 4844
f 4662 4558 4589
f 4589 4558 4585
f 4554 4570 4557
f 4557 4570 4560
f 4571 4667 4572
f 4572 4667 4943
f 4551 4670 4552
f 4552 4670 4666
f 4640 4664 4638
f 4638 4664 4663
f 4670 4568 4668
f 4668 4568 4577
f 4999 4996 4566
f 4566 4996 4543
f 4608 4564 4603
f 4603 4564 4563
f 4573 4593 4574
f 4574 4593 4592
f 4597 4614 4598
f 4598 4614 4613
f 4601 4600 4584
f 4584 4600 4581
f 4563 4562 4604
f 4604 4562 4944
f 4643 4593 4641
f 4641 4593 4573
f 4643 4847 4644
f 4644 4847 4848
f 4564 4847 4561
f 4561 4847 4846
f 4945 4941 4598
f 4598 4941 4595
f 4941 4945 4939
f 4939 4945 4946
f 4601 4948 4602
f 4602 4948 4620
f 4600 4604 4581
f 4581 4604 4944
f 5002 5003 4597
f 4597 5003 4614
f 4988 4759 4953
f 4953 4759 4402
f 4706 6548 4707
f 4707 6548 6549
f 4311 4928 4419
f 4419 4928 6550
f 4921 4920 6551
f 6551 4920 6552
f 4925 6553 4926
f 4926 6553 6554
f 4928 4921 4802
f 4802 4921 6551
f 6555 4985 6550
f 6550 4985 4419
f 4952 6556 4953
f 4953 6556 4649
f 4971 6557 4706
f 4706 6557 6548
f 4988 4648 4925
f 4925 4648 6553
f 4707 6549 5006
f 5006 6549 4987
f 4920 6510 6552
f 6552 6510 6518
f 6558 6510 6516
f 6516 6510 6509
f 6559 6558 6539
f 6539 6558 6516
f 6531 6541 6532
f 6532 6541 6560
f 6540 6561 6541
f 6541 6561 6529
f 6542 6562 6540
f 6540 6562 6561
f 6542 3120 6562
f 6562 3120 3142
f 4366 6563 4760
f 4760 6563 4970
f 4815 6564 4816
f 4816 6564 6565
f 3147 3146 6565
f 6565 3146 4816
f 6564 6563 6565
f 6565 6563 6566
f 4837 4385 4357
f 4357 4385 4358
f 6565 6566 3147
f 3147 6566 3149
f 4694 1209 3150
f 5247 5249 5248
f 5248 5249 6522
f 6372 6390 6545
f 6545 6390 6389
f 6375 5254 6376
f 6376 5254 5258
f 6377 6525 6378
f 6378 6525 5255
f 5260 6379 5258
f 5258 6379 6376
f 6380 6567 6381
f 6381 6567 6568
f 6382 6569 6383
f 6383 6569 6570
f 6377 6371 6525
f 6525 6371 6370
f 6379 5260 6384
f 6384 5260 6571
f 6385 6572 6382
f 6382 6572 6569
f 6378 5255 6375
f 6375 5255 5254
f 6386 6573 6387
f 6387 6573 6574
f 6545 6389 5248
f 5248 6389 5245
f 4675 4750 4676
f 4676 4750 6286
f 4734 6289 4735
f 4735 6289 6288
f 4804 6290 4805
f 4805 6290 4963
f 4811 4807 4812
f 4812 4807 4411
f 4954 6292 4955
f 4955 6292 4959
f 4964 4962 4965
f 4965 4962 4751
f 6285 4821 4812
f 4812 4821 4809
f 4675 4287 4965
f 4965 4287 4210
f 6294 4145 4955
f 4955 4145 4154
f 4964 4120 4805
f 4805 4120 4119
f 6298 4966 4734
f 4734 4966 6289
f 6300 6473 4735
f 4735 6473 4732
f 6297 6296 4676
f 4676 6296 4288
f 6523 3160 4330
f 4330 3160 3159
f 5253 5252 6525
f 6525 5252 5255
f 5256 5252 4305
f 4305 5252 5251
f 4304 5257 4305
f 4305 5257 5256
f 4424 5259 4304
f 4304 5259 5257
f 5261 6571 5259
f 5259 6571 5260
f 5262 6573 5261
f 5261 6573 6571
f 5264 6567 5265
f 5265 6567 6574
f 5266 6572 5267
f 5267 6572 6568
f 5268 6570 5269
f 5269 6570 6569
f 1807 3161 5268
f 5268 3161 6570
f 6524 6523 4329
f 4329 6523 4330
f 5253 6526 5250
f 5250 6526 6534
f 6543 6538 6544
f 6544 6538 6369
f 6524 6543 6522
f 6522 6543 6544
f 3071 5367 3052
f 3052 5367 3912
f 6493 3163 6494
f 6494 3163 3162
f 3164 445 3771
f 3771 445 3761
f 461 3165 3919
f 3919 3165 3920
f 330 410 3839
f 3839 410 3910
f 332 331 3552
f 3552 331 3551
f 464 304 3918
f 3918 304 3816
f 385 458 3766
f 3766 458 3894
f 412 415 3762
f 3762 415 3763
f 3166 337 3748
f 3748 337 3745
f 3072 3055 5370
f 5370 3055 3930
f 3073 5369 3056
f 3056 5369 3938
f 3167 3057 6496
f 6496 3057 3937
f 3069 3058 4808
f 4808 3058 3943
f 411 3166 3851
f 3851 3166 3748
f 3059 3163 3951
f 3951 3163 6493
f 336 3164 3772
f 3772 3164 3771
f 3053 3911 3162
f 3162 3911 6494
f 3054 3168 3929
f 3929 3168 3952
f 3165 830 3920
f 3920 830 3945
f 3170 3169 6497
f 6497 3169 6498
f 3171 1354 5005
f 5005 1354 4830
f 3172 3170 6503
f 6503 3170 6497
f 3169 3061 6498
f 6498 3061 4060
f 3173 3171 5006
f 5006 3171 5005
f 3079 3172 6334
f 6334 3172 6503
f 3174 3025 6299
f 6299 3025 6300
f 6576 6577 6575
f 6575 6577 6578
f 4612 4611 6579
f 6579 4611 6580
f 6582 6583 6581
f 6581 6583 6584
f 6584 6585 4618
f 4618 6585 4621
f 6586 6587 6589
f 6589 6587 6588
f 6588 6587 6590
f 6590 6587 6591
f 6592 4606 6590
f 6590 4606 4623
f 6594 6576 6593
f 6593 6576 6575
f 6595 6582 6579
f 6579 6582 6581
f 6580 6597 6596
f 6596 6597 6598
f 6577 6576 6599
f 6599 6576 6600
f 6595 6596 6601
f 6601 6596 6602
f 6583 6582 6603
f 6603 6582 6604
f 6586 6606 6605
f 6605 6606 6607
f 6587 6586 6608
f 6608 6586 6605
f 6587 6608 6591
f 6591 6608 6609
f 6576 6594 6600
f 6600 6594 6610
f 6582 6595 6604
f 6604 6595 6601
f 6599 6611 6577
f 6577 6611 6598
f 6613 6614 6612
f 6612 6614 6615
f 6617 6618 6616
f 6616 6618 6619
f 6621 6622 6620
f 6620 6622 6623
f 6625 6626 6624
f 6624 6626 6627
f 6629 6630 6628
f 6628 6630 6631
f 6633 6634 6632
f 6632 6634 6635
f 6637 6638 6636
f 6636 6638 6639
f 6640 6641 6637
f 6637 6641 6638
f 6643 6633 6642
f 6642 6633 6632
f 6645 6646 6644
f 6644 6646 6647
f 6646 6648 6647
f 6647 6648 6649
f 6651 6652 6650
f 6650 6652 6653
f 6653 6652 6654
f 6654 6652 6655
f 6656 6657 6659
f 6659 6657 6658
f 6661 6662 6660
f 6660 6662 6663
f 6662 6661 6664
f 6664 6661 6665
f 6667 6657 6666
f 6666 6657 6656
f 6669 6670 6668
f 6668 6670 6671
f 6672 6673 6670
f 6670 6673 6671
f 6674 6675 6677
f 6677 6675 6676
f 6675 6678 6676
f 6676 6678 6679
f 6681 6682 6680
f 6680 6682 6683
f 6684 6685 6683
f 6683 6685 6680
f 6687 6688 6686
f 6686 6688 6689
f 6687 6690 6688
f 6688 6690 6691
f 6619 6618 6633
f 6633 6618 6634
f 6632 6635 6693
f 6693 6635 6692
f 6617 6694 6636
f 6636 6694 6637
f 6695 6692 6639
f 6639 6692 6635
f 6637 6694 6640
f 6640 6694 6696
f 6698 6638 6697
f 6697 6638 6641
f 6643 6616 6633
f 6633 6616 6619
f 6642 6699 6641
f 6641 6699 6697
f 6646 6645 6700
f 6700 6645 6621
f 6644 6701 6654
f 6654 6701 6702
f 6700 6703 6646
f 6646 6703 6648
f 6693 6704 6649
f 6649 6704 6647
f 6620 6623 6651
f 6651 6623 6652
f 6693 6649 6699
f 6699 6649 6650
f 6652 6623 6655
f 6655 6623 6622
f 6654 6702 6653
f 6653 6702 6697
f 6615 6614 6657
f 6657 6614 6658
f 6705 6656 6704
f 6704 6656 6659
f 6613 6706 6660
f 6660 6706 6661
f 6704 6659 6701
f 6701 6659 6663
f 6661 6706 6665
f 6665 6706 6707
f 6708 6702 6664
f 6664 6702 6662
f 6612 6615 6667
f 6667 6615 6657
f 6666 6709 6664
f 6664 6709 6708
f 6629 6710 6669
f 6669 6710 6670
f 6668 6711 6679
f 6679 6711 6712
f 6713 6672 6710
f 6710 6672 6670
f 6714 6671 6705
f 6705 6671 6673
f 6628 6631 6674
f 6674 6631 6675
f 6705 6673 6709
f 6709 6673 6677
f 6631 6630 6675
f 6675 6630 6678
f 6712 6708 6679
f 6679 6708 6676
f 6625 6715 6682
f 6682 6715 6683
f 6716 6717 6681
f 6681 6717 6691
f 6718 6684 6715
f 6715 6684 6683
f 6719 6680 6714
f 6714 6680 6685
f 6624 6627 6686
f 6686 6627 6687
f 6689 6711 6685
f 6685 6711 6714
f 6627 6626 6687
f 6687 6626 6690
f 6717 6712 6691
f 6691 6712 6688
f 6612 6707 6613
f 6613 6707 6706
f 6616 6696 6617
f 6617 6696 6694
f 6703 6700 6620
f 6620 6700 6621
f 6715 6625 6718
f 6718 6625 6624
f 6710 6629 6713
f 6713 6629 6628
f 6639 6635 6636
f 6636 6635 6634
f 6641 6640 6642
f 6642 6640 6643
f 6654 6655 6644
f 6644 6655 6645
f 6651 6650 6648
f 6648 6650 6649
f 6659 6658 6663
f 6663 6658 6660
f 6665 6667 6664
f 6664 6667 6666
f 6678 6669 6679
f 6679 6669 6668
f 6673 6672 6677
f 6677 6672 6674
f 6690 6682 6691
f 6691 6682 6681
f 6685 6684 6689
f 6689 6684 6686
f 6636 6634 6617
f 6617 6634 6618
f 6638 6698 6639
f 6639 6698 6695
f 6640 6696 6643
f 6643 6696 6616
f 6693 6699 6632
f 6632 6699 6642
f 6655 6622 6645
f 6645 6622 6621
f 6704 6701 6647
f 6647 6701 6644
f 6651 6648 6620
f 6620 6648 6703
f 6650 6653 6699
f 6699 6653 6697
f 6613 6660 6614
f 6614 6660 6658
f 6663 6662 6701
f 6701 6662 6702
f 6665 6707 6667
f 6667 6707 6612
f 6705 6709 6656
f 6656 6709 6666
f 6630 6629 6678
f 6678 6629 6669
f 6714 6711 6671
f 6671 6711 6668
f 6672 6713 6674
f 6674 6713 6628
f 6677 6676 6709
f 6709 6676 6708
f 6626 6625 6690
f 6690 6625 6682
f 6680 6719 6681
f 6681 6719 6716
f 6684 6718 6686
f 6686 6718 6624
f 6711 6689 6712
f 6689 6688 6712
f 6593 6720 6594
f 6594 6720 6721
f 6722 6720 4607
f 4607 6720 4849
f 6592 6723 6722
f 6722 6723 6724
f 4610 4609 6578
f 6578 4609 6575
f 6596 6595 6580
f 6580 6595 6579
f 4618 4617 6584
f 6584 4617 6581
f 6589 6585 6586
f 6586 6585 6606
f 4622 4619 6588
f 6588 4619 6589
f 4622 6588 4623
f 4623 6588 6590
f 4609 4645 6575
f 6575 4645 6593
f 4617 4612 6581
f 6581 4612 6579
f 5004 4610 6597
f 6597 4610 6578
f 4645 4849 6593
f 6593 4849 6720
f 6724 6721 6722
f 6722 6721 6720
f 6722 4607 6592
f 6592 4607 4606
f 6725 6610 6721
f 6721 6610 6594
f 6723 6726 6724
f 6724 6726 6727
f 6727 6725 6724
f 6724 6725 6721
f 6728 6729 6605
f 6605 6729 6608
f 6605 6607 6728
f 6728 6607 6730
f 6731 6732 6604
f 6604 6732 6603
f 6733 6734 6725
f 6725 6734 6610
f 6735 6733 6727
f 6727 6733 6725
f 6735 6727 6736
f 6736 6727 6726
f 6591 6609 6723
f 6723 6609 6726
f 6723 6592 6591
f 6591 6592 6590
f 6738 6739 6737
f 6737 6739 6740
f 6740 6739 6742
f 6742 6739 6741
f 6743 6744 6741
f 6741 6744 6742
f 6745 6746 6743
f 6743 6746 6744
f 6747 6748 6745
f 6745 6748 6746
f 6749 6750 6747
f 6747 6750 6748
f 6752 6738 6751
f 6751 6738 6737
f 6754 6752 6753
f 6753 6752 6751
f 6756 6754 6755
f 6755 6754 6753
f 6758 6750 6757
f 6757 6750 6749
f 6760 6756 6759
f 6759 6756 6755
f 6762 6760 6761
f 6761 6760 6759
f 6764 6762 6763
f 6763 6762 6761
f 6757 6764 6758
f 6758 6764 6763
f 6766 6741 6765
f 6765 6741 6739
f 6767 6743 6766
f 6766 6743 6741
f 6768 6745 6767
f 6767 6745 6743
f 6769 6747 6768
f 6768 6747 6745
f 6770 6749 6769
f 6769 6749 6747
f 6772 6769 6771
f 6771 6769 6768
f 6773 6770 6772
f 6772 6770 6769
f 6774 6775 6772
f 6772 6775 6773
f 6777 6778 6776
f 6776 6778 6779
f 6775 6774 6778
f 6778 6774 6779
f 6771 6780 6772
f 6772 6780 6774
f 6780 6781 6774
f 6774 6781 6779
f 6781 6782 6779
f 6779 6782 6776
f 6784 6785 6783
f 6783 6785 6786
f 6786 6787 6783
f 6783 6787 6788
f 6790 6788 6789
f 6789 6788 6787
f 6786 6785 6791
f 6791 6785 6792
f 6791 6793 6786
f 6786 6793 6787
f 6793 6794 6787
f 6787 6794 6789
f 6795 6796 6794
f 6794 6796 6789
f 6790 6789 6797
f 6797 6789 6796
f 6798 6765 6738
f 6738 6765 6739
f 6799 6798 6752
f 6752 6798 6738
f 6767 6800 6768
f 6768 6800 6771
f 6766 6801 6767
f 6767 6801 6800
f 6802 6801 6765
f 6765 6801 6766
f 6798 6803 6765
f 6765 6803 6802
f 6804 6803 6799
f 6799 6803 6798
f 6805 6806 6804
f 6804 6806 6803
f 6807 6799 6754
f 6754 6799 6752
f 6808 6804 6807
f 6807 6804 6799
f 6809 6805 6808
f 6808 6805 6804
f 6810 6811 6805
f 6805 6811 6806
f 6812 6813 6810
f 6810 6813 6811
f 6814 6815 6796
f 6796 6815 6797
f 6813 6814 6816
f 6816 6814 6817
f 6816 6818 6813
f 6813 6818 6811
f 6819 6806 6818
f 6818 6806 6811
f 6802 6803 6819
f 6819 6803 6806
f 6757 6749 6820
f 6820 6749 6770
f 6820 6770 6821
f 6821 6770 6773
f 6821 6773 6822
f 6822 6773 6775
f 6822 6775 6823
f 6823 6775 6778
f 6824 6823 6777
f 6777 6823 6778
f 6784 6825 6777
f 6777 6825 6824
f 6826 6827 6788
f 6788 6827 6783
f 6828 6826 6790
f 6790 6826 6788
f 6829 6828 6797
f 6797 6828 6790
f 6815 6830 6797
f 6797 6830 6829
f 6832 6812 6831
f 6831 6812 6810
f 6831 6810 6809
f 6809 6810 6805
f 6736 6800 6735
f 6735 6800 6801
f 6733 6735 6802
f 6802 6735 6801
f 6734 6733 6819
f 6819 6733 6802
f 6833 6734 6818
f 6818 6734 6819
f 6834 6833 6816
f 6816 6833 6818
f 6816 6817 6834
f 6834 6817 6835
f 6837 6795 6836
f 6836 6795 6794
f 6836 6794 6731
f 6731 6794 6793
f 6732 6731 6791
f 6791 6731 6793
f 6791 6792 6732
f 6732 6792 6730
f 6729 6728 6781
f 6781 6728 6782
f 6838 6807 6756
f 6756 6807 6754
f 6839 6838 6760
f 6760 6838 6756
f 6840 6839 6762
f 6762 6839 6760
f 6841 6840 6764
f 6764 6840 6762
f 6820 6841 6757
f 6757 6841 6764
f 6841 6820 6842
f 6842 6820 6821
f 6840 6841 6843
f 6843 6841 6842
f 6839 6840 6844
f 6844 6840 6843
f 6838 6839 6845
f 6845 6839 6844
f 6807 6838 6808
f 6808 6838 6845
f 6842 6821 6846
f 6846 6821 6822
f 6843 6842 6847
f 6847 6842 6846
f 6844 6843 6848
f 6848 6843 6847
f 6845 6844 6849
f 6849 6844 6848
f 6808 6845 6809
f 6809 6845 6849
f 6850 6831 6849
f 6849 6831 6809
f 6851 6850 6848
f 6848 6850 6849
f 6847 6852 6848
f 6848 6852 6851
f 6853 6852 6846
f 6846 6852 6847
f 6846 6822 6853
f 6853 6822 6823
f 6853 6823 6854
f 6854 6823 6824
f 6854 6855 6853
f 6853 6855 6852
f 6856 6851 6855
f 6855 6851 6852
f 6856 6857 6851
f 6851 6857 6850
f 6857 6832 6850
f 6850 6832 6831
f 6825 6858 6824
f 6824 6858 6854
f 6860 6827 6859
f 6859 6827 6826
f 6859 6826 6861
f 6861 6826 6828
f 6862 6861 6829
f 6829 6861 6828
f 6830 6863 6829
f 6829 6863 6862
f 6863 6864 6862
f 6862 6864 6865
f 6858 6866 6854
f 6854 6866 6855
f 6867 6865 6866
f 6866 6865 6864
f 6869 6859 6868
f 6868 6859 6861
f 6867 6869 6865
f 6865 6869 6868
f 6861 6862 6868
f 6868 6862 6865
f 6867 6860 6869
f 6869 6860 6859
f 6753 6751 6698
f 6698 6751 6695
f 6697 6755 6698
f 6698 6755 6753
f 6759 6755 6702
f 6702 6755 6697
f 6761 6759 6708
f 6708 6759 6702
f 6763 6761 6712
f 6712 6761 6708
f 6758 6763 6717
f 6717 6763 6712
f 6750 6758 6716
f 6716 6758 6717
f 6719 6748 6716
f 6716 6748 6750
f 6714 6746 6719
f 6719 6746 6748
f 6705 6744 6714
f 6714 6744 6746
f 6704 6742 6705
f 6705 6742 6744
f 6740 6742 6693
f 6693 6742 6704
f 6737 6740 6692
f 6692 6740 6693
f 6751 6737 6695
f 6695 6737 6692
f 6601 6602 6836
f 6836 6602 6837
f 6604 6601 6731
f 6731 6601 6836
f 6599 6600 6834
f 6834 6600 6833
f 6834 6835 6599
f 6599 6835 6611
f 6600 6610 6833
f 6833 6610 6734
f 6780 6771 6870
f 6870 6771 6736
f 6736 6771 6800
f 6870 6729 6780
f 6780 6729 6781
f 6608 6729 6609
f 6609 6729 6870
f 6609 6870 6726
f 6726 6870 6736
f 5014 5015 5229
f 5229 5015 5230
f 4258 5015 4259
f 4259 5015 4878
f 3471 3013 4703
f 4703 3013 4704
f 2879 6337 1306
f 1306 6337 4785
f 829 3471 4316
f 4316 3471 4703
f 4702 3472 5223
f 5223 3472 1756
f 6871 6872 4534
f 4534 6872 4535
f 6871 4665 6872
f 6872 4665 4844
f 6871 6873 4665
f 4665 6873 4559
f 6871 4534 6873
f 6873 4534 4542
f 4153 4152 4822
f 4822 4152 4407
f 4152 4168 4407
f 4407 4168 4342
f 4343 4168 4923
f 4923 4168 4167
f 4363 4362 4972
f 4972 4362 4840
f 4362 4394 4840
f 4840 4394 4839
f 4401 4400 4986
f 4986 4400 4984
f 4435 4434 4841
f 4841 4434 4842
f 4506 4505 4530
f 4530 4505 4531
f 4506 4535 4507
f 4507 4535 4843
f 4661 4660 4516
f 4516 4660 4517
f 4673 4672 4937
f 4937 4672 6547
f 4400 4924 4984
f 4984 4924 5263
f 4673 4660 4674
f 4674 4660 4659
f 4505 4661 4531
f 4531 4661 4516
f 4952 4401 6874
f 6874 4401 4986
f 4954 4153 6875
f 6875 4153 4822
f 4363 4973 4364
f 4364 4973 4974
f 5264 4924 5267
f 5267 4924 4691
f 6293 6292 6876
f 6876 6292 6877
f 6380 4343 6387
f 6387 4343 4923
f 4394 4435 4839
f 4839 4435 4841
f 4672 4434 6547
f 6547 4434 4433
f 4973 6556 4974
f 4974 6556 6878
f 6567 6380 6574
f 6574 6380 6387
f 6292 4954 6877
f 6877 4954 6875
f 6567 5264 6568
f 6568 5264 5267
f 4145 4144 4154
f 4154 4144 4151
f 4194 4144 4425
f 4425 4144 4143
f 4355 4354 5263
f 5263 4354 4984
f 4360 4359 4364
f 4364 4359 4361
f 4444 4359 4392
f 4392 4359 4337
f 4447 4446 4432
f 4432 4446 4433
f 4464 4463 6547
f 6547 4463 4937
f 4519 4518 4654
f 4654 4518 4509
f 4533 4532 4499
f 4499 4532 4498
f 4533 4542 4530
f 4530 4542 4534
f 4519 4532 4516
f 4516 4532 4531
f 4922 4194 4426
f 4426 4194 4425
f 4463 4518 4937
f 4937 4518 4517
f 6555 4951 6874
f 6874 4951 6878
f 4958 4957 6290
f 6290 4957 6291
f 4334 4360 4712
f 4712 4360 4950
f 4985 4354 4419
f 4419 4354 4353
f 5262 4355 5265
f 5265 4355 5263
f 6294 4958 4804
f 4804 4958 6290
f 6386 4922 6384
f 6384 4922 4426
f 4444 4447 4393
f 4393 4447 4432
f 4464 4446 4465
f 4465 4446 4445
f 4985 6555 4986
f 4986 6555 6874
f 6573 6386 6571
f 6571 6386 6384
f 4145 6294 4146
f 4146 6294 4804
f 6573 5262 6574
f 6574 5262 5265
f 4542 4541 6873
f 6873 4541 4559
f 4535 6872 4843
f 4843 6872 4844
f 4104 4103 6879
f 6879 4103 6343
f 4105 6293 6307
f 6307 6293 6876
f 4104 4956 4105
f 4105 4956 6293
f 4956 4104 4957
f 4957 4104 6879
f 4957 6879 6291
f 6291 6879 6309
f 4648 4988 4649
f 4649 4988 4953
f 4802 4803 4928
f 4928 4803 6550
f 6550 4803 6555
f 6555 4803 4951
f 1516 3173 4987
f 4987 3173 5006
f 6519 6518 6558
f 6558 6518 6510
f 6527 6519 6559
f 6559 6519 6558
f 6528 6560 6529
f 6529 6560 6541
f 6548 4625 6549
f 6549 4625 4624
f 6551 6552 4746
f 4746 6552 6505
f 6553 4711 6554
f 6554 4711 4710
f 4802 6551 4713
f 4713 6551 4746
f 6556 4973 4649
f 4649 4973 4646
f 6557 4949 6548
f 6548 4949 4625
f 4648 4647 6553
f 6553 4647 4711
f 6549 4624 4987
f 4987 4624 4838
f 6552 6518 6505
f 6505 6518 6507
f 6561 4372 6529
f 6529 4372 6514
f 6562 4369 6561
f 6561 4369 4372
f 3142 3482 6562
f 6562 3482 4369
f 6556 4952 6878
f 6878 4952 6874
f 4951 4950 6878
f 6878 4950 4974
f 3168 440 3952
f 4204 4203 5341
f 5341 4203 6364
f 4219 4222 6429
f 6429 4222 4383
f 4319 4322 6506
f 6506 4322 4747
f 4340 4714 4341
f 4341 4714 4384
f 4375 4377 6388
f 6388 4377 6546
f 4378 4381 6311
f 6311 4381 4720
f 4449 4341 4387
f 4387 4341 4384
f 4473 4472 4477
f 4477 4472 4474
f 4492 4491 4487
f 4487 4491 4488
f 4523 4491 4522
f 4522 4491 4490
f 4492 4538 4493
f 4493 4538 4555
f 4538 4553 4555
f 4555 4553 4556
f 4620 4615 4621
f 4621 4615 4618
f 4652 4651 4368
f 4368 4651 4365
f 4523 4655 4524
f 4524 4655 4656
f 4553 4667 4556
f 4556 4667 4571
f 4651 1210 4365
f 4365 1210 1209
f 4698 4697 5223
f 5223 4697 6344
f 4340 4339 4322
f 4322 4339 4747
f 4726 4729 5287
f 5287 4729 4198
f 4381 4380 4737
f 4737 4380 6368
f 4836 4835 4451
f 4451 4835 4709
f 4910 6367 4911
f 4911 6367 6366
f 4912 4915 6450
f 6450 4915 6449
f 4927 4836 4450
f 4450 4836 4451
f 4930 4929 4439
f 4439 4929 4436
f 4936 4935 4459
f 4459 4935 4456
f 4473 4655 4470
f 4470 4655 4510
f 4942 4583 4943
f 4943 4583 4572
f 4948 4601 4947
f 4947 4601 4584
f 4949 4835 4625
f 4625 4835 4626
f 4966 4969 6289
f 6289 4969 4695
f 4971 4652 4926
f 4926 4652 4368
f 4203 4977 6364
f 6364 4977 6365
f 4990 4989 4443
f 4443 4989 4440
f 4990 4991 4478
f 4478 4991 4512
f 4992 4991 4528
f 4528 4991 4515
f 4992 4993 4527
f 4527 4993 4485
f 4994 4993 4502
f 4502 4993 4503
f 4994 4995 4482
f 4482 4995 4550
f 4543 4996 4544
f 4544 4996 4995
f 4999 4998 4567
f 4567 4998 4578
f 5000 4998 4575
f 4575 4998 4997
f 5002 5001 4592
f 4592 5001 4574
f 5003 5004 4614
f 4614 5004 4611
f 3483 4215 1755
f 1755 4215 4698
f 5274 5277 4195
f 4195 5277 4223
f 4726 5295 4727
f 4727 5295 6350
f 5309 5342 5310
f 5310 5342 6363
f 5315 5314 5316
f 5316 5314 5317
f 5339 6362 5340
f 5340 6362 5363
f 5310 6363 5339
f 5339 6363 6362
f 4204 5309 4201
f 4201 5309 5308
f 4915 5345 6449
f 6449 5345 6448
f 5345 5315 6448
f 6448 5315 5316
f 5348 5347 6351
f 6351 5347 6352
f 5365 4263 5340
f 5340 4263 4262
f 6295 6298 4733
f 4733 6298 4734
f 4969 6306 4695
f 4695 6306 4696
f 6306 4378 4696
f 4696 4378 6311
f 6369 6372 6544
f 6544 6372 6545
f 4375 6390 4373
f 4373 6390 4374
f 6421 6422 4911
f 4911 6422 4908
f 4910 4909 4737
f 4737 4909 4736
f 5277 4219 4223
f 4223 4219 6429
f 4697 4222 6344
f 6344 4222 4221
f 6436 6361 6437
f 6437 6361 6360
f 6438 6440 6437
f 6437 6440 6434
f 6438 6359 6441
f 6441 6359 6358
f 6442 6441 6357
f 6357 6441 6358
f 6442 6444 6443
f 6443 6444 6445
f 6446 6444 6355
f 6355 6444 6356
f 6446 4912 6447
f 6447 4912 6450
f 6436 6435 5365
f 5365 6435 4263
f 5314 5347 5317
f 5317 5347 5346
f 4319 6512 4320
f 4320 6512 6513
f 6520 6512 6521
f 6521 6512 6508
f 6528 6520 6527
f 6527 6520 6521
f 6532 6539 6533
f 6533 6539 6535
f 6533 6535 6537
f 6537 6535 6534
f 6538 6543 6537
f 6537 6543 6536
f 6295 4377 6296
f 6296 4377 4376
f 4989 4930 4440
f 4440 4930 4439
f 4927 4929 4422
f 4422 4929 4455
f 4449 4936 4388
f 4388 4936 4459
f 4472 4935 4474
f 4474 4935 4932
f 4942 4940 4947
f 4947 4940 4939
f 5001 5000 4574
f 4574 5000 4575
f 4669 4943 4666
f 4666 4943 4667
f 4996 4999 4547
f 4547 4999 4567
f 4948 4946 4620
f 4620 4946 4615
f 5003 5002 4591
f 4591 5002 4592
f 6557 4971 6554
f 6554 4971 4926
f 6532 6560 6539
f 6539 6560 6559
f 6390 6372 4374
f 4374 6372 6371
f 4966 6298 4967
f 4967 6298 6297
f 6538 6526 6369
f 6369 6526 6370
f 6585 6589 4621
f 4621 6589 4619
f 6597 6578 6598
f 6598 6578 6577
f 6606 6583 6607
f 6607 6583 6603
f 6611 6602 6598
f 6598 6602 6596
f 6585 6584 6606
f 6606 6584 6583
f 6597 6580 5004
f 5004 6580 4611
f 6607 6603 6730
f 6730 6603 6732
f 6776 6785 6777
f 6777 6785 6784
f 6785 6776 6792
f 6792 6776 6782
f 6815 6814 6812
f 6812 6814 6813
f 6817 6814 6795
f 6795 6814 6796
f 6825 6784 6827
f 6827 6784 6783
f 6830 6815 6832
f 6832 6815 6812
f 6817 6795 6835
f 6835 6795 6837
f 6792 6782 6730
f 6730 6782 6728
f 6858 6825 6860
f 6860 6825 6827
f 6863 6830 6857
f 6857 6830 6832
f 6864 6863 6856
f 6856 6863 6857
f 6866 6858 6867
f 6867 6858 6860
f 6866 6864 6855
f 6855 6864 6856
f 6835 6837 6611
f 6611 6837 6602
f 6560 6528 6559
f 6559 6528 6527
f 4949 6557 4710
f 4710 6557 6554
f 4430 4090 4175
f 4175 4090 4089
f 4777 4113 4155
f 4155 4113 4086
f 4175 4089 4176
f 4176 4089 4142
f 4199 4271 4200
f 4200 4271 4798
f 4199 4095 4272
f 4272 4095 5273
f 4406 4405 4404
f 4404 4405 4346
f 4410 4409 6877
f 6877 4409 6876
f 4409 4413 6876
f 6876 4413 6307
f 4415 4148 4416
f 4416 4148 4147
f 4690 4405 4344
f 4344 4405 4342
f 4693 4692 4352
f 4352 4692 4349
f 4701 4700 6337
f 6337 4700 6338
f 4778 4777 4081
f 4081 4777 4155
f 4821 4406 4809
f 4809 4406 4404
f 4176 4142 4181
f 4181 4142 4415
f 4760 4970 4399
f 4399 4970 4692
f 4200 5007 4096
f 4096 5007 4078
f 5266 4693 5269
f 5269 4693 4352
f 5270 5007 5361
f 5361 5007 4797
f 4778 5270 4779
f 4779 5270 5361
f 6285 4410 6875
f 6875 4410 6877
f 6308 4413 4687
f 4687 4413 4412
f 6480 6320 6481
f 6481 6320 6880
f 4701 2878 4702
f 4702 2878 3472
f 6339 6347 6340
f 6340 6347 6348
f 6341 6342 6346
f 6346 6342 6345
f 4416 6308 4414
f 4414 6308 4687
f 6385 4690 6381
f 6381 4690 4344
f 5282 6341 5280
f 5280 6341 6339
f 4700 6342 6338
f 6338 6342 5281
f 6340 6348 4272
f 4272 6348 4270
f 6480 6479 4828
f 4828 6479 4829
f 6490 6479 6489
f 6489 6479 6478
f 4090 4430 6490
f 6490 4430 4429
f 6563 6564 4970
f 4970 6564 4815
f 4694 6566 4366
f 4366 6566 6563
f 6572 6385 6568
f 6568 6385 6381
f 4821 6285 4822
f 4822 6285 6875
f 6572 5266 6569
f 6569 5266 5269
f 3482 3103 4369
f 4369 3103 4370
f 3121 4730 3485
f 3485 4730 4327
f 6277 6280 6273
f 6273 6280 6272
f 6267 6276 6278
f 6278 6276 6279
f 6278 6279 6277
f 6277 6279 6280
f 6279 6256 6280
f 6280 6256 6255
f 6256 3857 6255
f 6255 3857 3754
f 3857 3856 3754
f 3754 3856 3755
f 3856 3703 3755
f 3755 3703 3863
f 3703 3702 3863
f 3863 3702 3759
f 3702 3706 3759
f 3759 3706 3670
f 3706 3705 3670
f 3670 3705 3668
f 3705 3773 3668
f 3668 3773 3882
f 3882 3773 3883
f 3883 3773 3707
f 3707 3708 3883
f 3883 3708 3880
f 3708 3710 3880
f 3880 3710 3881
f 3709 5241 3710
f 3710 5241 3881
f 5241 3709 5234
f 5234 3709 3786
f 3693 3712 3786
f 3786 3712 5234
f 4051 4055 4052
f 4052 4055 4056
f 4056 4055 4057
f 4057 4055 4054
f 4066 5238 5236
f 5236 5238 3989
f 4066 4069 5238
f 5238 4069 4035
f 6881 3962 3960
f 3960 3962 3957
f 6883 4070 6882
f 6882 4070 3941
f 4070 6883 4071
f 4071 6883 6884
f 4071 6884 4072
f 4072 6884 6885
f 6885 6886 4072
f 4072 6886 4031
f 3955 6881 3956
f 3956 6881 3960
f 6884 3991 6885
f 6885 3991 3990
f 6883 6887 6884
f 6884 6887 3991
f 6887 6888 3991
f 3991 6888 3992
f 6888 6887 6889
f 6889 6887 6890
f 6887 6883 6890
f 6890 6883 6882
f 4058 5240 3953
f 3953 5240 3954
f 5236 6888 5239
f 5239 6888 6889
f 5237 6886 3990
f 3990 6886 6885
f 4034 4031 5237
f 5237 4031 6886
f 6881 6882 3962
f 3962 6882 3941
f 6881 3955 6882
f 6882 3955 6890
f 3955 3954 6890
f 6890 3954 6889
f 5239 6889 5240
f 5240 6889 3954
f 6888 5236 3992
f 3992 5236 3989
f 3869 3868 3888
f 3888 3868 4015
f 3868 4012 4015
f 4015 4012 4010
f 4012 4022 4010
f 4010 4022 4009
f 4022 4021 4009
f 4009 4021 4018
f 4020 3974 4001
f 4001 3974 3996
f 4021 4020 4029
f 4029 4020 4001
f 4085 4156 4086
f 4086 4156 4155
f 4113 4777 4114
f 4114 4777 4776
f 4130 4129 4094
f 4094 4129 4091
f 4139 4773 4140
f 4140 4773 4772
f 4149 4178 4150
f 4150 4178 5225
f 4160 4159 4087
f 4087 4159 4088
f 4149 4148 4179
f 4179 4148 4141
f 4085 4084 4183
f 4183 4084 6315
f 4179 4141 4159
f 4159 4141 4088
f 4192 4130 4162
f 4162 4130 4094
f 4197 5288 4198
f 4198 5288 5287
f 4229 4766 4230
f 4230 4766 4771
f 4245 4246 4242
f 4242 4246 4249
f 4183 6315 4418
f 4418 6315 6314
f 4679 4178 4680
f 4680 4178 4177
f 4724 4798 4725
f 4725 4798 4271
f 4728 5275 4729
f 4729 5275 5274
f 4230 4771 4249
f 4249 4771 4242
f 4724 4723 4799
f 4799 4723 5355
f 4823 4824 4891
f 4891 4824 6327
f 4823 4192 4161
f 4161 4192 4162
f 4893 4767 4229
f 4229 4767 4766
f 4894 4895 4898
f 4898 4895 4899
f 4106 4150 4103
f 4103 4150 5225
f 4680 4894 4677
f 4677 4894 4898
f 6420 4977 5301
f 5301 4977 4976
f 4679 4678 5226
f 5226 4678 4427
f 5228 5008 4893
f 4893 5008 4767
f 5285 6354 5286
f 5286 6354 5343
f 5289 5352 5290
f 5290 5352 5349
f 5290 5349 5295
f 5295 5349 5348
f 5302 5299 4202
f 4202 5299 4976
f 4725 4271 5311
f 5311 4271 4270
f 5325 4723 5326
f 5326 4723 4722
f 5335 5355 5325
f 5325 5355 4723
f 5326 4722 5286
f 5286 4722 5283
f 4799 5357 4797
f 4797 5357 5361
f 5359 5356 5335
f 5335 5356 5355
f 4775 4774 5356
f 5356 4774 5357
f 5359 5358 4092
f 4092 5358 4093
f 6316 4740 6317
f 6317 4740 4739
f 6318 4827 6316
f 6316 4827 4740
f 6319 4828 6318
f 6318 4828 4827
f 6320 6480 6319
f 6319 6480 4828
f 6484 6322 6485
f 6485 6322 6321
f 6487 6324 6331
f 6331 6324 6323
f 6331 6323 6330
f 6330 6323 6325
f 6325 6326 6330
f 6330 6326 6329
f 6326 6328 6329
f 6329 6328 5231
f 4824 4685 5228
f 5228 4685 5008
f 5226 6343 5225
f 5225 6343 4103
f 4728 4727 6349
f 6349 4727 5284
f 6350 6351 5285
f 5285 6351 6354
f 4247 4246 6418
f 6418 4246 6365
f 6400 6402 6401
f 6401 6402 6459
f 4197 4196 6409
f 6409 4196 6426
f 6412 4897 6328
f 6328 4897 5231
f 6413 4133 6412
f 6412 4133 4897
f 6414 4134 6413
f 6413 4134 4133
f 6415 4225 6414
f 6414 4225 4134
f 6416 4252 6415
f 6415 4252 4225
f 6417 4253 6416
f 6416 4253 4252
f 4253 6417 6366
f 6366 6417 6419
f 6366 6419 4911
f 4911 6419 6421
f 6422 6423 4908
f 4908 6423 5298
f 5298 6423 6396
f 6396 6423 6424
f 6409 6426 6425
f 6425 6426 6397
f 5300 5299 6399
f 6399 5299 6400
f 6465 6408 6401
f 6401 6408 6398
f 6424 6399 6425
f 6425 6399 6398
f 6349 5284 5311
f 5311 5284 5283
f 6465 6464 5289
f 5289 6464 5352
f 6488 6483 6492
f 6492 6483 6482
f 6486 6491 6482
f 6482 6491 6492
f 6491 4895 6492
f 6492 4895 4157
f 6488 4160 6489
f 6489 4160 4087
f 6501 6502 4418
f 4418 6502 4417
f 6504 6500 6317
f 6317 6500 6314
f 3497 3496 6501
f 6501 3496 6502
f 3499 3498 6504
f 6504 3498 6500
f 4729 5274 4198
f 4198 5274 4195
f 6418 6365 6420
f 6420 6365 4977
f 5295 5348 6350
f 6350 5348 6351
f 5301 6422 6420
f 6420 6422 6421
f 4113 4112 4086
f 4086 4112 4083
f 6320 4112 6880
f 6880 4112 4111
f 4091 4772 4092
f 4092 4772 4775
f 4129 4140 4091
f 4091 4140 4772
f 4137 4140 4128
f 4128 4140 4129
f 4128 6324 4137
f 4137 6324 6321
f 6324 6487 6321
f 6321 6487 6485
f 6487 6486 6485
f 6485 6486 6482
f 4774 4773 4779
f 4779 4773 4776
f 4773 4139 4776
f 4776 4139 4114
f 4139 4138 4114
f 4114 4138 4111
f 4138 6322 4111
f 4111 6322 6880
f 6322 6484 6880
f 6880 6484 6481
f 6484 6483 6481
f 6481 6483 6478
f 6879 6343 6309
f 6309 6343 4428
f 4106 4105 4900
f 4900 4105 6307
f 3500 3167 6495
f 6495 3167 6496
f 3500 6495 3070
f 3070 6495 5368
f 3502 5235 3501
f 3501 5235 4813
f 3024 3503 6473
f 6473 3503 6474
f 3503 3023 6474
f 6474 3023 6374
f 3504 1770 4348
f 4348 1770 4345
f 3502 3505 5235
f 5235 3505 4810
f 3498 3497 6500
f 6500 3497 6501
f 3496 3075 6502
f 6502 3075 6275
f 6299 4254 3174
f 3174 4254 3017
f 1769 3501 4814
f 4814 3501 4813
f 3506 3018 6476
f 6476 3018 4257
f 3507 3499 6499
f 6499 3499 6504
f 3030 4216 3483
f 3483 4216 4215
f 3077 3507 6333
f 6333 3507 6499
f 1784 3160 5249
f 5249 3160 6523
f 3015 3506 4240
f 4240 3506 6476
f 3508 3504 6383
f 6383 3504 4348
f 3509 3016 6477
f 6477 3016 4239
f 3028 3509 6467
f 6467 3509 6477
f 3022 1785 5246
f 5246 1785 5247
f 3161 3508 6570
f 6570 3508 6383
f 3150 3149 4694
f 4694 3149 6566
f 1327 4807 3510
f 3510 4807 4811
f 3510 4811 3505
f 3505 4811 4810
f 3146 3511 4816
f 4816 3511 4350
f 3511 1808 4350
f 4350 1808 4351
f 3485 4327 3159
f 3159 4327 4330
f 1326 3512 4806
f 4806 3512 6310
f 3512 1331 6310
f 6310 1331 4688
